date,evidence_id,source_id,verdict,decision,reason,note,reviewer
2026-06-18,ev_slope_batcheler24_1,batcheler_silvopasture_2024,unsupported,drop,off_scope,"study-site characteristics table, not a suitability claim",peetmate
2026-06-18,ev_annual_precipitation_batcheler24_1,batcheler_silvopasture_2024,unsupported,drop,off_scope,"study-site characteristics table, not a suitability claim",peetmate
2026-06-18,ev_mean_annual_temperature_batcheler24_1,batcheler_silvopasture_2024,unsupported,drop,off_scope,"study-site characteristics table, not a suitability claim",peetmate
2026-06-18,ev_land_cover_batcheler24_1,batcheler_silvopasture_2024,mismatch,drop,off_scope,the quote describes experimental sites in the methods and is irrelevant to suitability analysis,peetmate
2026-06-18,ev_tenure_security_fesenmyer25_1,fesenmyer_2025,mismatch,ok,accepted_correction,"this is correct. The quote is purely directional, the areas are global estimates and cannot be used to create an quantitative thresholds,",peetmate
2026-06-18,ev_accessibility_travel_time_fesenmyer25_1,fesenmyer_2025,mismatch,drop,other,"reforestation not agroforestry, no evidence this paper should be mapped to agroforestry.",peetmate
2026-06-18,ev_tree_canopy_cover_sprenkle24_5,sprenkle_hyppolite_2024,mismatch,drop,off_scope,Section is about CO2 removal and not agroforestry sutiability.,peetmate
2026-06-18,ev_tree_canopy_cover_zomer14_2,zomer_2014,mismatch,drop,off_scope,Section is just describing biomass distribution and tree cover this is nothing to do with suitability.,peetmate
2026-06-18,ev_tree_canopy_cover_zomer14_3,zomer_2014,mismatch,drop,off_scope,Section is just describing biomass distribution and tree cover this is nothing to do with suitability.,peetmate
2026-06-18,ev_accessibility_travel_time_fesenmyer25_1,fesenmyer_2025,,drop,other,"reforestation not agroforestry, no evidence this paper should be mapped to agroforestry.",peetmate
2026-06-18,ev_tree_canopy_cover_sprenkle24_5,sprenkle_hyppolite_2024,,drop,off_scope,Section is about CO2 removal and not agroforestry sutiability.,peetmate
2026-06-18,ev_soil_organic_carbon_fsrp22_1,wb_fsrp_2022,,drop,off_scope,this is a generic problem statement not tied to agroforestry at all.,peetmate
2026-06-18,ev_tree_canopy_cover_zomer14_2,zomer_2014,,drop,off_scope,Section is just describing biomass distribution and tree cover this is nothing to do with suitability.,peetmate
2026-06-18,ev_tree_canopy_cover_zomer14_3,zomer_2014,,drop,off_scope,Section is just describing biomass distribution and tree cover this is nothing to do with suitability.,peetmate
2026-06-18,ev_T4_precip_unger2023_1,unger_2023,,drop,off_scope,this is about a study area not suitability!,peetmate
2026-06-18,ev_tree_canopy_cover_batcheler24_1,batcheler_silvopasture_2024,scope,drop,off_scope,,peetmate
2026-06-18,ev_tenure_security_castle21_2,castle_sr_2021,scope,drop,off_scope,,peetmate
2026-06-18,ev_tenure_security_castle21_3,castle_sr_2021,scope,drop,off_scope,,peetmate
2026-06-18,ev_extension_governance_castle21_1,castle_sr_2021,scope,drop,off_scope,,peetmate
2026-06-18,ev_accessibility_travel_time_fesenmyer25_1,fesenmyer_2025,,drop,other,"reforestation not agroforestry, no evidence this paper should be mapped to agroforestry.",peetmate
2026-06-18,ev_tree_canopy_cover_sprenkle24_5,sprenkle_hyppolite_2024,,drop,off_scope,Section is about CO2 removal and not agroforestry sutiability.,peetmate
2026-06-18,ev_soil_organic_carbon_fsrp22_1,wb_fsrp_2022,,drop,off_scope,this is a generic problem statement not tied to agroforestry at all.,peetmate
2026-06-18,ev_tree_canopy_cover_zomer14_2,zomer_2014,,drop,off_scope,Section is just describing biomass distribution and tree cover this is nothing to do with suitability.,peetmate
2026-06-18,ev_tree_canopy_cover_zomer14_3,zomer_2014,,drop,off_scope,Section is just describing biomass distribution and tree cover this is nothing to do with suitability.,peetmate
2026-06-18,ev_T4_precip_unger2023_1,unger_2023,,drop,off_scope,this is about a study area not suitability!,peetmate
2026-06-18,ev_tree_canopy_cover_batcheler24_1,batcheler_silvopasture_2024,,drop,off_scope,,peetmate
2026-06-18,ev_tenure_security_castle21_2,castle_sr_2021,,drop,off_scope,,peetmate
2026-06-18,ev_tenure_security_castle21_3,castle_sr_2021,,drop,off_scope,,peetmate
2026-06-18,ev_extension_governance_castle21_1,castle_sr_2021,,drop,off_scope,,peetmate
2026-06-18,ev_slope_fesenmyer25_1,fesenmyer_2025,scope,drop,other,wrong practice not agroforestry,peetmate
2026-06-18,ev_tree_canopy_cover_fesenmyer25_1,fesenmyer_2025,scope,drop,off_scope,,peetmate
2026-06-18,ev_accessibility_travel_time_fesenmyer25_1,fesenmyer_2025,,drop,other,"reforestation not agroforestry, no evidence this paper should be mapped to agroforestry.",peetmate
2026-06-18,ev_tree_canopy_cover_sprenkle24_5,sprenkle_hyppolite_2024,,drop,off_scope,Section is about CO2 removal and not agroforestry sutiability.,peetmate
2026-06-18,ev_soil_ph_fsrp22_1,wb_fsrp_2022,scope,drop,off_scope,,peetmate
2026-06-18,ev_soil_organic_carbon_fsrp22_1,wb_fsrp_2022,,drop,off_scope,this is a generic problem statement not tied to agroforestry at all.,peetmate
2026-06-18,ev_tenure_security_fsrp22_1,wb_fsrp_2022,scope,drop,off_scope,,peetmate
2026-06-18,ev_conflict_fragility_index_fsrp22_1,wb_fsrp_2022,scope,drop,off_scope,,peetmate
2026-06-18,ev_extension_governance_fsrp22_1,wb_fsrp_2022,scope,drop,off_scope,,peetmate
2026-06-18,ev_tenure_security_kcsap16_1,wb_kcsap_2016,scope,drop,off_scope,,peetmate
2026-06-18,ev_tree_canopy_cover_zomer14_2,zomer_2014,,drop,off_scope,Section is just describing biomass distribution and tree cover this is nothing to do with suitability.,peetmate
2026-06-18,ev_tree_canopy_cover_zomer14_3,zomer_2014,,drop,off_scope,Section is just describing biomass distribution and tree cover this is nothing to do with suitability.,peetmate
2026-06-18,ev_T4_precip_unger2023_1,unger_2023,,drop,off_scope,this is about a study area not suitability!,peetmate
2026-06-18,ev_tree_canopy_cover_batcheler24_1,batcheler_silvopasture_2024,,drop,off_scope,,peetmate
2026-06-18,ev_tenure_security_castle21_2,castle_sr_2021,,drop,off_scope,,peetmate
2026-06-18,ev_tenure_security_castle21_3,castle_sr_2021,,drop,off_scope,,peetmate
2026-06-18,ev_extension_governance_castle21_1,castle_sr_2021,,drop,off_scope,,peetmate
2026-06-18,ev_slope_fesenmyer25_1,fesenmyer_2025,,drop,other,wrong practice not agroforestry,peetmate
2026-06-18,ev_tree_canopy_cover_fesenmyer25_1,fesenmyer_2025,,drop,off_scope,,peetmate
2026-06-18,ev_accessibility_travel_time_fesenmyer25_1,fesenmyer_2025,,drop,other,"reforestation not agroforestry, no evidence this paper should be mapped to agroforestry.",peetmate
2026-06-18,ev_tree_canopy_cover_sprenkle24_5,sprenkle_hyppolite_2024,,drop,off_scope,Section is about CO2 removal and not agroforestry sutiability.,peetmate
2026-06-18,ev_soil_ph_fsrp22_1,wb_fsrp_2022,,drop,off_scope,,peetmate
2026-06-18,ev_soil_organic_carbon_fsrp22_1,wb_fsrp_2022,,drop,off_scope,this is a generic problem statement not tied to agroforestry at all.,peetmate
2026-06-18,ev_tenure_security_fsrp22_1,wb_fsrp_2022,,drop,off_scope,,peetmate
2026-06-18,ev_conflict_fragility_index_fsrp22_1,wb_fsrp_2022,,drop,off_scope,,peetmate
2026-06-18,ev_extension_governance_fsrp22_1,wb_fsrp_2022,,drop,off_scope,,peetmate
2026-06-18,ev_tenure_security_kcsap16_1,wb_kcsap_2016,,drop,off_scope,,peetmate
2026-06-18,ev_aridity_index_kcsap16_1,wb_kcsap_2016,scope,drop,off_scope,,peetmate
2026-06-18,ev_land_cover_kcsap16_1,wb_kcsap_2016,scope,drop,off_scope,,peetmate
2026-06-18,ev_extension_governance_kcsap16_1,wb_kcsap_2016,scope,drop,off_scope,,peetmate
2026-06-18,ev_finance_credit_access_kcsap16_1,wb_kcsap_2016,scope,drop,off_scope,,peetmate
2026-06-18,ev_market_value_chain_kcsap16_1,wb_kcsap_2016,scope,drop,off_scope,,peetmate
2026-06-18,ev_tree_canopy_cover_zomer14_2,zomer_2014,,drop,off_scope,Section is just describing biomass distribution and tree cover this is nothing to do with suitability.,peetmate
2026-06-18,ev_tree_canopy_cover_zomer14_3,zomer_2014,,drop,off_scope,Section is just describing biomass distribution and tree cover this is nothing to do with suitability.,peetmate
2026-06-18,ev_land_cover_zomer14_2,zomer_2014,scope,drop,off_scope,,peetmate
2026-06-18,ev_T4_soilph_ahmad2018_1,ahmad_2018,scope,drop,,,peetmate
2026-06-18,ev_t4_lc_brandt2015_1,brandt_2015,scope,drop,off_scope,,peetmate
2026-06-18,ev_t4_prec_brandt2015_1,brandt_2015,scope,drop,off_scope,,peetmate
2026-06-18,ev_t4_att_brandt2015_1,brandt_2015,scope,drop,off_scope,,peetmate
2026-06-18,ev_t4_ai_brandt2015_1,brandt_2015,scope,drop,off_scope,,peetmate
2026-06-18,ev_t4_soil_ph_castle2025_1,castle_2025,scope,drop,off_scope,,peetmate
2026-06-18,ev_t4_ann_precip_castle2025_1,castle_2025,scope,drop,off_scope,,peetmate
2026-06-18,ev_t4_finance_castle2025_1,castle_2025,scope,drop,off_scope,,peetmate
2026-06-18,ev_T4_precip_unger2023_1,unger_2023,,drop,off_scope,this is about a study area not suitability!,peetmate
2026-06-22,ev_tree_canopy_cover_batcheler24_1,batcheler_silvopasture_2024,,drop,off_scope,,peetmate
2026-06-22,ev_tenure_security_castle21_2,castle_sr_2021,,drop,off_scope,,peetmate
2026-06-22,ev_tenure_security_castle21_3,castle_sr_2021,,drop,off_scope,,peetmate
2026-06-22,ev_labour_availability_castle21_1,castle_sr_2021,,drop,other,"This reads like discussion or speculation, ""may still deter"", yes it makes sense and is logical, but is there quantitative or qualitative evidence that was used here? I cannot confidently say yes, so dropping it.",peetmate
2026-06-22,ev_extension_governance_castle21_1,castle_sr_2021,,drop,off_scope,,peetmate
2026-06-22,ev_slope_fesenmyer25_1,fesenmyer_2025,,drop,other,wrong practice not agroforestry,peetmate
2026-06-22,ev_tree_canopy_cover_fesenmyer25_1,fesenmyer_2025,,drop,off_scope,,peetmate
2026-06-22,ev_tenure_security_fesenmyer25_1,fesenmyer_2025,,ok,other,"Agree it is directional claim, but is this for project risk in T3 or for T4 structural suitability?",peetmate
2026-06-22,ev_accessibility_travel_time_fesenmyer25_1,fesenmyer_2025,,drop,other,"reforestation not agroforestry, no evidence this paper should be mapped to agroforestry.",peetmate
2026-06-22,ev_tree_canopy_cover_sprenkle24_5,sprenkle_hyppolite_2024,,drop,off_scope,Section is about CO2 removal and not agroforestry sutiability.,peetmate
2026-06-22,ev_soil_ph_fsrp22_1,wb_fsrp_2022,,drop,off_scope,,peetmate
2026-06-22,ev_soil_organic_carbon_fsrp22_1,wb_fsrp_2022,,drop,off_scope,this is a generic problem statement not tied to agroforestry at all.,peetmate
2026-06-22,ev_tenure_security_fsrp22_1,wb_fsrp_2022,,drop,off_scope,,peetmate
2026-06-22,ev_conflict_fragility_index_fsrp22_1,wb_fsrp_2022,,drop,off_scope,,peetmate
2026-06-22,ev_extension_governance_fsrp22_1,wb_fsrp_2022,,drop,off_scope,,peetmate
2026-06-22,ev_tenure_security_kcsap16_1,wb_kcsap_2016,,drop,off_scope,,peetmate
2026-06-22,ev_aridity_index_kcsap16_1,wb_kcsap_2016,,drop,off_scope,,peetmate
2026-06-22,ev_land_cover_kcsap16_1,wb_kcsap_2016,,drop,off_scope,,peetmate
2026-06-22,ev_extension_governance_kcsap16_1,wb_kcsap_2016,,drop,off_scope,,peetmate
2026-06-22,ev_finance_credit_access_kcsap16_1,wb_kcsap_2016,,drop,off_scope,,peetmate
2026-06-22,ev_market_value_chain_kcsap16_1,wb_kcsap_2016,,drop,off_scope,,peetmate
2026-06-22,ev_tree_canopy_cover_zomer14_2,zomer_2014,,drop,off_scope,Section is just describing biomass distribution and tree cover this is nothing to do with suitability.,peetmate
2026-06-22,ev_tree_canopy_cover_zomer14_3,zomer_2014,,drop,off_scope,Section is just describing biomass distribution and tree cover this is nothing to do with suitability.,peetmate
2026-06-22,ev_land_cover_zomer14_2,zomer_2014,,drop,off_scope,,peetmate
2026-06-22,ev_T4_soilph_ahmad2018_1,ahmad_2018,,drop,,,peetmate
2026-06-22,ev_t4_tcc_brandt2015_1,brandt_2015,,ok,confirmed_pass,,peetmate
2026-06-22,ev_t4_lc_brandt2015_1,brandt_2015,,drop,off_scope,,peetmate
2026-06-22,ev_t4_prec_brandt2015_1,brandt_2015,,drop,off_scope,,peetmate
2026-06-22,ev_t4_soc_brandt2015_1,brandt_2015,,drop,wrong_practice,"This talks about CSA, which contains Agroforestry, but is an umbrella for many of practices too, there  is no direct link here to Planted silvoarable in this table it is too generic.",peetmate
2026-06-22,ev_t4_att_brandt2015_1,brandt_2015,,drop,off_scope,,peetmate
2026-06-22,ev_t4_ai_brandt2015_1,brandt_2015,,drop,off_scope,,peetmate
2026-06-22,ev_t4_soil_ph_castle2025_1,castle_2025,,drop,off_scope,,peetmate
2026-06-22,ev_t4_ann_precip_castle2025_1,castle_2025,,drop,off_scope,,peetmate
2026-06-22,ev_t4_finance_castle2025_1,castle_2025,,drop,off_scope,,peetmate
2026-06-22,ev_T4_slope_chuma21_1,chuma_2021,,ok,,,"Namita-J,peetmate"
2026-06-22,ev_T4_slope_haris2021_1,haris_2021,,drop,species_envelope,Sengon is a agroforestry species/,peetmate
2026-06-22,ev_T4_annualprecip_haris2021_1,haris_2021,,ok,other,"I think this can be used as a vote count for annual precipitatoin, but the Sengon land units are not a useful variable for VONT and there is useable evidence for classification of a sutiablity variable here,",peetmate
2026-06-22,ev_t4_market_palma2007_01,palma_2007,,ok,other,"This is an interesting finding, perhaps relevant to the next steps module of the toolkit, but the variable itself might need some more scrutiny. Market_value_chain does suggest there is  some way of selling timber from agroforestry so that is a start",peetmate
2026-06-22,ev_t4_finance_palma2007_01,palma_2007,,drop,other,"this is neither used in suitability analysis nor measured in any quantitative or qualitative way, it is a reflection and assumption that relates to something they think could be important but they do not know at present. Therefore we should reject this as the evidence is not strong enough, used or first (or even second) hand.",peetmate
2026-06-22,ev_T4_precip_unger2023_1,unger_2023,,drop,off_scope,this is about a study area not suitability!,peetmate
2026-06-22,ev_T4_landcover_wotlolan2021_1,wotlolan_2021,,ok,confirmed_pass,,peetmate
2026-06-22,ev_tree_canopy_cover_batcheler24_1,batcheler_silvopasture_2024,,drop,off_scope,,peetmate
2026-06-22,ev_tenure_security_castle21_2,castle_sr_2021,,drop,off_scope,,peetmate
2026-06-22,ev_tenure_security_castle21_3,castle_sr_2021,,drop,off_scope,,peetmate
2026-06-22,ev_labour_availability_castle21_1,castle_sr_2021,,drop,other,"This reads like discussion or speculation, ""may still deter"", yes it makes sense and is logical, but is there quantitative or qualitative evidence that was used here? I cannot confidently say yes, so dropping it.",peetmate
2026-06-22,ev_extension_governance_castle21_1,castle_sr_2021,,drop,off_scope,,peetmate
2026-06-22,ev_slope_fesenmyer25_1,fesenmyer_2025,,drop,other,wrong practice not agroforestry,peetmate
2026-06-22,ev_tree_canopy_cover_fesenmyer25_1,fesenmyer_2025,,drop,off_scope,,peetmate
2026-06-22,ev_tenure_security_fesenmyer25_1,fesenmyer_2025,,ok,other,"Agree it is directional claim, but is this for project risk in T3 or for T4 structural suitability?",peetmate
2026-06-22,ev_accessibility_travel_time_fesenmyer25_1,fesenmyer_2025,,drop,other,"reforestation not agroforestry, no evidence this paper should be mapped to agroforestry.",peetmate
2026-06-22,ev_tree_canopy_cover_sprenkle24_5,sprenkle_hyppolite_2024,,drop,off_scope,Section is about CO2 removal and not agroforestry sutiability.,peetmate
2026-06-22,ev_soil_ph_fsrp22_1,wb_fsrp_2022,,drop,off_scope,,peetmate
2026-06-22,ev_soil_organic_carbon_fsrp22_1,wb_fsrp_2022,,drop,off_scope,this is a generic problem statement not tied to agroforestry at all.,peetmate
2026-06-22,ev_tenure_security_fsrp22_1,wb_fsrp_2022,,drop,off_scope,,peetmate
2026-06-22,ev_conflict_fragility_index_fsrp22_1,wb_fsrp_2022,,drop,off_scope,,peetmate
2026-06-22,ev_extension_governance_fsrp22_1,wb_fsrp_2022,,drop,off_scope,,peetmate
2026-06-22,ev_tenure_security_kcsap16_1,wb_kcsap_2016,,drop,off_scope,,peetmate
2026-06-22,ev_aridity_index_kcsap16_1,wb_kcsap_2016,,drop,off_scope,,peetmate
2026-06-22,ev_land_cover_kcsap16_1,wb_kcsap_2016,,drop,off_scope,,peetmate
2026-06-22,ev_extension_governance_kcsap16_1,wb_kcsap_2016,,drop,off_scope,,peetmate
2026-06-22,ev_finance_credit_access_kcsap16_1,wb_kcsap_2016,,drop,off_scope,,peetmate
2026-06-22,ev_market_value_chain_kcsap16_1,wb_kcsap_2016,,drop,off_scope,,peetmate
2026-06-22,ev_tree_canopy_cover_zomer14_2,zomer_2014,,drop,off_scope,Section is just describing biomass distribution and tree cover this is nothing to do with suitability.,peetmate
2026-06-22,ev_tree_canopy_cover_zomer14_3,zomer_2014,,drop,off_scope,Section is just describing biomass distribution and tree cover this is nothing to do with suitability.,peetmate
2026-06-22,ev_land_cover_zomer14_2,zomer_2014,,drop,off_scope,,peetmate
2026-06-22,ev_T4_soilph_ahmad2018_1,ahmad_2018,,drop,,,peetmate
2026-06-22,ev_t4_tcc_brandt2015_1,brandt_2015,,ok,confirmed_pass,,peetmate
2026-06-22,ev_t4_lc_brandt2015_1,brandt_2015,,drop,off_scope,,peetmate
2026-06-22,ev_t4_prec_brandt2015_1,brandt_2015,,drop,off_scope,,peetmate
2026-06-22,ev_t4_soc_brandt2015_1,brandt_2015,,drop,wrong_practice,"This talks about CSA, which contains Agroforestry, but is an umbrella for many of practices too, there  is no direct link here to Planted silvoarable in this table it is too generic.",peetmate
2026-06-22,ev_t4_att_brandt2015_1,brandt_2015,,drop,off_scope,,peetmate
2026-06-22,ev_t4_ai_brandt2015_1,brandt_2015,,drop,off_scope,,peetmate
2026-06-22,ev_t4_soil_ph_castle2025_1,castle_2025,,drop,off_scope,,peetmate
2026-06-22,ev_t4_ann_precip_castle2025_1,castle_2025,,drop,off_scope,,peetmate
2026-06-22,ev_t4_finance_castle2025_1,castle_2025,,drop,off_scope,,peetmate
2026-06-22,ev_T4_slope_chuma21_1,chuma_2021,,ok,,,"Namita-J,peetmate"
2026-06-22,ev_T4_slope_haris2021_1,haris_2021,,drop,species_envelope,Sengon is a agroforestry species/,peetmate
2026-06-22,ev_T4_annualprecip_haris2021_1,haris_2021,,ok,other,"I think this can be used as a vote count for annual precipitatoin, but the Sengon land units are not a useful variable for VONT and there is useable evidence for classification of a sutiablity variable here,",peetmate
2026-06-22,ev_t4_market_palma2007_01,palma_2007,,ok,other,"This is an interesting finding, perhaps relevant to the next steps module of the toolkit, but the variable itself might need some more scrutiny. Market_value_chain does suggest there is  some way of selling timber from agroforestry so that is a start",peetmate
2026-06-22,ev_t4_finance_palma2007_01,palma_2007,,drop,other,"this is neither used in suitability analysis nor measured in any quantitative or qualitative way, it is a reflection and assumption that relates to something they think could be important but they do not know at present. Therefore we should reject this as the evidence is not strong enough, used or first (or even second) hand.",peetmate
2026-06-22,ev_T4_slope_seja2022_1,seja_2022,,ok,other,"I find it hard to understand this methodology, the slope is for different Land Use units they have identified, but the rationale for their selection is unclear, this may not represent the full potential for AF and the 8% min slope is a red flag. However the 72% upper bound is interesting too, although perhaps totally unfeasible. 

This is borderline.",peetmate
2026-06-22,ev_T4_precip_unger2023_1,unger_2023,,drop,off_scope,this is about a study area not suitability!,peetmate
2026-06-22,ev_T4_landcover_wotlolan2021_1,wotlolan_2021,,ok,confirmed_pass,,peetmate
2026-06-22,ev_tree_canopy_cover_batcheler24_1,batcheler_silvopasture_2024,,drop,off_scope,,peetmate
2026-06-22,ev_tenure_security_castle21_1,castle_sr_2021,,drop,off_scope,Borderline/Reevaluate: Is this part of structural suitability T4? or part of project risk T3 and/or next steps guidance?,peetmate
2026-06-22,ev_tenure_security_castle21_2,castle_sr_2021,,drop,off_scope,,peetmate
2026-06-22,ev_tenure_security_castle21_3,castle_sr_2021,,drop,off_scope,,peetmate
2026-06-22,ev_labour_availability_castle21_1,castle_sr_2021,,drop,other,"This reads like discussion or speculation, ""may still deter"", yes it makes sense and is logical, but is there quantitative or qualitative evidence that was used here? I cannot confidently say yes, so dropping it.",peetmate
2026-06-22,ev_extension_governance_castle21_1,castle_sr_2021,,drop,off_scope,,peetmate
2026-06-22,ev_extension_governance_castle21_2,castle_sr_2021,,drop,off_scope,"Fine, but is this T4 or project enabling environment for the project risk? and/or part of the next steps table?",peetmate
2026-06-22,ev_market_value_chain_castle21_1,castle_sr_2021,,ok,other,is this T4 or T3 risk/enabling factors and next steps?,peetmate
2026-06-22,ev_slope_fesenmyer25_1,fesenmyer_2025,,drop,other,wrong practice not agroforestry,peetmate
2026-06-22,ev_tree_canopy_cover_fesenmyer25_1,fesenmyer_2025,,drop,off_scope,,peetmate
2026-06-22,ev_tenure_security_fesenmyer25_1,fesenmyer_2025,,ok,other,"Agree it is directional claim, but is this for project risk in T3 or for T4 structural suitability?",peetmate
2026-06-22,ev_accessibility_travel_time_fesenmyer25_1,fesenmyer_2025,,drop,other,"reforestation not agroforestry, no evidence this paper should be mapped to agroforestry.",peetmate
2026-06-22,ev_tree_canopy_cover_sprenkle24_1,sprenkle_hyppolite_2024,,ok,confirmed_pass,,peetmate
2026-06-22,ev_tree_canopy_cover_sprenkle24_2,sprenkle_hyppolite_2024,,ok,confirmed_pass,error is very useful to collect we should review how this is handled.,peetmate
2026-06-22,ev_tree_canopy_cover_sprenkle24_4,sprenkle_hyppolite_2024,,ok,confirmed_pass,,peetmate
2026-06-22,ev_tree_canopy_cover_sprenkle24_5,sprenkle_hyppolite_2024,,drop,off_scope,Section is about CO2 removal and not agroforestry sutiability.,peetmate
2026-06-22,ev_soil_ph_fsrp22_1,wb_fsrp_2022,,drop,off_scope,,peetmate
2026-06-22,ev_soil_organic_carbon_fsrp22_1,wb_fsrp_2022,,drop,off_scope,this is a generic problem statement not tied to agroforestry at all.,peetmate
2026-06-22,ev_tenure_security_fsrp22_1,wb_fsrp_2022,,drop,off_scope,,peetmate
2026-06-22,ev_conflict_fragility_index_fsrp22_1,wb_fsrp_2022,,drop,off_scope,,peetmate
2026-06-22,ev_extension_governance_fsrp22_1,wb_fsrp_2022,,drop,off_scope,,peetmate
2026-06-22,ev_tenure_security_kcsap16_1,wb_kcsap_2016,,drop,off_scope,,peetmate
2026-06-22,ev_aridity_index_kcsap16_1,wb_kcsap_2016,,drop,off_scope,,peetmate
2026-06-22,ev_land_cover_kcsap16_1,wb_kcsap_2016,,drop,off_scope,,peetmate
2026-06-22,ev_extension_governance_kcsap16_1,wb_kcsap_2016,,drop,off_scope,,peetmate
2026-06-22,ev_finance_credit_access_kcsap16_1,wb_kcsap_2016,,drop,off_scope,,peetmate
2026-06-22,ev_market_value_chain_kcsap16_1,wb_kcsap_2016,,drop,off_scope,,peetmate
2026-06-22,ev_tree_canopy_cover_zomer14_1,zomer_2014,,drop,off_scope,"not related to agroforestry suitability, this is an obvious one and should have been better handled.",peetmate
2026-06-22,ev_tree_canopy_cover_zomer14_2,zomer_2014,,drop,off_scope,Section is just describing biomass distribution and tree cover this is nothing to do with suitability.,peetmate
2026-06-22,ev_tree_canopy_cover_zomer14_3,zomer_2014,,drop,off_scope,Section is just describing biomass distribution and tree cover this is nothing to do with suitability.,peetmate
2026-06-22,ev_land_cover_zomer14_2,zomer_2014,,drop,off_scope,,peetmate
2026-06-22,ev_aridity_index_zomer14_1,zomer_2014,,ok,confirmed_pass,"this is a bit borderline, but I will accept it.",peetmate
2026-06-22,ev_aridity_index_zomer14_2,zomer_2014,,ok,confirmed_pass,"it's a bit borderline, but I will accept it, seems to be duplicate entry from the paper for the same variable though. 
you should make a note to harmonize duplicate entries -> this can happen after evidence extraction.",peetmate
2026-06-22,ev_t4_landcover_ahmad17_1,ahmad_2017,,ok,confirmed_pass,"ok, but not terribly useful",peetmate
2026-06-22,ev_T4_soilph_ahmad2018_1,ahmad_2018,,drop,,,peetmate
2026-06-22,ev_t4_lndcov_ahmad2020_1,ahmad_2020,,drop,off_scope,"seems to be a description of mapped suitability for an area, this is not at all useful for implementing a suitability analysis. BAD MISTAKE LEARN NOT TO DO THIS AGAIN.",peetmate
2026-06-22,ev_t4_arid_ahmad2020_1,ahmad_2020,,ok,confirmed_pass,"this is an interesting paper but it is hard to get any variable relationships out of it it, there is a lot of information hhidden in the figures. If you did not interpret the figures you may need to ask me to procide you sscreengrabs. Inpaeticular Fig8 and Table2.",peetmate
2026-06-22,ev_t4_tcc_ahmad2020_1,ahmad_2020,,drop,off_scope,"tree cover != agroforestry, bad mistake, avoid in future. This is general description of a global trend or study area.",peetmate
2026-06-22,ev_t4_tcc_brandt2015_1,brandt_2015,,ok,confirmed_pass,,peetmate
2026-06-22,ev_t4_lc_brandt2015_1,brandt_2015,,drop,off_scope,,peetmate
2026-06-22,ev_t4_prec_brandt2015_1,brandt_2015,,drop,off_scope,,peetmate
2026-06-22,ev_t4_soc_brandt2015_1,brandt_2015,,drop,wrong_practice,"This talks about CSA, which contains Agroforestry, but is an umbrella for many of practices too, there  is no direct link here to Planted silvoarable in this table it is too generic.",peetmate
2026-06-22,ev_t4_att_brandt2015_1,brandt_2015,,drop,off_scope,,peetmate
2026-06-22,ev_t4_ai_brandt2015_1,brandt_2015,,drop,off_scope,,peetmate
2026-06-22,ev_t4_soil_ph_castle2025_1,castle_2025,,drop,off_scope,,peetmate
2026-06-22,ev_t4_ann_precip_castle2025_1,castle_2025,,drop,off_scope,,peetmate
2026-06-22,ev_t4_finance_castle2025_1,castle_2025,,drop,off_scope,,peetmate
2026-06-22,ev_t4_finance_castle2025_2,castle_2025,,ok,other,"nees to be associated with references 16-19.
IS this T4? or T3 project risk and implementation gudiances for next steps?",peetmate
2026-06-22,ev_t4_market_castle2025_1,castle_2025,,ok,,is this T4 or T3 project risk/enabling environment and/or implementation and next steps?,peetmate
2026-06-22,ev_t4_extension_castle2025_1,castle_2025,,ok,,again is this T4 or T3 project risk/enablers and nextsteps for implementation?,peetmate
2026-06-22,ev_T4_slope_chuma21_1,chuma_2021,,ok,,,"Namita-J,peetmate"
2026-06-22,ev_T4_slope_haris2021_1,haris_2021,,drop,species_envelope,Sengon is a agroforestry species/,peetmate
2026-06-22,ev_T4_annualprecip_haris2021_1,haris_2021,,ok,other,"I think this can be used as a vote count for annual precipitatoin, but the Sengon land units are not a useful variable for VONT and there is useable evidence for classification of a sutiablity variable here,",peetmate
2026-06-22,ev_t4_market_palma2007_01,palma_2007,,ok,other,"This is an interesting finding, perhaps relevant to the next steps module of the toolkit, but the variable itself might need some more scrutiny. Market_value_chain does suggest there is  some way of selling timber from agroforestry so that is a start",peetmate
2026-06-22,ev_t4_finance_palma2007_01,palma_2007,,drop,other,"this is neither used in suitability analysis nor measured in any quantitative or qualitative way, it is a reflection and assumption that relates to something they think could be important but they do not know at present. Therefore we should reject this as the evidence is not strong enough, used or first (or even second) hand.",peetmate
2026-06-22,ev_T4_slope_seja2022_1,seja_2022,,ok,other,"I find it hard to understand this methodology, the slope is for different Land Use units they have identified, but the rationale for their selection is unclear, this may not represent the full potential for AF and the 8% min slope is a red flag. However the 72% upper bound is interesting too, although perhaps totally unfeasible. 

This is borderline.",peetmate
2026-06-22,ev_T4_temp_seja2022_2,seja_2022,,drop,off_scope,"I don't think this directly relates to agroforestry suitability, I think these are just zones for potential agroforestry implementation that are being described.",peetmate
2026-06-22,ev_T4_tenure_singh24_1,singh_2024,,ok,other,is this T4 or T3 risk/enabling factors and next steps?,peetmate
2026-06-22,ev_T4_market_singh24_1,singh_2024,,ok,other,"T4 or T3/next steps?
must be linked to source [7]",peetmate
2026-06-22,ev_T4_extgov_singh24_1,singh_2024,,ok,other,is this T4 or T3 risk/enabling factors and next steps?,peetmate
2026-06-22,ev_t4_slope_sper24_2,sperandio_2024,,drop,off_scope,general discussion point not clearly linked to agroforestry.,peetmate
2026-06-22,ev_T4_precip_unger2023_1,unger_2023,,drop,off_scope,this is about a study area not suitability!,peetmate
2026-06-22,ev_T4_gov_unger2023_1,unger_2023,,drop,other,"Too high level and hand-wavy, indirect and assumed causation, no qualitative or quantitative evidence presented.",peetmate
2026-06-22,ev_T4_landcover_wotlolan2021_1,wotlolan_2021,,ok,confirmed_pass,,peetmate
2026-06-23,ev_tree_canopy_cover_batcheler24_1,batcheler_silvopasture_2024,,drop,off_scope,,peetmate
2026-06-23,ev_tenure_security_castle21_1,castle_sr_2021,,flag,off_scope,Borderline/Reevaluate: Is this part of structural suitability T4? or part of project risk T3 and/or next steps guidance?,peetmate
2026-06-23,ev_tenure_security_castle21_2,castle_sr_2021,,drop,off_scope,,peetmate
2026-06-23,ev_tenure_security_castle21_3,castle_sr_2021,,drop,off_scope,,peetmate
2026-06-23,ev_labour_availability_castle21_1,castle_sr_2021,,drop,other,"This reads like discussion or speculation, ""may still deter"", yes it makes sense and is logical, but is there quantitative or qualitative evidence that was used here? I cannot confidently say yes, so dropping it.",peetmate
2026-06-23,ev_extension_governance_castle21_1,castle_sr_2021,,drop,off_scope,,peetmate
2026-06-23,ev_extension_governance_castle21_2,castle_sr_2021,,flag,off_scope,"Fine, but is this T4 or project enabling environment for the project risk? and/or part of the next steps table?",peetmate
2026-06-23,ev_finance_credit_access_castle21_1,castle_sr_2021,,flag,other,"this about adoption and socio-economic factors that relate to uptake, this is not T4 structural suitability. You should not be making this mistake - the agents should have been updated to assign this to T3 and/or next steps.

Also there shuold be a""Reason"" that clearly correspond to this issue.",peetmate
2026-06-23,ev_market_value_chain_castle21_1,castle_sr_2021,,flag,other,is this T4 or T3 risk/enabling factors and next steps?,peetmate
2026-06-23,ev_slope_fesenmyer25_1,fesenmyer_2025,,drop,other,wrong practice not agroforestry,peetmate
2026-06-23,ev_tree_canopy_cover_fesenmyer25_1,fesenmyer_2025,,drop,off_scope,,peetmate
2026-06-23,ev_tenure_security_fesenmyer25_1,fesenmyer_2025,,flag,other,"Agree it is directional claim, but is this for project risk in T3 or for T4 structural suitability?",peetmate
2026-06-23,ev_accessibility_travel_time_fesenmyer25_1,fesenmyer_2025,,drop,other,"reforestation not agroforestry, no evidence this paper should be mapped to agroforestry.",peetmate
2026-06-23,ev_tree_canopy_cover_sprenkle24_1,sprenkle_hyppolite_2024,,ok,confirmed_pass,,peetmate
2026-06-23,ev_tree_canopy_cover_sprenkle24_2,sprenkle_hyppolite_2024,,ok,confirmed_pass,error is very useful to collect we should review how this is handled.,peetmate
2026-06-23,ev_tree_canopy_cover_sprenkle24_4,sprenkle_hyppolite_2024,,ok,confirmed_pass,,peetmate
2026-06-23,ev_tree_canopy_cover_sprenkle24_5,sprenkle_hyppolite_2024,,drop,off_scope,Section is about CO2 removal and not agroforestry sutiability.,peetmate
2026-06-23,ev_soil_ph_fsrp22_1,wb_fsrp_2022,,drop,off_scope,,peetmate
2026-06-23,ev_soil_organic_carbon_fsrp22_1,wb_fsrp_2022,,drop,off_scope,this is a generic problem statement not tied to agroforestry at all.,peetmate
2026-06-23,ev_tenure_security_fsrp22_1,wb_fsrp_2022,,drop,off_scope,,peetmate
2026-06-23,ev_conflict_fragility_index_fsrp22_1,wb_fsrp_2022,,drop,off_scope,,peetmate
2026-06-23,ev_extension_governance_fsrp22_1,wb_fsrp_2022,,drop,off_scope,,peetmate
2026-06-23,ev_tenure_security_kcsap16_1,wb_kcsap_2016,,drop,off_scope,,peetmate
2026-06-23,ev_annual_precipitation_kcsap16_1,wb_kcsap_2016,,drop,off_scope,"seems like a description of a farming system, project context or site.",peetmate
2026-06-23,ev_annual_precipitation_kcsap16_2,wb_kcsap_2016,,drop,off_scope,"This is a generic context description that is too vague and high-level to be used to inform structural sutiabiltity evidence.

We should not be collect evidence from the description of project context or study site or similar for T4 -> make sure the agents stop doing this. Make sure there is an issue to select for this.",peetmate
2026-06-23,ev_aridity_index_kcsap16_1,wb_kcsap_2016,,drop,off_scope,,peetmate
2026-06-23,ev_land_cover_kcsap16_1,wb_kcsap_2016,,drop,off_scope,,peetmate
2026-06-23,ev_extension_governance_kcsap16_1,wb_kcsap_2016,,drop,off_scope,,peetmate
2026-06-23,ev_finance_credit_access_kcsap16_1,wb_kcsap_2016,,drop,off_scope,,peetmate
2026-06-23,ev_market_value_chain_kcsap16_1,wb_kcsap_2016,,drop,off_scope,,peetmate
2026-06-23,ev_tree_canopy_cover_zomer14_1,zomer_2014,,drop,off_scope,"not related to agroforestry suitability, this is an obvious one and should have been better handled.",peetmate
2026-06-23,ev_tree_canopy_cover_zomer14_2,zomer_2014,,drop,off_scope,Section is just describing biomass distribution and tree cover this is nothing to do with suitability.,peetmate
2026-06-23,ev_tree_canopy_cover_zomer14_3,zomer_2014,,drop,off_scope,Section is just describing biomass distribution and tree cover this is nothing to do with suitability.,peetmate
2026-06-23,ev_land_cover_zomer14_2,zomer_2014,,drop,off_scope,,peetmate
2026-06-23,ev_aridity_index_zomer14_1,zomer_2014,,flag,confirmed_pass,"this is a bit borderline, but I will accept it.",peetmate
2026-06-23,ev_aridity_index_zomer14_2,zomer_2014,,flag,confirmed_pass,"it's a bit borderline, but I will accept it, seems to be duplicate entry from the paper for the same variable though. 
you should make a note to harmonize duplicate entries -> this can happen after evidence extraction.",peetmate
2026-06-23,ev_t4_landcover_ahmad17_1,ahmad_2017,,ok,confirmed_pass,"ok, but not terribly useful",peetmate
2026-06-23,ev_T4_soilph_ahmad2018_1,ahmad_2018,,drop,,,peetmate
2026-06-23,ev_t4_lndcov_ahmad2020_1,ahmad_2020,,drop,off_scope,"seems to be a description of mapped suitability for an area, this is not at all useful for implementing a suitability analysis. BAD MISTAKE LEARN NOT TO DO THIS AGAIN.",peetmate
2026-06-23,ev_t4_arid_ahmad2020_1,ahmad_2020,,flag,confirmed_pass,"this is an interesting paper but it is hard to get any variable relationships out of it it, there is a lot of information hhidden in the figures. If you did not interpret the figures you may need to ask me to procide you sscreengrabs. Inpaeticular Fig8 and Table2.",peetmate
2026-06-23,ev_t4_tcc_ahmad2020_1,ahmad_2020,,drop,off_scope,"tree cover != agroforestry, bad mistake, avoid in future. This is general description of a global trend or study area.",peetmate
2026-06-23,ev_t4_tcc_brandt2015_1,brandt_2015,,ok,confirmed_pass,,peetmate
2026-06-23,ev_t4_lc_brandt2015_1,brandt_2015,,drop,off_scope,,peetmate
2026-06-23,ev_t4_prec_brandt2015_1,brandt_2015,,drop,off_scope,,peetmate
2026-06-23,ev_t4_soc_brandt2015_1,brandt_2015,,drop,wrong_practice,"This talks about CSA, which contains Agroforestry, but is an umbrella for many of practices too, there  is no direct link here to Planted silvoarable in this table it is too generic.",peetmate
2026-06-23,ev_t4_att_brandt2015_1,brandt_2015,,drop,off_scope,,peetmate
2026-06-23,ev_t4_ai_brandt2015_1,brandt_2015,,drop,off_scope,,peetmate
2026-06-23,ev_t4_soil_ph_castle2025_1,castle_2025,,drop,off_scope,,peetmate
2026-06-23,ev_t4_ann_precip_castle2025_1,castle_2025,,drop,off_scope,,peetmate
2026-06-23,ev_t4_tenure_castle2025_1,castle_2025,,flag,other,I think this is table 3/next steps not table 4 structural suitability.,peetmate
2026-06-23,ev_t4_finance_castle2025_1,castle_2025,,drop,off_scope,,peetmate
2026-06-23,ev_t4_finance_castle2025_2,castle_2025,,flag,other,"nees to be associated with references 16-19.
IS this T4? or T3 project risk and implementation gudiances for next steps?",peetmate
2026-06-23,ev_t4_market_castle2025_1,castle_2025,,flag,,is this T4 or T3 project risk/enabling environment and/or implementation and next steps?,peetmate
2026-06-23,ev_t4_extension_castle2025_1,castle_2025,,flag,,again is this T4 or T3 project risk/enablers and nextsteps for implementation?,peetmate
2026-06-23,ev_T4_slope_chuma21_1,chuma_2021,,ok,,,"Namita-J,peetmate"
2026-06-23,ev_T4_slope_haris2021_1,haris_2021,,drop,species_envelope,Sengon is a agroforestry species/,peetmate
2026-06-23,ev_T4_annualprecip_haris2021_1,haris_2021,,flag,other,"I think this can be used as a vote count for annual precipitatoin, but the Sengon land units are not a useful variable for VONT and there is useable evidence for classification of a sutiablity variable here,",peetmate
2026-06-23,ev_T4_slope_marinis22_1,marinis_2022,,drop,off_scope,"convoluted pathway, not enough context to understand how LUTs relate to agroforestry if at all.",peetmate
2026-06-23,ev_t4_market_palma2007_01,palma_2007,,flag,other,"This is an interesting finding, perhaps relevant to the next steps module of the toolkit, but the variable itself might need some more scrutiny. Market_value_chain does suggest there is  some way of selling timber from agroforestry so that is a start",peetmate
2026-06-23,ev_t4_finance_palma2007_01,palma_2007,,drop,other,"this is neither used in suitability analysis nor measured in any quantitative or qualitative way, it is a reflection and assumption that relates to something they think could be important but they do not know at present. Therefore we should reject this as the evidence is not strong enough, used or first (or even second) hand.",peetmate
2026-06-23,ev_T4_slope_seja2022_1,seja_2022,,flag,other,"I find it hard to understand this methodology, the slope is for different Land Use units they have identified, but the rationale for their selection is unclear, this may not represent the full potential for AF and the 8% min slope is a red flag. However the 72% upper bound is interesting too, although perhaps totally unfeasible. 

This is borderline.",peetmate
2026-06-23,ev_T4_temp_seja2022_2,seja_2022,,drop,off_scope,"I don't think this directly relates to agroforestry suitability, I think these are just zones for potential agroforestry implementation that are being described.",peetmate
2026-06-23,ev_T4_tenure_singh24_1,singh_2024,,flag,other,is this T4 or T3 risk/enabling factors and next steps?,peetmate
2026-06-23,ev_T4_market_singh24_1,singh_2024,,flag,other,"T4 or T3/next steps?
must be linked to source [7]",peetmate
2026-06-23,ev_T4_extgov_singh24_1,singh_2024,,flag,other,is this T4 or T3 risk/enabling factors and next steps?,peetmate
2026-06-23,ev_t4_slope_sper24_2,sperandio_2024,,drop,off_scope,general discussion point not clearly linked to agroforestry.,peetmate
2026-06-23,ev_T4_precip_unger2023_1,unger_2023,,drop,off_scope,this is about a study area not suitability!,peetmate
2026-06-23,ev_T4_gov_unger2023_1,unger_2023,,drop,other,"Too high level and hand-wavy, indirect and assumed causation, no qualitative or quantitative evidence presented.",peetmate
2026-06-23,ev_T4_landcover_wotlolan2021_1,wotlolan_2021,,ok,confirmed_pass,,peetmate
2026-06-23,ev_soil_ph_singh26,singh_2026,,ok,,,peetmate
2026-06-23,ev_soil_drainage_singh26,singh_2026,,flag,other,"there is some information on drainage, but agree is it is too qualitative to use. But you missed the directionality of the relationship which is a BIG miss.

Add issue for this type of error - directionality/relationship missed.",peetmate
2026-06-23,ev_soil_texture_singh26,singh_2026,,flag,other,"very high = fine texture, high = fine to couse, moderate - source -> missed",peetmate
2026-06-23,ev_slope_singh26,singh_2026,,flag,other,mathematical relationship missed,peetmate
2026-06-23,ev_mat_singh26,singh_2026,,flag,other,Suitability mathematical relationship missed,peetmate
2026-06-23,ev_precip_singh26,singh_2026,,flag,other,"Again there is relationship presented for suitability and the variable, this is VERY IMPORTANT TO CAPTURE AND HAS BEEN MISSED!",peetmate
2026-06-23,ev_dist_road_qual_singh26,singh_2026,,flag,,"THere are relationships for distance from forest, settlement, waterbody, cropland and road that is montotonically decreasing linear. This is an important relationship to capture and exactly th einformation we need for the suitability mapping.

Also note there is no reason that corresponds to this type of issues, please create one.",peetmate
2026-06-23,ev_dist_road_ml_singh26,singh_2026,,flag,other,where is the context to understand the variable importance or weight?? do we need to standardize to compare between studies?,peetmate
2026-06-23,ev_dist_settlement_qual_singh26,singh_2026,,flag,other,mathematical relationship missing,peetmate
2026-06-23,ev_dist_settlement_ml_singh26,singh_2026,,ok,,,peetmate
2026-06-23,ev_land_cover_singh26,singh_2026,,drop,other,"useless evidence description - landcover is far too vague.

again should be an issue that relate to this type of problem.",peetmate
2026-06-23,ev_slope_inab_aa_def,inab_landcap_guatemala,,drop,other,"difficult to udnerstand the context, poor quality publication.",peetmate
2026-06-23,ev_soildepth_inab_aa_def,inab_landcap_guatemala,,ok,,,peetmate
2026-06-23,ev_slope_inab_c1_aa,inab_landcap_guatemala,,drop,,not enough context for me to review,peetmate
2026-06-23,ev_soildepth_inab_c1_aa,inab_landcap_guatemala,,drop,,I cannot interpret this table there is no caption or context.,peetmate
2026-06-23,ev_slope_inab_c2_aa,inab_landcap_guatemala,,drop,other,"screngrab failed, not enough context to make judgement",peetmate
2026-06-23,ev_soildepth_inab_c2_aa,inab_landcap_guatemala,,drop,other,"table screengrab incorrect, not enough context to review.",peetmate
2026-06-23,ev_slope_inab_c3_aa,inab_landcap_guatemala,,drop,,"screngrab failed, not enough context to make judgement",peetmate
2026-06-23,ev_soildepth_inab_c3_aa,inab_landcap_guatemala,,drop,,Cannot interpret not enough context and no caption.,peetmate
2026-06-23,ev_slope_inab_c4_aa,inab_landcap_guatemala,,drop,,"screngrab failed, not enough context to make judgement",peetmate
2026-06-23,ev_soildepth_inab_c4_aa,inab_landcap_guatemala,,drop,,"cannot interpret, not enough context or, no caption, table screengrab just shows a small box saying CUADRO 4.",peetmate
2026-06-23,ev_slope_inab_c5_aa,inab_landcap_guatemala,,drop,,"screngrab failed, not enough context to make judgement",peetmate
2026-06-23,ev_soildepth_inab_c5_aa,inab_landcap_guatemala,,drop,other,"screen grab shows a tiny box saying cuadro only, no caption no context - cannot interpret.

add issue for ""not enough context to allow review""",peetmate
2026-06-23,ev_slope_inab_c6_aa,inab_landcap_guatemala,,drop,,"screngrab failed, not enough context to make judgement",peetmate
2026-06-23,ev_soildepth_inab_c6_aa,inab_landcap_guatemala,,drop,other,"screen grab shows a tiny box saying cuadro only, no caption no context - cannot interpret.

add issue for ""not enough context to allow review""",peetmate
2026-06-23,ev_slope_inab_c7_aa,inab_landcap_guatemala,,drop,other,not enough context to make judgement,peetmate
2026-06-23,ev_soildepth_inab_c7_aa,inab_landcap_guatemala,,drop,other,"no caption no context fro screengrabbed table - cannot interpret.

add issue for ""not enough context to allow review""",peetmate
2026-06-23,ev_slope_inab_p92_aa_example,inab_landcap_guatemala,,drop,other,not enough context to understand if this about suitability or a site specific description. What does Aa mean?,peetmate
2026-06-23,ev_soildepth_inab_p92_aa_example,inab_landcap_guatemala,,ok,other,"a rather site specific paper, note to review if this is too context specific to be useful or if the information should be given a regional/national flag.",peetmate
2026-06-23,ev_soil_erosion_risk_saraheb3_p1_water,saraheb3_af_map,,flag,other,the weight is useless without any context -> 5 out of what? how do we interpret the weight!?,peetmate
2026-06-23,ev_soil_erosion_wind_saraheb3_p1_wind,saraheb3_af_map,,flag,other,weighting has no context and cannot be interpreted,peetmate
2026-06-23,ev_carbon_sequestration_potential_saraheb3_p1_soil,saraheb3_af_map,,flag,other,missing context to interpret what weghting 5 means -> how will we standardize to interpret weightings between sources?,peetmate
2026-06-23,ev_land_cover_saraheb3_cdl,saraheb3_af_map,,flag,other,"I do not know how to review this there is no encoded evidence to view...land_cover in itself not helpful, we need to know what classes are included or excluded",peetmate
2026-06-24,ev_soildepth_inab_aa_def,inab_landcap_guatemala,,drop,constrained_aoi,INAB Guatemala land-capability classification assigns agroforestry as a residual/marginal-land bucket (what's left after prime agriculture + protection forest) — understates where AF is feasible + constrains the AOI. Down-graded per Pete 2026-06-24; not used for opportunity-space extent.,peetmate
2026-06-24,ev_slope_inab_ap_def,inab_landcap_guatemala,,drop,constrained_aoi,INAB Guatemala land-capability classification assigns agroforestry as a residual/marginal-land bucket (what's left after prime agriculture + protection forest) — understates where AF is feasible + constrains the AOI. Down-graded per Pete 2026-06-24; not used for opportunity-space extent.,peetmate
2026-06-24,ev_soildepth_inab_ap_def,inab_landcap_guatemala,,drop,constrained_aoi,INAB Guatemala land-capability classification assigns agroforestry as a residual/marginal-land bucket (what's left after prime agriculture + protection forest) — understates where AF is feasible + constrains the AOI. Down-graded per Pete 2026-06-24; not used for opportunity-space extent.,peetmate
2026-06-24,ev_slope_inab_ss_def,inab_landcap_guatemala,,drop,constrained_aoi,INAB Guatemala land-capability classification assigns agroforestry as a residual/marginal-land bucket (what's left after prime agriculture + protection forest) — understates where AF is feasible + constrains the AOI. Down-graded per Pete 2026-06-24; not used for opportunity-space extent.,peetmate
2026-06-24,ev_soildepth_inab_ss_def,inab_landcap_guatemala,,drop,constrained_aoi,INAB Guatemala land-capability classification assigns agroforestry as a residual/marginal-land bucket (what's left after prime agriculture + protection forest) — understates where AF is feasible + constrains the AOI. Down-graded per Pete 2026-06-24; not used for opportunity-space extent.,peetmate
2026-06-24,ev_slope_inab_c1_ap,inab_landcap_guatemala,,drop,constrained_aoi,INAB Guatemala land-capability classification assigns agroforestry as a residual/marginal-land bucket (what's left after prime agriculture + protection forest) — understates where AF is feasible + constrains the AOI. Down-graded per Pete 2026-06-24; not used for opportunity-space extent.,peetmate
2026-06-24,ev_soildepth_inab_c1_ap,inab_landcap_guatemala,,drop,constrained_aoi,INAB Guatemala land-capability classification assigns agroforestry as a residual/marginal-land bucket (what's left after prime agriculture + protection forest) — understates where AF is feasible + constrains the AOI. Down-graded per Pete 2026-06-24; not used for opportunity-space extent.,peetmate
2026-06-24,ev_slope_inab_c1_ss,inab_landcap_guatemala,,drop,constrained_aoi,INAB Guatemala land-capability classification assigns agroforestry as a residual/marginal-land bucket (what's left after prime agriculture + protection forest) — understates where AF is feasible + constrains the AOI. Down-graded per Pete 2026-06-24; not used for opportunity-space extent.,peetmate
2026-06-24,ev_soildepth_inab_c1_ss,inab_landcap_guatemala,,drop,constrained_aoi,INAB Guatemala land-capability classification assigns agroforestry as a residual/marginal-land bucket (what's left after prime agriculture + protection forest) — understates where AF is feasible + constrains the AOI. Down-graded per Pete 2026-06-24; not used for opportunity-space extent.,peetmate
2026-06-24,ev_slope_inab_c2_ap,inab_landcap_guatemala,,drop,constrained_aoi,INAB Guatemala land-capability classification assigns agroforestry as a residual/marginal-land bucket (what's left after prime agriculture + protection forest) — understates where AF is feasible + constrains the AOI. Down-graded per Pete 2026-06-24; not used for opportunity-space extent.,peetmate
2026-06-24,ev_soildepth_inab_c2_ap,inab_landcap_guatemala,,drop,constrained_aoi,INAB Guatemala land-capability classification assigns agroforestry as a residual/marginal-land bucket (what's left after prime agriculture + protection forest) — understates where AF is feasible + constrains the AOI. Down-graded per Pete 2026-06-24; not used for opportunity-space extent.,peetmate
2026-06-24,ev_slope_inab_c2_ss,inab_landcap_guatemala,,drop,constrained_aoi,INAB Guatemala land-capability classification assigns agroforestry as a residual/marginal-land bucket (what's left after prime agriculture + protection forest) — understates where AF is feasible + constrains the AOI. Down-graded per Pete 2026-06-24; not used for opportunity-space extent.,peetmate
2026-06-24,ev_soildepth_inab_c2_ss,inab_landcap_guatemala,,drop,constrained_aoi,INAB Guatemala land-capability classification assigns agroforestry as a residual/marginal-land bucket (what's left after prime agriculture + protection forest) — understates where AF is feasible + constrains the AOI. Down-graded per Pete 2026-06-24; not used for opportunity-space extent.,peetmate
2026-06-24,ev_slope_inab_c3_ap,inab_landcap_guatemala,,drop,constrained_aoi,INAB Guatemala land-capability classification assigns agroforestry as a residual/marginal-land bucket (what's left after prime agriculture + protection forest) — understates where AF is feasible + constrains the AOI. Down-graded per Pete 2026-06-24; not used for opportunity-space extent.,peetmate
2026-06-24,ev_soildepth_inab_c3_ap,inab_landcap_guatemala,,drop,constrained_aoi,INAB Guatemala land-capability classification assigns agroforestry as a residual/marginal-land bucket (what's left after prime agriculture + protection forest) — understates where AF is feasible + constrains the AOI. Down-graded per Pete 2026-06-24; not used for opportunity-space extent.,peetmate
2026-06-24,ev_slope_inab_c3_ss,inab_landcap_guatemala,,drop,constrained_aoi,INAB Guatemala land-capability classification assigns agroforestry as a residual/marginal-land bucket (what's left after prime agriculture + protection forest) — understates where AF is feasible + constrains the AOI. Down-graded per Pete 2026-06-24; not used for opportunity-space extent.,peetmate
2026-06-24,ev_soildepth_inab_c3_ss,inab_landcap_guatemala,,drop,constrained_aoi,INAB Guatemala land-capability classification assigns agroforestry as a residual/marginal-land bucket (what's left after prime agriculture + protection forest) — understates where AF is feasible + constrains the AOI. Down-graded per Pete 2026-06-24; not used for opportunity-space extent.,peetmate
2026-06-24,ev_slope_inab_c4_ap,inab_landcap_guatemala,,drop,constrained_aoi,INAB Guatemala land-capability classification assigns agroforestry as a residual/marginal-land bucket (what's left after prime agriculture + protection forest) — understates where AF is feasible + constrains the AOI. Down-graded per Pete 2026-06-24; not used for opportunity-space extent.,peetmate
2026-06-24,ev_soildepth_inab_c4_ap,inab_landcap_guatemala,,drop,constrained_aoi,INAB Guatemala land-capability classification assigns agroforestry as a residual/marginal-land bucket (what's left after prime agriculture + protection forest) — understates where AF is feasible + constrains the AOI. Down-graded per Pete 2026-06-24; not used for opportunity-space extent.,peetmate
2026-06-24,ev_slope_inab_c4_ss,inab_landcap_guatemala,,drop,constrained_aoi,INAB Guatemala land-capability classification assigns agroforestry as a residual/marginal-land bucket (what's left after prime agriculture + protection forest) — understates where AF is feasible + constrains the AOI. Down-graded per Pete 2026-06-24; not used for opportunity-space extent.,peetmate
2026-06-24,ev_soildepth_inab_c4_ss,inab_landcap_guatemala,,drop,constrained_aoi,INAB Guatemala land-capability classification assigns agroforestry as a residual/marginal-land bucket (what's left after prime agriculture + protection forest) — understates where AF is feasible + constrains the AOI. Down-graded per Pete 2026-06-24; not used for opportunity-space extent.,peetmate
2026-06-24,ev_slope_inab_c5_ap,inab_landcap_guatemala,,drop,constrained_aoi,INAB Guatemala land-capability classification assigns agroforestry as a residual/marginal-land bucket (what's left after prime agriculture + protection forest) — understates where AF is feasible + constrains the AOI. Down-graded per Pete 2026-06-24; not used for opportunity-space extent.,peetmate
2026-06-24,ev_soildepth_inab_c5_ap,inab_landcap_guatemala,,drop,constrained_aoi,INAB Guatemala land-capability classification assigns agroforestry as a residual/marginal-land bucket (what's left after prime agriculture + protection forest) — understates where AF is feasible + constrains the AOI. Down-graded per Pete 2026-06-24; not used for opportunity-space extent.,peetmate
2026-06-24,ev_slope_inab_c5_ss,inab_landcap_guatemala,,drop,constrained_aoi,INAB Guatemala land-capability classification assigns agroforestry as a residual/marginal-land bucket (what's left after prime agriculture + protection forest) — understates where AF is feasible + constrains the AOI. Down-graded per Pete 2026-06-24; not used for opportunity-space extent.,peetmate
2026-06-24,ev_soildepth_inab_c5_ss,inab_landcap_guatemala,,drop,constrained_aoi,INAB Guatemala land-capability classification assigns agroforestry as a residual/marginal-land bucket (what's left after prime agriculture + protection forest) — understates where AF is feasible + constrains the AOI. Down-graded per Pete 2026-06-24; not used for opportunity-space extent.,peetmate
2026-06-24,ev_slope_inab_c6_ap,inab_landcap_guatemala,,drop,constrained_aoi,INAB Guatemala land-capability classification assigns agroforestry as a residual/marginal-land bucket (what's left after prime agriculture + protection forest) — understates where AF is feasible + constrains the AOI. Down-graded per Pete 2026-06-24; not used for opportunity-space extent.,peetmate
2026-06-24,ev_soildepth_inab_c6_ap,inab_landcap_guatemala,,drop,constrained_aoi,INAB Guatemala land-capability classification assigns agroforestry as a residual/marginal-land bucket (what's left after prime agriculture + protection forest) — understates where AF is feasible + constrains the AOI. Down-graded per Pete 2026-06-24; not used for opportunity-space extent.,peetmate
2026-06-24,ev_slope_inab_c6_ss,inab_landcap_guatemala,,drop,constrained_aoi,INAB Guatemala land-capability classification assigns agroforestry as a residual/marginal-land bucket (what's left after prime agriculture + protection forest) — understates where AF is feasible + constrains the AOI. Down-graded per Pete 2026-06-24; not used for opportunity-space extent.,peetmate
2026-06-24,ev_soildepth_inab_c6_ss,inab_landcap_guatemala,,drop,constrained_aoi,INAB Guatemala land-capability classification assigns agroforestry as a residual/marginal-land bucket (what's left after prime agriculture + protection forest) — understates where AF is feasible + constrains the AOI. Down-graded per Pete 2026-06-24; not used for opportunity-space extent.,peetmate
2026-06-24,ev_slope_inab_c7_ap,inab_landcap_guatemala,,drop,constrained_aoi,INAB Guatemala land-capability classification assigns agroforestry as a residual/marginal-land bucket (what's left after prime agriculture + protection forest) — understates where AF is feasible + constrains the AOI. Down-graded per Pete 2026-06-24; not used for opportunity-space extent.,peetmate
2026-06-24,ev_soildepth_inab_c7_ap,inab_landcap_guatemala,,drop,constrained_aoi,INAB Guatemala land-capability classification assigns agroforestry as a residual/marginal-land bucket (what's left after prime agriculture + protection forest) — understates where AF is feasible + constrains the AOI. Down-graded per Pete 2026-06-24; not used for opportunity-space extent.,peetmate
2026-06-24,ev_slope_inab_c7_ss,inab_landcap_guatemala,,drop,constrained_aoi,INAB Guatemala land-capability classification assigns agroforestry as a residual/marginal-land bucket (what's left after prime agriculture + protection forest) — understates where AF is feasible + constrains the AOI. Down-graded per Pete 2026-06-24; not used for opportunity-space extent.,peetmate
2026-06-24,ev_soildepth_inab_c7_ss,inab_landcap_guatemala,,drop,constrained_aoi,INAB Guatemala land-capability classification assigns agroforestry as a residual/marginal-land bucket (what's left after prime agriculture + protection forest) — understates where AF is feasible + constrains the AOI. Down-graded per Pete 2026-06-24; not used for opportunity-space extent.,peetmate
2026-06-24,ev_soildepth_inab_p92_aa_example,inab_landcap_guatemala,,drop,constrained_aoi,INAB Guatemala land-capability classification assigns agroforestry as a residual/marginal-land bucket (what's left after prime agriculture + protection forest) — understates where AF is feasible + constrains the AOI. Down-graded per Pete 2026-06-24; not used for opportunity-space extent.,peetmate
2026-06-30,ev_land_cover_zomer14_1,zomer_2014,mismatch,drop,,,Namita-J
2026-06-30,ev_land_cover_zomer14_1,zomer_2014,,drop,,,Namita-J
2026-06-30,ev_t3_fire_freq_batcheler24_3,batcheler_silvopasture_2024,mismatch,ok,,,Namita-J
2026-06-30,ev_T4_slope_chuma21_1,chuma_2021,,ok,confirmed_pass,,Namita-J
2026-06-30,ev_soil_ph_abigaba24_robusta,abigaba_2024,,ok,confirmed_pass,,Namita-J
2026-07-02,ev_tree_canopy_cover_sprenkle24_4,sprenkle_hyppolite_2024,,ok,confirmed_pass,,Namita-J
2026-07-02,ev_land_cover_zomer14_1,zomer_2014,,drop,,,Namita-J
2026-07-02,ev_aridity_index_zomer14_2,zomer_2014,,ok,confirmed_pass,,Namita-J
2026-07-02,ev_t3_fire_freq_batcheler24_3,batcheler_silvopasture_2024,,ok,confirmed_pass,,Namita-J
2026-07-02,ev_t3_flood_importance_quandt17_9,quandt_resilience_2017,,drop,insufficient_context,,Namita-J
2026-07-02,ev_t6_ecosvc_firewood_castle21_12,castle_sr_2021,,ok,confirmed_pass,,Namita-J
2026-07-02,ev_t6_adoption_place_castle21_13,castle_sr_2021,,ok,confirmed_pass,,Namita-J
2026-07-02,ev_t6_carbon_mitigation_potential_zomer14_5,zomer_2014,,drop,off_scope,,Namita-J
2026-07-02,ev_t3_soilwater_ahmad17_1,ahmad_2017,,ok,confirmed_pass,,Namita-J
2026-07-02,ev_T4_soc_ahmad2018_1,ahmad_2018,,ok,confirmed_pass,,Namita-J
2026-07-02,ev_T4_slope_chuma21_1,chuma_2021,,ok,confirmed_pass,,Namita-J
2026-07-02,ev_T6_ecosystem_service_chuma21_1,chuma_2021,,ok,confirmed_pass,,Namita-J
2026-07-02,ev_t4_slope_kizir_2,kiziridis_2026,,ok,confirmed_pass,,Namita-J
2026-07-02,ev_t6_carbon_kizir_3,kiziridis_2026,,ok,confirmed_pass,,Namita-J
2026-07-02,ev_t6_ecosyste_nath21_01,nath_2021,,ok,confirmed_pass,,Namita-J
2026-07-02,ev_soil_ph_abigaba24_robusta,abigaba_2024,,ok,confirmed_pass,,Namita-J
2026-07-02,ev_tree_canopy_cover_mantino26_03,mantino_2026,,ok,confirmed_pass,,Namita-J
2026-07-02,ev_soil_drainage_singh26,singh_2026,,ok,confirmed_pass,,Namita-J
2026-07-02,ev_dist_settlement_qual_singh26,singh_2026,,ok,confirmed_pass,,Namita-J
2026-07-02,EV_crs_fmnr_niger_2025_012,crs_fmnr_niger_2025,,ok,confirmed_pass,,Namita-J
2026-07-02,cgspace_singh_southasia_2020__soil_texture_hsg__01,cgspace_singh_southasia_2020,,ok,confirmed_pass,,Namita-J
2026-07-06,ev_tree_canopy_cover_batcheler24_1,batcheler_silvopasture_2024,,drop,off_scope,,peetmate
2026-07-06,ev_tenure_security_castle21_1,castle_sr_2021,,flag,off_scope,Borderline/Reevaluate: Is this part of structural suitability T4? or part of project risk T3 and/or next steps guidance?,peetmate
2026-07-06,ev_tenure_security_castle21_2,castle_sr_2021,,drop,off_scope,,peetmate
2026-07-06,ev_tenure_security_castle21_3,castle_sr_2021,,drop,off_scope,,peetmate
2026-07-06,ev_labour_availability_castle21_1,castle_sr_2021,,drop,other,"This reads like discussion or speculation, ""may still deter"", yes it makes sense and is logical, but is there quantitative or qualitative evidence that was used here? I cannot confidently say yes, so dropping it.",peetmate
2026-07-06,ev_extension_governance_castle21_1,castle_sr_2021,,drop,off_scope,,peetmate
2026-07-06,ev_extension_governance_castle21_2,castle_sr_2021,,flag,off_scope,"Fine, but is this T4 or project enabling environment for the project risk? and/or part of the next steps table?",peetmate
2026-07-06,ev_finance_credit_access_castle21_1,castle_sr_2021,,flag,other,"this about adoption and socio-economic factors that relate to uptake, this is not T4 structural suitability. You should not be making this mistake - the agents should have been updated to assign this to T3 and/or next steps.

Also there shuold be a""Reason"" that clearly correspond to this issue.",peetmate
2026-07-06,ev_market_value_chain_castle21_1,castle_sr_2021,,flag,other,is this T4 or T3 risk/enabling factors and next steps?,peetmate
2026-07-06,ev_slope_fesenmyer25_1,fesenmyer_2025,,drop,other,wrong practice not agroforestry,peetmate
2026-07-06,ev_tree_canopy_cover_fesenmyer25_1,fesenmyer_2025,,drop,off_scope,,peetmate
2026-07-06,ev_tenure_security_fesenmyer25_1,fesenmyer_2025,,flag,other,"Agree it is directional claim, but is this for project risk in T3 or for T4 structural suitability?",peetmate
2026-07-06,ev_accessibility_travel_time_fesenmyer25_1,fesenmyer_2025,,drop,other,"reforestation not agroforestry, no evidence this paper should be mapped to agroforestry.",peetmate
2026-07-06,ev_tree_canopy_cover_sprenkle24_1,sprenkle_hyppolite_2024,,ok,confirmed_pass,,peetmate
2026-07-06,ev_tree_canopy_cover_sprenkle24_2,sprenkle_hyppolite_2024,,ok,confirmed_pass,error is very useful to collect we should review how this is handled.,peetmate
2026-07-06,ev_tree_canopy_cover_sprenkle24_4,sprenkle_hyppolite_2024,,ok,confirmed_pass,,peetmate
2026-07-06,ev_tree_canopy_cover_sprenkle24_5,sprenkle_hyppolite_2024,,drop,off_scope,Section is about CO2 removal and not agroforestry sutiability.,peetmate
2026-07-06,ev_soil_ph_fsrp22_1,wb_fsrp_2022,,drop,off_scope,,peetmate
2026-07-06,ev_soil_organic_carbon_fsrp22_1,wb_fsrp_2022,,drop,off_scope,this is a generic problem statement not tied to agroforestry at all.,peetmate
2026-07-06,ev_tenure_security_fsrp22_1,wb_fsrp_2022,,drop,off_scope,,peetmate
2026-07-06,ev_conflict_fragility_index_fsrp22_1,wb_fsrp_2022,,drop,off_scope,,peetmate
2026-07-06,ev_extension_governance_fsrp22_1,wb_fsrp_2022,,drop,off_scope,,peetmate
2026-07-06,ev_tenure_security_kcsap16_1,wb_kcsap_2016,,drop,off_scope,,peetmate
2026-07-06,ev_annual_precipitation_kcsap16_1,wb_kcsap_2016,,drop,off_scope,"seems like a description of a farming system, project context or site.",peetmate
2026-07-06,ev_annual_precipitation_kcsap16_2,wb_kcsap_2016,,drop,off_scope,"This is a generic context description that is too vague and high-level to be used to inform structural sutiabiltity evidence.

We should not be collect evidence from the description of project context or study site or similar for T4 -> make sure the agents stop doing this. Make sure there is an issue to select for this.",peetmate
2026-07-06,ev_aridity_index_kcsap16_1,wb_kcsap_2016,,drop,off_scope,,peetmate
2026-07-06,ev_land_cover_kcsap16_1,wb_kcsap_2016,,drop,off_scope,,peetmate
2026-07-06,ev_extension_governance_kcsap16_1,wb_kcsap_2016,,drop,off_scope,,peetmate
2026-07-06,ev_finance_credit_access_kcsap16_1,wb_kcsap_2016,,drop,off_scope,,peetmate
2026-07-06,ev_market_value_chain_kcsap16_1,wb_kcsap_2016,,drop,off_scope,,peetmate
2026-07-06,ev_tree_canopy_cover_zomer14_1,zomer_2014,,drop,off_scope,"not related to agroforestry suitability, this is an obvious one and should have been better handled.",peetmate
2026-07-06,ev_tree_canopy_cover_zomer14_2,zomer_2014,,drop,off_scope,Section is just describing biomass distribution and tree cover this is nothing to do with suitability.,peetmate
2026-07-06,ev_tree_canopy_cover_zomer14_3,zomer_2014,,drop,off_scope,Section is just describing biomass distribution and tree cover this is nothing to do with suitability.,peetmate
2026-07-06,ev_land_cover_zomer14_2,zomer_2014,,drop,off_scope,,peetmate
2026-07-06,ev_aridity_index_zomer14_1,zomer_2014,,flag,confirmed_pass,"this is a bit borderline, but I will accept it.",peetmate
2026-07-06,ev_aridity_index_zomer14_2,zomer_2014,,flag,confirmed_pass,"it's a bit borderline, but I will accept it, seems to be duplicate entry from the paper for the same variable though. 
you should make a note to harmonize duplicate entries -> this can happen after evidence extraction.",peetmate
2026-07-06,ev_t6_beneficiaries_kcsap16_7,wb_kcsap_2016,,drop,off_scope,"CSA project beneficiaries are nothing to do with NbS practice suitability, this is an obvious mistake which  should review and fix the extraction agents and QAQC agents to remove.",peetmate
2026-07-06,ev_t4_landcover_ahmad17_1,ahmad_2017,,ok,confirmed_pass,"ok, but not terribly useful",peetmate
2026-07-06,ev_T4_slope_ahmad2018_1,ahmad_2018,,ok,,,peetmate
2026-07-06,ev_T4_soc_ahmad2018_1,ahmad_2018,,flag,off_scope,"this table seems to be about determining soil fertility status is this directly related to the papers method for calculating AF sutiabilty? if it is this needs to be noted and explained, if not the claim should be rejected.",peetmate
2026-07-06,ev_T4_soilph_ahmad2018_1,ahmad_2018,,drop,,,peetmate
2026-07-06,ev_T4_landcover_ahmad2018_1,ahmad_2018,,drop,other,this is agroforestry suitability in certain LULCs it is not a an evidence source. 86.4% agriculture pct in very high suitability is not an appropriate evidence sources. We need to quote the suitability methods not subsequent overlays.,peetmate
2026-07-06,ev_t4_lndcov_ahmad2020_1,ahmad_2020,,drop,off_scope,"seems to be a description of mapped suitability for an area, this is not at all useful for implementing a suitability analysis. BAD MISTAKE LEARN NOT TO DO THIS AGAIN.",peetmate
2026-07-06,ev_t4_arid_ahmad2020_1,ahmad_2020,,flag,confirmed_pass,"this is an interesting paper but it is hard to get any variable relationships out of it it, there is a lot of information hhidden in the figures. If you did not interpret the figures you may need to ask me to procide you sscreengrabs. Inpaeticular Fig8 and Table2.",peetmate
2026-07-06,ev_t4_tcc_ahmad2020_1,ahmad_2020,,drop,off_scope,"tree cover != agroforestry, bad mistake, avoid in future. This is general description of a global trend or study area.",peetmate
2026-07-06,ev_t4_tcc_brandt2015_1,brandt_2015,,ok,confirmed_pass,,peetmate
2026-07-06,ev_t4_lc_brandt2015_1,brandt_2015,,drop,off_scope,,peetmate
2026-07-06,ev_t4_prec_brandt2015_1,brandt_2015,,drop,off_scope,,peetmate
2026-07-06,ev_t4_soc_brandt2015_1,brandt_2015,,drop,wrong_practice,"This talks about CSA, which contains Agroforestry, but is an umbrella for many of practices too, there  is no direct link here to Planted silvoarable in this table it is too generic.",peetmate
2026-07-06,ev_t4_att_brandt2015_1,brandt_2015,,drop,off_scope,,peetmate
2026-07-06,ev_t4_ai_brandt2015_1,brandt_2015,,drop,off_scope,,peetmate
2026-07-06,ev_t4_soil_drain_castle2025_1,castle_2025,,ok,confirmed_pass,,peetmate
2026-07-06,ev_t4_soil_ph_castle2025_1,castle_2025,,drop,off_scope,,peetmate
2026-07-06,ev_t4_ann_precip_castle2025_1,castle_2025,,drop,off_scope,,peetmate
2026-07-06,ev_t4_land_cover_castle2025_1,castle_2025,,ok,,,peetmate
2026-07-06,ev_t4_tenure_castle2025_1,castle_2025,,flag,other,I think this is table 3/next steps not table 4 structural suitability.,peetmate
2026-07-06,ev_t4_finance_castle2025_1,castle_2025,,drop,off_scope,,peetmate
2026-07-06,ev_t4_finance_castle2025_2,castle_2025,,flag,other,"nees to be associated with references 16-19.
IS this T4? or T3 project risk and implementation gudiances for next steps?",peetmate
2026-07-06,ev_t4_market_castle2025_1,castle_2025,,flag,,is this T4 or T3 project risk/enabling environment and/or implementation and next steps?,peetmate
2026-07-06,ev_t4_extension_castle2025_1,castle_2025,,flag,,again is this T4 or T3 project risk/enablers and nextsteps for implementation?,peetmate
2026-07-06,ev_t3_runoff_castle2025_1,castle_2025,,flag,other,note the link to table S2 which strongly suggests we need to look in supplemental materials -  this should be something that discovery and extraction agents flag and try to obtain.,peetmate
2026-07-06,ev_T4_slope_chuma21_1,chuma_2021,,ok,,,"Namita-J,peetmate"
2026-07-06,ev_T4_slope_haile2024_2,haile_2024,,ok,,,peetmate
2026-07-06,ev_T4_slope_haris2021_1,haris_2021,,drop,species_envelope,Sengon is a agroforestry species/,peetmate
2026-07-06,ev_T4_annualprecip_haris2021_1,haris_2021,,flag,other,"I think this can be used as a vote count for annual precipitatoin, but the Sengon land units are not a useful variable for VONT and there is useable evidence for classification of a sutiablity variable here,",peetmate
2026-07-06,ev_t4_slope_jawarneh2025_1,jawarneh_2025,,drop,off_scope,"suitability for sheep and goats, not agroforestry.",peetmate
2026-07-06,ev_t4_slope_kizir_2,kiziridis_2026,,ok,confirmed_pass,this is technically correct but figure 7 e-k offer the clearest information on variable vs suitability.,peetmate
2026-07-06,ev_t4_lc_kizir_1,kiziridis_2026,,flag,other,"technically correct, but how useable is this insight? we need to know WHAT land cover classes.",peetmate
2026-07-06,ev_T4_slope_marinis22_1,marinis_2022,,drop,off_scope,"convoluted pathway, not enough context to understand how LUTs relate to agroforestry if at all.",peetmate
2026-07-06,ev_t4_slope_moisa25_2,moisa_2025,,ok,confirmed_pass,,peetmate
2026-07-06,ev_t4_soildrain_mushtaq2023_1,mushtaq_2023,,drop,species_envelope,read the captions for the Table: Table 4  Normalized weight and area (%) for eight selected parameters based on AHP and rank assigned to their sub-classes based on mulberry suitability ->  it states this is Mulberry suitability not general agroforestry suitability.,peetmate
2026-07-06,ev_t4_soilph_mushtaq2023_2,mushtaq_2023,,drop,species_envelope,"this is mulberry agroforestry very obviously species specific and not general, it is concerning that this extract passed the instructions to agents need tightening, include this as an example of something that should have been excluded.",peetmate
2026-07-06,ev_t4_soilph_mushtaq2023_3,mushtaq_2023,,drop,species_envelope,,peetmate
2026-07-06,ev_t4_meanann_nath21_01,nath_2021,,ok,confirmed_pass,,peetmate
2026-07-06,ev_t4_annualp_nath21_02,nath_2021,,flag,other,"this precipitation amount must be very context specific to region/country/AEZ as there are vast areas of farmland that get <1000mm rainfall per year that are highly suitable for agroforestry elsewhere in the world. This is not a ""global"" generalizable number.",peetmate
2026-07-06,ev_t4_aridity_nath21_03,nath_2021,,flag,other,"be sure to note what aridity index they are using, there are different types and ultimately we will need to harmonize.",peetmate
2026-07-06,ev_t4_soildra_nath21_01,nath_2021,,flag,other,"the soil drainage codes are not interpretable as ordinal values, more information is needed as to what exactly the codes refer to if we are going to be able to use this practically.

we need an issue that refers to this type of probelm",peetmate
2026-07-06,ev_t4_slope_nath21_01,nath_2021,,ok,confirmed_pass,,peetmate
2026-07-06,ev_t4_market_palma2007_01,palma_2007,,flag,other,"This is an interesting finding, perhaps relevant to the next steps module of the toolkit, but the variable itself might need some more scrutiny. Market_value_chain does suggest there is  some way of selling timber from agroforestry so that is a start",peetmate
2026-07-06,ev_t4_finance_palma2007_01,palma_2007,,drop,other,"this is neither used in suitability analysis nor measured in any quantitative or qualitative way, it is a reflection and assumption that relates to something they think could be important but they do not know at present. Therefore we should reject this as the evidence is not strong enough, used or first (or even second) hand.",peetmate
2026-07-06,ev_T4_slope_seja2022_1,seja_2022,,flag,other,"I find it hard to understand this methodology, the slope is for different Land Use units they have identified, but the rationale for their selection is unclear, this may not represent the full potential for AF and the 8% min slope is a red flag. However the 72% upper bound is interesting too, although perhaps totally unfeasible. 

This is borderline.",peetmate
2026-07-06,ev_T4_temp_seja2022_2,seja_2022,,drop,off_scope,"I don't think this directly relates to agroforestry suitability, I think these are just zones for potential agroforestry implementation that are being described.",peetmate
2026-07-06,ev_T4_tenure_singh24_1,singh_2024,,flag,other,is this T4 or T3 risk/enabling factors and next steps?,peetmate
2026-07-06,ev_T4_market_singh24_1,singh_2024,,flag,other,"T4 or T3/next steps?
must be linked to source [7]",peetmate
2026-07-06,ev_T4_extgov_singh24_1,singh_2024,,flag,other,is this T4 or T3 risk/enabling factors and next steps?,peetmate
2026-07-06,ev_t4_slope_sper24_2,sperandio_2024,,drop,off_scope,general discussion point not clearly linked to agroforestry.,peetmate
2026-07-06,ev_T4_precip_unger2023_1,unger_2023,,drop,off_scope,this is about a study area not suitability!,peetmate
2026-07-06,ev_T4_gov_unger2023_1,unger_2023,,drop,other,"Too high level and hand-wavy, indirect and assumed causation, no qualitative or quantitative evidence presented.",peetmate
2026-07-06,ev_T4_landcover_wotlolan2021_1,wotlolan_2021,,ok,confirmed_pass,,peetmate
2026-07-06,ev_tree_canopy_cover_abigaba24_shading_levels,abigaba_2024,,drop,wrong_table,"this is not structural suitability, it shows the ability of the NbS to reduce max temperatures which relates to T3 hazard response.",peetmate
2026-07-06,ev_mean_annual_temperature_abigaba24_robusta_lowlands,abigaba_2024,,drop,species_envelope,robusta coffee -> this is species specific not general,peetmate
2026-07-06,ev_annual_precipitation_abigaba24_robusta,abigaba_2024,,drop,species_envelope,clearly about robusta coffee not a general agroforestry practice.,peetmate
2026-07-06,ev_annual_precipitation_abigaba24_banana,abigaba_2024,,drop,species_envelope,Crop suitability not agroforestry suitability.,peetmate
2026-07-06,ev_soil_ph_abigaba24_robusta,abigaba_2024,,ok,confirmed_pass,,peetmate
2026-07-06,ev_soilph_affan24_p5_ideal,affan_2024,,drop,species_envelope,"This is general discussion of the study context and some general information about crop preferences for coffee. So it should be dismissed as it is a species envelope not a general suitability characteristic of agroforestry,",peetmate
2026-07-06,ev_temp_affan24_p5_ideal,affan_2024,,drop,species_envelope,BAD. This is clearly a species envelope for single crop -> coffee.,peetmate
2026-07-06,ev_land_cover_mantino26_01,mantino_2026,,drop,other,"Yes LULC is a variable used, but this information is too vague to be of any use, we need to know what LULC classes were included and how they were included. Suggest we add reason of ""Insufficent detail"" and refine the agents to deal with this. I suspect the information we need should be contained elsewhere in the paper.",peetmate
2026-07-06,ev_soil_ph_singh26,singh_2026,,ok,,,peetmate
2026-07-06,ev_soil_drainage_singh26,singh_2026,,flag,other,"there is some information on drainage, but agree is it is too qualitative to use. But you missed the directionality of the relationship which is a BIG miss.

Add issue for this type of error - directionality/relationship missed.",peetmate
2026-07-06,ev_soil_texture_singh26,singh_2026,,flag,other,"very high = fine texture, high = fine to couse, moderate - source -> missed",peetmate
2026-07-06,ev_slope_singh26,singh_2026,,flag,other,mathematical relationship missed,peetmate
2026-07-06,ev_mat_singh26,singh_2026,,flag,other,Suitability mathematical relationship missed,peetmate
2026-07-06,ev_precip_singh26,singh_2026,,flag,other,"Again there is relationship presented for suitability and the variable, this is VERY IMPORTANT TO CAPTURE AND HAS BEEN MISSED!",peetmate
2026-07-06,ev_dist_road_qual_singh26,singh_2026,,flag,,"THere are relationships for distance from forest, settlement, waterbody, cropland and road that is montotonically decreasing linear. This is an important relationship to capture and exactly th einformation we need for the suitability mapping.

Also note there is no reason that corresponds to this type of issues, please create one.",peetmate
2026-07-06,ev_dist_road_ml_singh26,singh_2026,,flag,other,where is the context to understand the variable importance or weight?? do we need to standardize to compare between studies?,peetmate
2026-07-06,ev_dist_settlement_qual_singh26,singh_2026,,flag,other,mathematical relationship missing,peetmate
2026-07-06,ev_dist_settlement_ml_singh26,singh_2026,,ok,,,peetmate
2026-07-06,ev_land_cover_singh26,singh_2026,,drop,other,"useless evidence description - landcover is far too vague.

again should be an issue that relate to this type of problem.",peetmate
2026-07-06,ev_slope_inab_aa_def,inab_landcap_guatemala,,drop,other,"difficult to udnerstand the context, poor quality publication.",peetmate
2026-07-06,ev_soildepth_inab_aa_def,inab_landcap_guatemala,,ok,,,peetmate
2026-07-06,ev_slope_inab_c1_aa,inab_landcap_guatemala,,drop,,not enough context for me to review,peetmate
2026-07-06,ev_soildepth_inab_c1_aa,inab_landcap_guatemala,,drop,,I cannot interpret this table there is no caption or context.,peetmate
2026-07-06,ev_slope_inab_c2_aa,inab_landcap_guatemala,,drop,other,"screngrab failed, not enough context to make judgement",peetmate
2026-07-06,ev_soildepth_inab_c2_aa,inab_landcap_guatemala,,drop,other,"table screengrab incorrect, not enough context to review.",peetmate
2026-07-06,ev_slope_inab_c3_aa,inab_landcap_guatemala,,drop,,"screngrab failed, not enough context to make judgement",peetmate
2026-07-06,ev_soildepth_inab_c3_aa,inab_landcap_guatemala,,drop,,Cannot interpret not enough context and no caption.,peetmate
2026-07-06,ev_slope_inab_c4_aa,inab_landcap_guatemala,,drop,,"screngrab failed, not enough context to make judgement",peetmate
2026-07-06,ev_soildepth_inab_c4_aa,inab_landcap_guatemala,,drop,,"cannot interpret, not enough context or, no caption, table screengrab just shows a small box saying CUADRO 4.",peetmate
2026-07-06,ev_slope_inab_c5_aa,inab_landcap_guatemala,,drop,,"screngrab failed, not enough context to make judgement",peetmate
2026-07-06,ev_soildepth_inab_c5_aa,inab_landcap_guatemala,,drop,other,"screen grab shows a tiny box saying cuadro only, no caption no context - cannot interpret.

add issue for ""not enough context to allow review""",peetmate
2026-07-06,ev_slope_inab_c6_aa,inab_landcap_guatemala,,drop,,"screngrab failed, not enough context to make judgement",peetmate
2026-07-06,ev_soildepth_inab_c6_aa,inab_landcap_guatemala,,drop,other,"screen grab shows a tiny box saying cuadro only, no caption no context - cannot interpret.

add issue for ""not enough context to allow review""",peetmate
2026-07-06,ev_slope_inab_c7_aa,inab_landcap_guatemala,,drop,other,not enough context to make judgement,peetmate
2026-07-06,ev_soildepth_inab_c7_aa,inab_landcap_guatemala,,drop,other,"no caption no context fro screengrabbed table - cannot interpret.

add issue for ""not enough context to allow review""",peetmate
2026-07-06,ev_slope_inab_p92_aa_example,inab_landcap_guatemala,,drop,other,not enough context to understand if this about suitability or a site specific description. What does Aa mean?,peetmate
2026-07-06,ev_soildepth_inab_p92_aa_example,inab_landcap_guatemala,,ok,other,"a rather site specific paper, note to review if this is too context specific to be useful or if the information should be given a regional/national flag.",peetmate
2026-07-06,EV_crs_fmnr_niger_2025_017,crs_fmnr_niger_2025,,flag,,"soil texture -> sure but this is very vague, how would we use this information? are there more details in the rest of the manuscript?",peetmate
2026-07-06,ev_production_gap_saraheb3_tool,saraheb3_af_midwest,,ok,confirmed_pass,,peetmate
2026-07-06,ev_soil_erosion_risk_saraheb3_tool,saraheb3_af_midwest,,drop,insufficient_context,,peetmate
2026-07-06,ev_soil_erosion_risk_saraheb3_p1_water,saraheb3_af_map,,flag,other,the weight is useless without any context -> 5 out of what? how do we interpret the weight!?,peetmate
2026-07-06,ev_soil_erosion_wind_saraheb3_p1_wind,saraheb3_af_map,,flag,other,weighting has no context and cannot be interpreted,peetmate
2026-07-06,ev_carbon_sequestration_potential_saraheb3_p1_soil,saraheb3_af_map,,flag,other,missing context to interpret what weghting 5 means -> how will we standardize to interpret weightings between sources?,peetmate
2026-07-06,ev_carbon_sequestration_potential_saraheb3_p3_soil,saraheb3_af_map,,ok,confirmed_pass,,peetmate
2026-07-06,ev_land_cover_saraheb3_cdl,saraheb3_af_map,,flag,other,"I do not know how to review this there is no encoded evidence to view...land_cover in itself not helpful, we need to know what classes are included or excluded",peetmate
2026-07-06,cgspace_singh_southasia_2020__soil_texture_hsg__01,cgspace_singh_southasia_2020,,drop,insufficient_context,,peetmate
2026-07-06,cgspace_singh_southasia_2020__soil_texture_hsg__02,cgspace_singh_southasia_2020,,ok,confirmed_pass,,peetmate
2026-07-06,cgspace_singh_southasia_2020__land_cover__01,cgspace_singh_southasia_2020,,flag,insufficient_context,"I cannot tell if the 1-4 and 5-7 classes top of left col of P73 correspond to the text in the right col of P73, there could be an error here.",peetmate
2026-07-06,cgspace_singh_southasia_2020__land_cover__02,cgspace_singh_southasia_2020,,drop,off_scope,This just a description of % of area that was suitable for Agroforestry it is not directly about sutiability,peetmate
2026-07-06,cgspace_singh_southasia_2020__tree_canopy_cover__01,cgspace_singh_southasia_2020,,drop,off_scope,not good enough this is vague inference that is most likely wrong. there is no direct link betwen agroforestry and a suitability variable.,peetmate
2026-07-09,ev_tree_canopy_cover_batcheler24_1,batcheler_silvopasture_2024,,drop,off_scope,,peetmate
2026-07-09,ev_tenure_security_castle21_1,castle_sr_2021,,flag,off_scope,Borderline/Reevaluate: Is this part of structural suitability T4? or part of project risk T3 and/or next steps guidance?,peetmate
2026-07-09,ev_tenure_security_castle21_2,castle_sr_2021,,drop,off_scope,,peetmate
2026-07-09,ev_tenure_security_castle21_3,castle_sr_2021,,drop,off_scope,,peetmate
2026-07-09,ev_labour_availability_castle21_1,castle_sr_2021,,drop,other,"This reads like discussion or speculation, ""may still deter"", yes it makes sense and is logical, but is there quantitative or qualitative evidence that was used here? I cannot confidently say yes, so dropping it.",peetmate
2026-07-09,ev_extension_governance_castle21_1,castle_sr_2021,,drop,off_scope,,peetmate
2026-07-09,ev_extension_governance_castle21_2,castle_sr_2021,,flag,off_scope,"Fine, but is this T4 or project enabling environment for the project risk? and/or part of the next steps table?",peetmate
2026-07-09,ev_finance_credit_access_castle21_1,castle_sr_2021,,flag,other,"this about adoption and socio-economic factors that relate to uptake, this is not T4 structural suitability. You should not be making this mistake - the agents should have been updated to assign this to T3 and/or next steps.

Also there shuold be a""Reason"" that clearly correspond to this issue.",peetmate
2026-07-09,ev_market_value_chain_castle21_1,castle_sr_2021,,flag,other,is this T4 or T3 risk/enabling factors and next steps?,peetmate
2026-07-09,ev_slope_fesenmyer25_1,fesenmyer_2025,,drop,other,wrong practice not agroforestry,peetmate
2026-07-09,ev_tree_canopy_cover_fesenmyer25_1,fesenmyer_2025,,drop,off_scope,,peetmate
2026-07-09,ev_tenure_security_fesenmyer25_1,fesenmyer_2025,,flag,other,"Agree it is directional claim, but is this for project risk in T3 or for T4 structural suitability?",peetmate
2026-07-09,ev_accessibility_travel_time_fesenmyer25_1,fesenmyer_2025,,drop,other,"reforestation not agroforestry, no evidence this paper should be mapped to agroforestry.",peetmate
2026-07-09,ev_tree_canopy_cover_sprenkle24_1,sprenkle_hyppolite_2024,,ok,confirmed_pass,,peetmate
2026-07-09,ev_tree_canopy_cover_sprenkle24_2,sprenkle_hyppolite_2024,,ok,confirmed_pass,error is very useful to collect we should review how this is handled.,peetmate
2026-07-09,ev_tree_canopy_cover_sprenkle24_3,sprenkle_hyppolite_2024,,drop,speculative_evidence,,peetmate
2026-07-09,ev_tree_canopy_cover_sprenkle24_4,sprenkle_hyppolite_2024,,ok,confirmed_pass,,peetmate
2026-07-09,ev_tree_canopy_cover_sprenkle24_5,sprenkle_hyppolite_2024,,drop,off_scope,Section is about CO2 removal and not agroforestry sutiability.,peetmate
2026-07-09,ev_soil_ph_fsrp22_1,wb_fsrp_2022,,drop,off_scope,,peetmate
2026-07-09,ev_soil_organic_carbon_fsrp22_1,wb_fsrp_2022,,drop,off_scope,this is a generic problem statement not tied to agroforestry at all.,peetmate
2026-07-09,ev_tenure_security_fsrp22_1,wb_fsrp_2022,,drop,off_scope,,peetmate
2026-07-09,ev_conflict_fragility_index_fsrp22_1,wb_fsrp_2022,,drop,off_scope,,peetmate
2026-07-09,ev_extension_governance_fsrp22_1,wb_fsrp_2022,,drop,off_scope,,peetmate
2026-07-09,ev_tenure_security_kcsap16_1,wb_kcsap_2016,,drop,off_scope,,peetmate
2026-07-09,ev_annual_precipitation_kcsap16_1,wb_kcsap_2016,,drop,off_scope,"seems like a description of a farming system, project context or site.",peetmate
2026-07-09,ev_annual_precipitation_kcsap16_2,wb_kcsap_2016,,drop,off_scope,"This is a generic context description that is too vague and high-level to be used to inform structural sutiabiltity evidence.

We should not be collect evidence from the description of project context or study site or similar for T4 -> make sure the agents stop doing this. Make sure there is an issue to select for this.",peetmate
2026-07-09,ev_aridity_index_kcsap16_1,wb_kcsap_2016,,drop,off_scope,,peetmate
2026-07-09,ev_land_cover_kcsap16_1,wb_kcsap_2016,,drop,off_scope,,peetmate
2026-07-09,ev_extension_governance_kcsap16_1,wb_kcsap_2016,,drop,off_scope,,peetmate
2026-07-09,ev_finance_credit_access_kcsap16_1,wb_kcsap_2016,,drop,off_scope,,peetmate
2026-07-09,ev_market_value_chain_kcsap16_1,wb_kcsap_2016,,drop,off_scope,,peetmate
2026-07-09,ev_tree_canopy_cover_zomer14_1,zomer_2014,,drop,off_scope,"not related to agroforestry suitability, this is an obvious one and should have been better handled.",peetmate
2026-07-09,ev_tree_canopy_cover_zomer14_2,zomer_2014,,drop,off_scope,Section is just describing biomass distribution and tree cover this is nothing to do with suitability.,peetmate
2026-07-09,ev_tree_canopy_cover_zomer14_3,zomer_2014,,drop,off_scope,Section is just describing biomass distribution and tree cover this is nothing to do with suitability.,peetmate
2026-07-09,ev_land_cover_zomer14_2,zomer_2014,,drop,off_scope,,peetmate
2026-07-09,ev_aridity_index_zomer14_1,zomer_2014,,flag,confirmed_pass,"this is a bit borderline, but I will accept it.",peetmate
2026-07-09,ev_aridity_index_zomer14_2,zomer_2014,,flag,confirmed_pass,"it's a bit borderline, but I will accept it, seems to be duplicate entry from the paper for the same variable though. 
you should make a note to harmonize duplicate entries -> this can happen after evidence extraction.",peetmate
2026-07-09,ev_t6_beneficiaries_kcsap16_7,wb_kcsap_2016,,drop,off_scope,"CSA project beneficiaries are nothing to do with NbS practice suitability, this is an obvious mistake which  should review and fix the extraction agents and QAQC agents to remove.",peetmate
2026-07-09,ev_t4_landcover_ahmad17_1,ahmad_2017,,ok,confirmed_pass,"ok, but not terribly useful",peetmate
2026-07-09,ev_T4_slope_ahmad2018_1,ahmad_2018,,ok,,,peetmate
2026-07-09,ev_T4_soc_ahmad2018_1,ahmad_2018,,flag,off_scope,"this table seems to be about determining soil fertility status is this directly related to the papers method for calculating AF sutiabilty? if it is this needs to be noted and explained, if not the claim should be rejected.",peetmate
2026-07-09,ev_T4_soilph_ahmad2018_1,ahmad_2018,,drop,,,peetmate
2026-07-09,ev_T4_landcover_ahmad2018_1,ahmad_2018,,drop,other,this is agroforestry suitability in certain LULCs it is not a an evidence source. 86.4% agriculture pct in very high suitability is not an appropriate evidence sources. We need to quote the suitability methods not subsequent overlays.,peetmate
2026-07-09,ev_t4_lndcov_ahmad2020_1,ahmad_2020,,drop,off_scope,"seems to be a description of mapped suitability for an area, this is not at all useful for implementing a suitability analysis. BAD MISTAKE LEARN NOT TO DO THIS AGAIN.",peetmate
2026-07-09,ev_t4_arid_ahmad2020_1,ahmad_2020,,flag,confirmed_pass,"this is an interesting paper but it is hard to get any variable relationships out of it it, there is a lot of information hhidden in the figures. If you did not interpret the figures you may need to ask me to procide you sscreengrabs. Inpaeticular Fig8 and Table2.",peetmate
2026-07-09,ev_t4_tcc_ahmad2020_1,ahmad_2020,,drop,off_scope,"tree cover != agroforestry, bad mistake, avoid in future. This is general description of a global trend or study area.",peetmate
2026-07-09,ev_t4_tcc_brandt2015_1,brandt_2015,,ok,confirmed_pass,,peetmate
2026-07-09,ev_t4_lc_brandt2015_1,brandt_2015,,drop,off_scope,,peetmate
2026-07-09,ev_t4_prec_brandt2015_1,brandt_2015,,drop,off_scope,,peetmate
2026-07-09,ev_t4_soc_brandt2015_1,brandt_2015,,drop,wrong_practice,"This talks about CSA, which contains Agroforestry, but is an umbrella for many of practices too, there  is no direct link here to Planted silvoarable in this table it is too generic.",peetmate
2026-07-09,ev_t4_att_brandt2015_1,brandt_2015,,drop,off_scope,,peetmate
2026-07-09,ev_t4_ai_brandt2015_1,brandt_2015,,drop,off_scope,,peetmate
2026-07-09,ev_t4_soil_drain_castle2025_1,castle_2025,,ok,confirmed_pass,,peetmate
2026-07-09,ev_t4_soil_ph_castle2025_1,castle_2025,,drop,off_scope,,peetmate
2026-07-09,ev_t4_ann_precip_castle2025_1,castle_2025,,drop,off_scope,,peetmate
2026-07-09,ev_t4_land_cover_castle2025_1,castle_2025,,ok,,,peetmate
2026-07-09,ev_t4_land_cover_castle2025_2,castle_2025,,flag,,sure land cover is important but how it be actioned? what classes are in or out?,peetmate
2026-07-09,ev_t4_tenure_castle2025_1,castle_2025,,flag,other,I think this is table 3/next steps not table 4 structural suitability.,peetmate
2026-07-09,ev_t4_finance_castle2025_1,castle_2025,,drop,off_scope,,peetmate
2026-07-09,ev_t4_finance_castle2025_2,castle_2025,,flag,other,"nees to be associated with references 16-19.
IS this T4? or T3 project risk and implementation gudiances for next steps?",peetmate
2026-07-09,ev_t4_market_castle2025_1,castle_2025,,flag,,is this T4 or T3 project risk/enabling environment and/or implementation and next steps?,peetmate
2026-07-09,ev_t4_extension_castle2025_1,castle_2025,,flag,,again is this T4 or T3 project risk/enablers and nextsteps for implementation?,peetmate
2026-07-09,ev_t3_runoff_castle2025_1,castle_2025,,flag,other,note the link to table S2 which strongly suggests we need to look in supplemental materials -  this should be something that discovery and extraction agents flag and try to obtain.,peetmate
2026-07-09,ev_T4_slope_chuma21_1,chuma_2021,,ok,,,"Namita-J,peetmate"
2026-07-09,ev_T4_slope_haile2024_2,haile_2024,,ok,,,peetmate
2026-07-09,ev_T4_slope_haris2021_1,haris_2021,,drop,species_envelope,Sengon is a agroforestry species/,peetmate
2026-07-09,ev_T4_annualprecip_haris2021_1,haris_2021,,flag,other,"I think this can be used as a vote count for annual precipitatoin, but the Sengon land units are not a useful variable for VONT and there is useable evidence for classification of a sutiablity variable here,",peetmate
2026-07-09,ev_t4_slope_jawarneh2025_1,jawarneh_2025,,drop,off_scope,"suitability for sheep and goats, not agroforestry.",peetmate
2026-07-09,ev_t4_slope_kizir_1,kiziridis_2026,,ok,,,peetmate
2026-07-09,ev_t4_slope_kizir_2,kiziridis_2026,,ok,confirmed_pass,this is technically correct but figure 7 e-k offer the clearest information on variable vs suitability.,peetmate
2026-07-09,ev_t4_slope_kizir_3,kiziridis_2026,,flag,wrong_table,"carbon sequestration potential - potentially relevant to T6, but not practice suitability per se.",peetmate
2026-07-09,ev_t4_lc_kizir_1,kiziridis_2026,,flag,other,"technically correct, but how useable is this insight? we need to know WHAT land cover classes.",peetmate
2026-07-09,ev_t4_lc_kizir_2,kiziridis_2026,,flag,,"sure land cover is important, but what classes are in or out? how can this information be actioned?",peetmate
2026-07-09,ev_T4_slope_marinis22_1,marinis_2022,,drop,off_scope,"convoluted pathway, not enough context to understand how LUTs relate to agroforestry if at all.",peetmate
2026-07-09,ev_T4_slope_marinis22_2,marinis_2022,,drop,off_scope,these are sutiability for land uses? not agroforestry per se?,peetmate
2026-07-09,ev_t4_slope_moisa25_2,moisa_2025,,ok,confirmed_pass,,peetmate
2026-07-09,ev_t4_pa_mucida23_1,mucida_2023,,ok,other,"This is borderline, I think it is technically correct, but not terribly helpful.",peetmate
2026-07-09,ev_t4_soildrain_mushtaq2023_1,mushtaq_2023,,drop,species_envelope,read the captions for the Table: Table 4  Normalized weight and area (%) for eight selected parameters based on AHP and rank assigned to their sub-classes based on mulberry suitability ->  it states this is Mulberry suitability not general agroforestry suitability.,peetmate
2026-07-09,ev_t4_soilph_mushtaq2023_2,mushtaq_2023,,drop,species_envelope,"this is mulberry agroforestry very obviously species specific and not general, it is concerning that this extract passed the instructions to agents need tightening, include this as an example of something that should have been excluded.",peetmate
2026-07-09,ev_t4_soilph_mushtaq2023_3,mushtaq_2023,,drop,species_envelope,,peetmate
2026-07-09,ev_t4_mat_mushtaq2023_2,mushtaq_2023,,flag,species_envelope,"the paper is about mulberry, ensure this reference is general not crop specific. The insight should not be generalized beyond it's context, clearly agroforestry in different contexts is perfectly viable in areas with rainfall <1200mm, the same is probably true of temperature (but I am not so sure on this).",peetmate
2026-07-09,ev_t4_meanann_nath21_01,nath_2021,,ok,confirmed_pass,,peetmate
2026-07-09,ev_t4_annualp_nath21_02,nath_2021,,flag,other,"this precipitation amount must be very context specific to region/country/AEZ as there are vast areas of farmland that get <1000mm rainfall per year that are highly suitable for agroforestry elsewhere in the world. This is not a ""global"" generalizable number.",peetmate
2026-07-09,ev_t4_aridity_nath21_03,nath_2021,,flag,other,"be sure to note what aridity index they are using, there are different types and ultimately we will need to harmonize.",peetmate
2026-07-09,ev_t4_soildra_nath21_01,nath_2021,,flag,other,"the soil drainage codes are not interpretable as ordinal values, more information is needed as to what exactly the codes refer to if we are going to be able to use this practically.

we need an issue that refers to this type of probelm",peetmate
2026-07-09,ev_t4_slope_nath21_01,nath_2021,,ok,confirmed_pass,,peetmate
2026-07-09,ev_t4_market_palma2007_01,palma_2007,,flag,other,"This is an interesting finding, perhaps relevant to the next steps module of the toolkit, but the variable itself might need some more scrutiny. Market_value_chain does suggest there is  some way of selling timber from agroforestry so that is a start",peetmate
2026-07-09,ev_t4_finance_palma2007_01,palma_2007,,drop,other,"this is neither used in suitability analysis nor measured in any quantitative or qualitative way, it is a reflection and assumption that relates to something they think could be important but they do not know at present. Therefore we should reject this as the evidence is not strong enough, used or first (or even second) hand.",peetmate
2026-07-09,ev_T4_slope_seja2022_1,seja_2022,,flag,other,"I find it hard to understand this methodology, the slope is for different Land Use units they have identified, but the rationale for their selection is unclear, this may not represent the full potential for AF and the 8% min slope is a red flag. However the 72% upper bound is interesting too, although perhaps totally unfeasible. 

This is borderline.",peetmate
2026-07-09,ev_T4_temp_seja2022_2,seja_2022,,drop,off_scope,"I don't think this directly relates to agroforestry suitability, I think these are just zones for potential agroforestry implementation that are being described.",peetmate
2026-07-09,ev_T4_tenure_singh24_1,singh_2024,,flag,other,is this T4 or T3 risk/enabling factors and next steps?,peetmate
2026-07-09,ev_T4_market_singh24_1,singh_2024,,flag,other,"T4 or T3/next steps?
must be linked to source [7]",peetmate
2026-07-09,ev_T4_extgov_singh24_1,singh_2024,,flag,other,is this T4 or T3 risk/enabling factors and next steps?,peetmate
2026-07-09,ev_t4_slope_sper24_2,sperandio_2024,,drop,off_scope,general discussion point not clearly linked to agroforestry.,peetmate
2026-07-09,ev_T4_precip_unger2023_1,unger_2023,,drop,off_scope,this is about a study area not suitability!,peetmate
2026-07-09,ev_T4_gov_unger2023_1,unger_2023,,drop,other,"Too high level and hand-wavy, indirect and assumed causation, no qualitative or quantitative evidence presented.",peetmate
2026-07-09,ev_T4_landcover_wotlolan2021_1,wotlolan_2021,,ok,confirmed_pass,,peetmate
2026-07-09,ev_tree_canopy_cover_abigaba24_table2_le50,abigaba_2024,,drop,species_envelope,,peetmate
2026-07-09,ev_tree_canopy_cover_abigaba24_shading_levels,abigaba_2024,,drop,wrong_table,"this is not structural suitability, it shows the ability of the NbS to reduce max temperatures which relates to T3 hazard response.",peetmate
2026-07-09,ev_tree_canopy_cover_abigaba24_temp_reduction,abigaba_2024,,flag,wrong_table,this is for T3 not T4,peetmate
2026-07-09,ev_mean_annual_temperature_abigaba24_arabica_seasonality,abigaba_2024,,drop,species_envelope,,peetmate
2026-07-09,ev_mean_annual_temperature_abigaba24_robusta_lowlands,abigaba_2024,,drop,species_envelope,robusta coffee -> this is species specific not general,peetmate
2026-07-09,ev_annual_precipitation_abigaba24_robusta,abigaba_2024,,drop,species_envelope,clearly about robusta coffee not a general agroforestry practice.,peetmate
2026-07-09,ev_annual_precipitation_abigaba24_banana,abigaba_2024,,drop,species_envelope,Crop suitability not agroforestry suitability.,peetmate
2026-07-09,ev_soil_ph_abigaba24_robusta,abigaba_2024,,ok,confirmed_pass,,peetmate
2026-07-09,ev_slope_affan24_table4,affan_2024,,drop,species_envelope,coffee,peetmate
2026-07-09,ev_soilph_affan24_table4,affan_2024,,drop,species_envelope,specific to coffee,peetmate
2026-07-09,ev_soilph_affan24_p5_ideal,affan_2024,,drop,species_envelope,"This is general discussion of the study context and some general information about crop preferences for coffee. So it should be dismissed as it is a species envelope not a general suitability characteristic of agroforestry,",peetmate
2026-07-09,ev_temp_affan24_p4_dahlia,affan_2024,,drop,species_envelope,quote is specific to coffee.,peetmate
2026-07-09,ev_temp_affan24_p5_ideal,affan_2024,,drop,species_envelope,BAD. This is clearly a species envelope for single crop -> coffee.,peetmate
2026-07-09,ev_texture_affan24_table4,affan_2024,,drop,species_envelope,coffee,peetmate
2026-07-09,ev_soilph_affan24_p3_obs,affan_2024,,drop,species_envelope,specific to coffee,peetmate
2026-07-09,ev_land_cover_mantino26_01,mantino_2026,,drop,other,"Yes LULC is a variable used, but this information is too vague to be of any use, we need to know what LULC classes were included and how they were included. Suggest we add reason of ""Insufficent detail"" and refine the agents to deal with this. I suspect the information we need should be contained elsewhere in the paper.",peetmate
2026-07-09,ev_soil_ph_singh26,singh_2026,,ok,,,peetmate
2026-07-09,ev_soil_drainage_singh26,singh_2026,,flag,other,"there is some information on drainage, but agree is it is too qualitative to use. But you missed the directionality of the relationship which is a BIG miss.

Add issue for this type of error - directionality/relationship missed.",peetmate
2026-07-09,ev_soil_texture_singh26,singh_2026,,flag,other,"very high = fine texture, high = fine to couse, moderate - source -> missed",peetmate
2026-07-09,ev_slope_singh26,singh_2026,,flag,other,mathematical relationship missed,peetmate
2026-07-09,ev_mat_singh26,singh_2026,,flag,other,Suitability mathematical relationship missed,peetmate
2026-07-09,ev_precip_singh26,singh_2026,,flag,other,"Again there is relationship presented for suitability and the variable, this is VERY IMPORTANT TO CAPTURE AND HAS BEEN MISSED!",peetmate
2026-07-09,ev_dist_road_qual_singh26,singh_2026,,flag,,"THere are relationships for distance from forest, settlement, waterbody, cropland and road that is montotonically decreasing linear. This is an important relationship to capture and exactly th einformation we need for the suitability mapping.

Also note there is no reason that corresponds to this type of issues, please create one.",peetmate
2026-07-09,ev_dist_road_ml_singh26,singh_2026,,flag,other,where is the context to understand the variable importance or weight?? do we need to standardize to compare between studies?,peetmate
2026-07-09,ev_dist_settlement_qual_singh26,singh_2026,,flag,other,mathematical relationship missing,peetmate
2026-07-09,ev_dist_settlement_ml_singh26,singh_2026,,ok,,,peetmate
2026-07-09,ev_land_cover_singh26,singh_2026,,drop,other,"useless evidence description - landcover is far too vague.

again should be an issue that relate to this type of problem.",peetmate
2026-07-09,ev_slope_inab_aa_def,inab_landcap_guatemala,,drop,other,"difficult to udnerstand the context, poor quality publication.",peetmate
2026-07-09,ev_soildepth_inab_aa_def,inab_landcap_guatemala,,ok,,,peetmate
2026-07-09,ev_slope_inab_c1_aa,inab_landcap_guatemala,,drop,,not enough context for me to review,peetmate
2026-07-09,ev_soildepth_inab_c1_aa,inab_landcap_guatemala,,drop,,I cannot interpret this table there is no caption or context.,peetmate
2026-07-09,ev_slope_inab_c2_aa,inab_landcap_guatemala,,drop,other,"screngrab failed, not enough context to make judgement",peetmate
2026-07-09,ev_soildepth_inab_c2_aa,inab_landcap_guatemala,,drop,other,"table screengrab incorrect, not enough context to review.",peetmate
2026-07-09,ev_slope_inab_c3_aa,inab_landcap_guatemala,,drop,,"screngrab failed, not enough context to make judgement",peetmate
2026-07-09,ev_soildepth_inab_c3_aa,inab_landcap_guatemala,,drop,,Cannot interpret not enough context and no caption.,peetmate
2026-07-09,ev_slope_inab_c4_aa,inab_landcap_guatemala,,drop,,"screngrab failed, not enough context to make judgement",peetmate
2026-07-09,ev_soildepth_inab_c4_aa,inab_landcap_guatemala,,drop,,"cannot interpret, not enough context or, no caption, table screengrab just shows a small box saying CUADRO 4.",peetmate
2026-07-09,ev_slope_inab_c5_aa,inab_landcap_guatemala,,drop,,"screngrab failed, not enough context to make judgement",peetmate
2026-07-09,ev_soildepth_inab_c5_aa,inab_landcap_guatemala,,drop,other,"screen grab shows a tiny box saying cuadro only, no caption no context - cannot interpret.

add issue for ""not enough context to allow review""",peetmate
2026-07-09,ev_slope_inab_c6_aa,inab_landcap_guatemala,,drop,,"screngrab failed, not enough context to make judgement",peetmate
2026-07-09,ev_soildepth_inab_c6_aa,inab_landcap_guatemala,,drop,other,"screen grab shows a tiny box saying cuadro only, no caption no context - cannot interpret.

add issue for ""not enough context to allow review""",peetmate
2026-07-09,ev_slope_inab_c7_aa,inab_landcap_guatemala,,drop,other,not enough context to make judgement,peetmate
2026-07-09,ev_soildepth_inab_c7_aa,inab_landcap_guatemala,,drop,other,"no caption no context fro screengrabbed table - cannot interpret.

add issue for ""not enough context to allow review""",peetmate
2026-07-09,ev_slope_inab_p92_aa_example,inab_landcap_guatemala,,drop,other,not enough context to understand if this about suitability or a site specific description. What does Aa mean?,peetmate
2026-07-09,ev_soildepth_inab_p92_aa_example,inab_landcap_guatemala,,ok,other,"a rather site specific paper, note to review if this is too context specific to be useful or if the information should be given a regional/national flag.",peetmate
2026-07-09,EV_crs_fmnr_niger_2025_001,crs_fmnr_niger_2025,,flag,,"check for duplication, I swear I have already reviewed this.",peetmate
2026-07-09,EV_crs_fmnr_niger_2025_002,crs_fmnr_niger_2025,,flag,other,"This is factually correct,  but I wonder if making inferences from the general description of a practice is aligned with the overall synthetic review system?",peetmate
2026-07-09,EV_crs_fmnr_niger_2025_016,crs_fmnr_niger_2025,,drop,speculative_evidence,This is not strong direct evidence for a practice suitability relationship.,peetmate
2026-07-09,EV_crs_fmnr_niger_2025_017,crs_fmnr_niger_2025,,flag,,"soil texture -> sure but this is very vague, how would we use this information? are there more details in the rest of the manuscript?",peetmate
2026-07-09,ev_production_gap_saraheb3_tool,saraheb3_af_midwest,,ok,confirmed_pass,,peetmate
2026-07-09,ev_soil_erosion_risk_saraheb3_tool,saraheb3_af_midwest,,drop,insufficient_context,,peetmate
2026-07-09,ev_soil_erosion_risk_saraheb3_p1_water,saraheb3_af_map,,flag,other,the weight is useless without any context -> 5 out of what? how do we interpret the weight!?,peetmate
2026-07-09,ev_soil_erosion_wind_saraheb3_p1_wind,saraheb3_af_map,,flag,other,weighting has no context and cannot be interpreted,peetmate
2026-07-09,ev_carbon_sequestration_potential_saraheb3_p1_soil,saraheb3_af_map,,flag,other,missing context to interpret what weghting 5 means -> how will we standardize to interpret weightings between sources?,peetmate
2026-07-09,ev_soil_erosion_risk_saraheb3_p2_water,saraheb3_af_map,,ok,,,peetmate
2026-07-09,ev_soil_erosion_wind_saraheb3_p2_wind,saraheb3_af_map,,ok,,,peetmate
2026-07-09,ev_carbon_sequestration_potential_saraheb3_p2_soil,saraheb3_af_map,,ok,,,peetmate
2026-07-09,ev_soil_erosion_wind_saraheb3_p3_wind,saraheb3_af_map,,ok,,,peetmate
2026-07-09,ev_carbon_sequestration_potential_saraheb3_p3_soil,saraheb3_af_map,,ok,confirmed_pass,,peetmate
2026-07-09,ev_soil_erosion_risk_saraheb3_p4_water,saraheb3_af_map,,ok,,,peetmate
2026-07-09,ev_soil_erosion_wind_saraheb3_p4_wind,saraheb3_af_map,,ok,,,peetmate
2026-07-09,ev_land_cover_saraheb3_cdl,saraheb3_af_map,,flag,other,"I do not know how to review this there is no encoded evidence to view...land_cover in itself not helpful, we need to know what classes are included or excluded",peetmate
2026-07-09,cgspace_singh_southasia_2020__soil_texture_hsg__01,cgspace_singh_southasia_2020,,drop,insufficient_context,,peetmate
2026-07-09,cgspace_singh_southasia_2020__soil_texture_hsg__02,cgspace_singh_southasia_2020,,ok,confirmed_pass,,peetmate
2026-07-09,cgspace_singh_southasia_2020__land_cover__01,cgspace_singh_southasia_2020,,flag,insufficient_context,"I cannot tell if the 1-4 and 5-7 classes top of left col of P73 correspond to the text in the right col of P73, there could be an error here.",peetmate
2026-07-09,cgspace_singh_southasia_2020__land_cover__02,cgspace_singh_southasia_2020,,drop,off_scope,This just a description of % of area that was suitable for Agroforestry it is not directly about sutiability,peetmate
2026-07-09,cgspace_singh_southasia_2020__tree_canopy_cover__01,cgspace_singh_southasia_2020,,drop,off_scope,not good enough this is vague inference that is most likely wrong. there is no direct link betwen agroforestry and a suitability variable.,peetmate
2026-07-09,ev_tree_canopy_cover_batcheler24_1,batcheler_silvopasture_2024,,drop,off_scope,,peetmate
2026-07-09,ev_tenure_security_castle21_1,castle_sr_2021,,flag,off_scope,Borderline/Reevaluate: Is this part of structural suitability T4? or part of project risk T3 and/or next steps guidance?,peetmate
2026-07-09,ev_tenure_security_castle21_2,castle_sr_2021,,drop,off_scope,,peetmate
2026-07-09,ev_tenure_security_castle21_3,castle_sr_2021,,drop,off_scope,,peetmate
2026-07-09,ev_labour_availability_castle21_1,castle_sr_2021,,drop,other,"This reads like discussion or speculation, ""may still deter"", yes it makes sense and is logical, but is there quantitative or qualitative evidence that was used here? I cannot confidently say yes, so dropping it.",peetmate
2026-07-09,ev_extension_governance_castle21_1,castle_sr_2021,,drop,off_scope,,peetmate
2026-07-09,ev_extension_governance_castle21_2,castle_sr_2021,,flag,off_scope,"Fine, but is this T4 or project enabling environment for the project risk? and/or part of the next steps table?",peetmate
2026-07-09,ev_finance_credit_access_castle21_1,castle_sr_2021,,flag,other,"this about adoption and socio-economic factors that relate to uptake, this is not T4 structural suitability. You should not be making this mistake - the agents should have been updated to assign this to T3 and/or next steps.

Also there shuold be a""Reason"" that clearly correspond to this issue.",peetmate
2026-07-09,ev_market_value_chain_castle21_1,castle_sr_2021,,flag,other,is this T4 or T3 risk/enabling factors and next steps?,peetmate
2026-07-09,ev_slope_fesenmyer25_1,fesenmyer_2025,,drop,other,wrong practice not agroforestry,peetmate
2026-07-09,ev_tree_canopy_cover_fesenmyer25_1,fesenmyer_2025,,drop,off_scope,,peetmate
2026-07-09,ev_tenure_security_fesenmyer25_1,fesenmyer_2025,,flag,other,"Agree it is directional claim, but is this for project risk in T3 or for T4 structural suitability?",peetmate
2026-07-09,ev_accessibility_travel_time_fesenmyer25_1,fesenmyer_2025,,drop,other,"reforestation not agroforestry, no evidence this paper should be mapped to agroforestry.",peetmate
2026-07-09,ev_tree_canopy_cover_sprenkle24_1,sprenkle_hyppolite_2024,,ok,confirmed_pass,,peetmate
2026-07-09,ev_tree_canopy_cover_sprenkle24_2,sprenkle_hyppolite_2024,,ok,confirmed_pass,error is very useful to collect we should review how this is handled.,peetmate
2026-07-09,ev_tree_canopy_cover_sprenkle24_3,sprenkle_hyppolite_2024,,drop,speculative_evidence,,peetmate
2026-07-09,ev_tree_canopy_cover_sprenkle24_4,sprenkle_hyppolite_2024,,ok,confirmed_pass,,peetmate
2026-07-09,ev_tree_canopy_cover_sprenkle24_5,sprenkle_hyppolite_2024,,drop,off_scope,Section is about CO2 removal and not agroforestry sutiability.,peetmate
2026-07-09,ev_soil_ph_fsrp22_1,wb_fsrp_2022,,drop,off_scope,,peetmate
2026-07-09,ev_soil_organic_carbon_fsrp22_1,wb_fsrp_2022,,drop,off_scope,this is a generic problem statement not tied to agroforestry at all.,peetmate
2026-07-09,ev_tenure_security_fsrp22_1,wb_fsrp_2022,,drop,off_scope,,peetmate
2026-07-09,ev_conflict_fragility_index_fsrp22_1,wb_fsrp_2022,,drop,off_scope,,peetmate
2026-07-09,ev_extension_governance_fsrp22_1,wb_fsrp_2022,,drop,off_scope,,peetmate
2026-07-09,ev_tenure_security_kcsap16_1,wb_kcsap_2016,,drop,off_scope,,peetmate
2026-07-09,ev_annual_precipitation_kcsap16_1,wb_kcsap_2016,,drop,off_scope,"seems like a description of a farming system, project context or site.",peetmate
2026-07-09,ev_annual_precipitation_kcsap16_2,wb_kcsap_2016,,drop,off_scope,"This is a generic context description that is too vague and high-level to be used to inform structural sutiabiltity evidence.

We should not be collect evidence from the description of project context or study site or similar for T4 -> make sure the agents stop doing this. Make sure there is an issue to select for this.",peetmate
2026-07-09,ev_aridity_index_kcsap16_1,wb_kcsap_2016,,drop,off_scope,,peetmate
2026-07-09,ev_land_cover_kcsap16_1,wb_kcsap_2016,,drop,off_scope,,peetmate
2026-07-09,ev_extension_governance_kcsap16_1,wb_kcsap_2016,,drop,off_scope,,peetmate
2026-07-09,ev_finance_credit_access_kcsap16_1,wb_kcsap_2016,,drop,off_scope,,peetmate
2026-07-09,ev_market_value_chain_kcsap16_1,wb_kcsap_2016,,drop,off_scope,,peetmate
2026-07-09,ev_tree_canopy_cover_zomer14_1,zomer_2014,,drop,off_scope,"not related to agroforestry suitability, this is an obvious one and should have been better handled.",peetmate
2026-07-09,ev_tree_canopy_cover_zomer14_2,zomer_2014,,drop,off_scope,Section is just describing biomass distribution and tree cover this is nothing to do with suitability.,peetmate
2026-07-09,ev_tree_canopy_cover_zomer14_3,zomer_2014,,drop,off_scope,Section is just describing biomass distribution and tree cover this is nothing to do with suitability.,peetmate
2026-07-09,ev_land_cover_zomer14_2,zomer_2014,,drop,off_scope,,peetmate
2026-07-09,ev_aridity_index_zomer14_1,zomer_2014,,flag,confirmed_pass,"this is a bit borderline, but I will accept it.",peetmate
2026-07-09,ev_aridity_index_zomer14_2,zomer_2014,,flag,confirmed_pass,"it's a bit borderline, but I will accept it, seems to be duplicate entry from the paper for the same variable though. 
you should make a note to harmonize duplicate entries -> this can happen after evidence extraction.",peetmate
2026-07-09,ev_t6_beneficiaries_kcsap16_7,wb_kcsap_2016,,drop,off_scope,"CSA project beneficiaries are nothing to do with NbS practice suitability, this is an obvious mistake which  should review and fix the extraction agents and QAQC agents to remove.",peetmate
2026-07-09,ev_t4_landcover_ahmad17_1,ahmad_2017,,ok,confirmed_pass,"ok, but not terribly useful",peetmate
2026-07-09,ev_T4_slope_ahmad2018_1,ahmad_2018,,ok,,,peetmate
2026-07-09,ev_T4_soc_ahmad2018_1,ahmad_2018,,flag,off_scope,"this table seems to be about determining soil fertility status is this directly related to the papers method for calculating AF sutiabilty? if it is this needs to be noted and explained, if not the claim should be rejected.",peetmate
2026-07-09,ev_T4_soilph_ahmad2018_1,ahmad_2018,,drop,,,peetmate
2026-07-09,ev_T4_landcover_ahmad2018_1,ahmad_2018,,drop,other,this is agroforestry suitability in certain LULCs it is not a an evidence source. 86.4% agriculture pct in very high suitability is not an appropriate evidence sources. We need to quote the suitability methods not subsequent overlays.,peetmate
2026-07-09,ev_t4_lndcov_ahmad2020_1,ahmad_2020,,drop,off_scope,"seems to be a description of mapped suitability for an area, this is not at all useful for implementing a suitability analysis. BAD MISTAKE LEARN NOT TO DO THIS AGAIN.",peetmate
2026-07-09,ev_t4_arid_ahmad2020_1,ahmad_2020,,flag,confirmed_pass,"this is an interesting paper but it is hard to get any variable relationships out of it it, there is a lot of information hhidden in the figures. If you did not interpret the figures you may need to ask me to procide you sscreengrabs. Inpaeticular Fig8 and Table2.",peetmate
2026-07-09,ev_t4_tcc_ahmad2020_1,ahmad_2020,,drop,off_scope,"tree cover != agroforestry, bad mistake, avoid in future. This is general description of a global trend or study area.",peetmate
2026-07-09,ev_t4_tcc_brandt2015_1,brandt_2015,,ok,confirmed_pass,,peetmate
2026-07-09,ev_t4_lc_brandt2015_1,brandt_2015,,drop,off_scope,,peetmate
2026-07-09,ev_t4_prec_brandt2015_1,brandt_2015,,drop,off_scope,,peetmate
2026-07-09,ev_t4_soc_brandt2015_1,brandt_2015,,drop,wrong_practice,"This talks about CSA, which contains Agroforestry, but is an umbrella for many of practices too, there  is no direct link here to Planted silvoarable in this table it is too generic.",peetmate
2026-07-09,ev_t4_att_brandt2015_1,brandt_2015,,drop,off_scope,,peetmate
2026-07-09,ev_t4_ai_brandt2015_1,brandt_2015,,drop,off_scope,,peetmate
2026-07-09,ev_t4_soil_drain_castle2025_1,castle_2025,,ok,confirmed_pass,,peetmate
2026-07-09,ev_t4_soil_ph_castle2025_1,castle_2025,,drop,off_scope,,peetmate
2026-07-09,ev_t4_ann_precip_castle2025_1,castle_2025,,drop,off_scope,,peetmate
2026-07-09,ev_t4_land_cover_castle2025_1,castle_2025,,ok,,,peetmate
2026-07-09,ev_t4_land_cover_castle2025_2,castle_2025,,flag,,sure land cover is important but how it be actioned? what classes are in or out?,peetmate
2026-07-09,ev_t4_tenure_castle2025_1,castle_2025,,flag,other,I think this is table 3/next steps not table 4 structural suitability.,peetmate
2026-07-09,ev_t4_finance_castle2025_1,castle_2025,,drop,off_scope,,peetmate
2026-07-09,ev_t4_finance_castle2025_2,castle_2025,,flag,other,"nees to be associated with references 16-19.
IS this T4? or T3 project risk and implementation gudiances for next steps?",peetmate
2026-07-09,ev_t4_market_castle2025_1,castle_2025,,flag,,is this T4 or T3 project risk/enabling environment and/or implementation and next steps?,peetmate
2026-07-09,ev_t4_extension_castle2025_1,castle_2025,,flag,,again is this T4 or T3 project risk/enablers and nextsteps for implementation?,peetmate
2026-07-09,ev_t3_runoff_castle2025_1,castle_2025,,flag,other,note the link to table S2 which strongly suggests we need to look in supplemental materials -  this should be something that discovery and extraction agents flag and try to obtain.,peetmate
2026-07-09,ev_T4_slope_chuma21_1,chuma_2021,,ok,,,"Namita-J,peetmate"
2026-07-09,ev_T4_slope_haile2024_2,haile_2024,,ok,,,peetmate
2026-07-09,ev_T4_slope_haris2021_1,haris_2021,,drop,species_envelope,Sengon is a agroforestry species/,peetmate
2026-07-09,ev_T4_annualprecip_haris2021_1,haris_2021,,flag,other,"I think this can be used as a vote count for annual precipitatoin, but the Sengon land units are not a useful variable for VONT and there is useable evidence for classification of a sutiablity variable here,",peetmate
2026-07-09,ev_t4_slope_jawarneh2025_1,jawarneh_2025,,drop,off_scope,"suitability for sheep and goats, not agroforestry.",peetmate
2026-07-09,ev_t4_slope_kizir_1,kiziridis_2026,,ok,,,peetmate
2026-07-09,ev_t4_slope_kizir_2,kiziridis_2026,,ok,confirmed_pass,this is technically correct but figure 7 e-k offer the clearest information on variable vs suitability.,peetmate
2026-07-09,ev_t4_slope_kizir_3,kiziridis_2026,,flag,wrong_table,"carbon sequestration potential - potentially relevant to T6, but not practice suitability per se.",peetmate
2026-07-09,ev_t4_tcc_kizir_2,kiziridis_2026,,flag,speculative_evidence,section is about drivers of carbon sequestration potential are we certain this is equivocal to the NbS?,peetmate
2026-07-09,ev_t4_lc_kizir_1,kiziridis_2026,,flag,other,"technically correct, but how useable is this insight? we need to know WHAT land cover classes.",peetmate
2026-07-09,ev_t4_lc_kizir_2,kiziridis_2026,,flag,,"sure land cover is important, but what classes are in or out? how can this information be actioned?",peetmate
2026-07-09,ev_T4_slope_marinis22_1,marinis_2022,,drop,off_scope,"convoluted pathway, not enough context to understand how LUTs relate to agroforestry if at all.",peetmate
2026-07-09,ev_T4_slope_marinis22_2,marinis_2022,,drop,off_scope,these are sutiability for land uses? not agroforestry per se?,peetmate
2026-07-09,ev_t4_slope_moisa25_2,moisa_2025,,ok,confirmed_pass,,peetmate
2026-07-09,ev_t4_pa_mucida23_1,mucida_2023,,ok,other,"This is borderline, I think it is technically correct, but not terribly helpful.",peetmate
2026-07-09,ev_t4_soildrain_mushtaq2023_1,mushtaq_2023,,drop,species_envelope,read the captions for the Table: Table 4  Normalized weight and area (%) for eight selected parameters based on AHP and rank assigned to their sub-classes based on mulberry suitability ->  it states this is Mulberry suitability not general agroforestry suitability.,peetmate
2026-07-09,ev_t4_soilph_mushtaq2023_2,mushtaq_2023,,drop,species_envelope,"this is mulberry agroforestry very obviously species specific and not general, it is concerning that this extract passed the instructions to agents need tightening, include this as an example of something that should have been excluded.",peetmate
2026-07-09,ev_t4_soilph_mushtaq2023_3,mushtaq_2023,,drop,species_envelope,,peetmate
2026-07-09,ev_t4_mat_mushtaq2023_2,mushtaq_2023,,flag,species_envelope,"the paper is about mulberry, ensure this reference is general not crop specific. The insight should not be generalized beyond it's context, clearly agroforestry in different contexts is perfectly viable in areas with rainfall <1200mm, the same is probably true of temperature (but I am not so sure on this).",peetmate
2026-07-09,ev_t4_meanann_nath21_01,nath_2021,,ok,confirmed_pass,,peetmate
2026-07-09,ev_t4_annualp_nath21_02,nath_2021,,flag,other,"this precipitation amount must be very context specific to region/country/AEZ as there are vast areas of farmland that get <1000mm rainfall per year that are highly suitable for agroforestry elsewhere in the world. This is not a ""global"" generalizable number.",peetmate
2026-07-09,ev_t4_aridity_nath21_03,nath_2021,,flag,other,"be sure to note what aridity index they are using, there are different types and ultimately we will need to harmonize.",peetmate
2026-07-09,ev_t4_soildra_nath21_01,nath_2021,,flag,other,"the soil drainage codes are not interpretable as ordinal values, more information is needed as to what exactly the codes refer to if we are going to be able to use this practically.

we need an issue that refers to this type of probelm",peetmate
2026-07-09,ev_t4_slope_nath21_01,nath_2021,,ok,confirmed_pass,,peetmate
2026-07-09,ev_t4_market_palma2007_01,palma_2007,,flag,other,"This is an interesting finding, perhaps relevant to the next steps module of the toolkit, but the variable itself might need some more scrutiny. Market_value_chain does suggest there is  some way of selling timber from agroforestry so that is a start",peetmate
2026-07-09,ev_t4_finance_palma2007_01,palma_2007,,drop,other,"this is neither used in suitability analysis nor measured in any quantitative or qualitative way, it is a reflection and assumption that relates to something they think could be important but they do not know at present. Therefore we should reject this as the evidence is not strong enough, used or first (or even second) hand.",peetmate
2026-07-09,ev_T4_slope_seja2022_1,seja_2022,,flag,other,"I find it hard to understand this methodology, the slope is for different Land Use units they have identified, but the rationale for their selection is unclear, this may not represent the full potential for AF and the 8% min slope is a red flag. However the 72% upper bound is interesting too, although perhaps totally unfeasible. 

This is borderline.",peetmate
2026-07-09,ev_T4_temp_seja2022_2,seja_2022,,drop,off_scope,"I don't think this directly relates to agroforestry suitability, I think these are just zones for potential agroforestry implementation that are being described.",peetmate
2026-07-09,ev_T4_tenure_singh24_1,singh_2024,,flag,other,is this T4 or T3 risk/enabling factors and next steps?,peetmate
2026-07-09,ev_T4_market_singh24_1,singh_2024,,flag,other,"T4 or T3/next steps?
must be linked to source [7]",peetmate
2026-07-09,ev_T4_extgov_singh24_1,singh_2024,,flag,other,is this T4 or T3 risk/enabling factors and next steps?,peetmate
2026-07-09,ev_t4_slope_sper24_2,sperandio_2024,,drop,off_scope,general discussion point not clearly linked to agroforestry.,peetmate
2026-07-09,ev_T4_precip_unger2023_1,unger_2023,,drop,off_scope,this is about a study area not suitability!,peetmate
2026-07-09,ev_T4_gov_unger2023_1,unger_2023,,drop,other,"Too high level and hand-wavy, indirect and assumed causation, no qualitative or quantitative evidence presented.",peetmate
2026-07-09,ev_T4_landcover_wotlolan2021_1,wotlolan_2021,,ok,confirmed_pass,,peetmate
2026-07-09,ev_tree_canopy_cover_abigaba24_table2_le50,abigaba_2024,,drop,species_envelope,,peetmate
2026-07-09,ev_tree_canopy_cover_abigaba24_shading_levels,abigaba_2024,,drop,wrong_table,"this is not structural suitability, it shows the ability of the NbS to reduce max temperatures which relates to T3 hazard response.",peetmate
2026-07-09,ev_tree_canopy_cover_abigaba24_temp_reduction,abigaba_2024,,flag,wrong_table,this is for T3 not T4,peetmate
2026-07-09,ev_mean_annual_temperature_abigaba24_arabica_seasonality,abigaba_2024,,drop,species_envelope,,peetmate
2026-07-09,ev_mean_annual_temperature_abigaba24_robusta_lowlands,abigaba_2024,,drop,species_envelope,robusta coffee -> this is species specific not general,peetmate
2026-07-09,ev_annual_precipitation_abigaba24_robusta,abigaba_2024,,drop,species_envelope,clearly about robusta coffee not a general agroforestry practice.,peetmate
2026-07-09,ev_annual_precipitation_abigaba24_banana,abigaba_2024,,drop,species_envelope,Crop suitability not agroforestry suitability.,peetmate
2026-07-09,ev_soil_ph_abigaba24_robusta,abigaba_2024,,ok,confirmed_pass,,peetmate
2026-07-09,ev_soil_ph_abigaba24_banana,abigaba_2024,,drop,species_envelope,coffee,peetmate
2026-07-09,ev_slope_affan24_table4,affan_2024,,drop,species_envelope,coffee,peetmate
2026-07-09,ev_soilph_affan24_table4,affan_2024,,drop,species_envelope,specific to coffee,peetmate
2026-07-09,ev_soilph_affan24_p5_ideal,affan_2024,,drop,species_envelope,"This is general discussion of the study context and some general information about crop preferences for coffee. So it should be dismissed as it is a species envelope not a general suitability characteristic of agroforestry,",peetmate
2026-07-09,ev_temp_affan24_table4,affan_2024,,drop,species_envelope,coffee,peetmate
2026-07-09,ev_temp_affan24_p4_dahlia,affan_2024,,drop,species_envelope,quote is specific to coffee.,peetmate
2026-07-09,ev_temp_affan24_p5_ideal,affan_2024,,drop,species_envelope,BAD. This is clearly a species envelope for single crop -> coffee.,peetmate
2026-07-09,ev_texture_affan24_table4,affan_2024,,drop,species_envelope,coffee,peetmate
2026-07-09,ev_soilph_affan24_p3_obs,affan_2024,,drop,species_envelope,specific to coffee,peetmate
2026-07-09,ev_land_cover_mantino26_01,mantino_2026,,drop,other,"Yes LULC is a variable used, but this information is too vague to be of any use, we need to know what LULC classes were included and how they were included. Suggest we add reason of ""Insufficent detail"" and refine the agents to deal with this. I suspect the information we need should be contained elsewhere in the paper.",peetmate
2026-07-09,ev_soil_ph_singh26,singh_2026,,ok,,,peetmate
2026-07-09,ev_soil_drainage_singh26,singh_2026,,flag,other,"there is some information on drainage, but agree is it is too qualitative to use. But you missed the directionality of the relationship which is a BIG miss.

Add issue for this type of error - directionality/relationship missed.",peetmate
2026-07-09,ev_soil_texture_singh26,singh_2026,,flag,other,"very high = fine texture, high = fine to couse, moderate - source -> missed",peetmate
2026-07-09,ev_slope_singh26,singh_2026,,flag,other,mathematical relationship missed,peetmate
2026-07-09,ev_mat_singh26,singh_2026,,flag,other,Suitability mathematical relationship missed,peetmate
2026-07-09,ev_precip_singh26,singh_2026,,flag,other,"Again there is relationship presented for suitability and the variable, this is VERY IMPORTANT TO CAPTURE AND HAS BEEN MISSED!",peetmate
2026-07-09,ev_dist_road_qual_singh26,singh_2026,,flag,,"THere are relationships for distance from forest, settlement, waterbody, cropland and road that is montotonically decreasing linear. This is an important relationship to capture and exactly th einformation we need for the suitability mapping.

Also note there is no reason that corresponds to this type of issues, please create one.",peetmate
2026-07-09,ev_dist_road_ml_singh26,singh_2026,,flag,other,where is the context to understand the variable importance or weight?? do we need to standardize to compare between studies?,peetmate
2026-07-09,ev_dist_settlement_qual_singh26,singh_2026,,flag,other,mathematical relationship missing,peetmate
2026-07-09,ev_dist_settlement_ml_singh26,singh_2026,,ok,,,peetmate
2026-07-09,ev_land_cover_singh26,singh_2026,,drop,other,"useless evidence description - landcover is far too vague.

again should be an issue that relate to this type of problem.",peetmate
2026-07-09,ev_slope_inab_aa_def,inab_landcap_guatemala,,drop,other,"difficult to udnerstand the context, poor quality publication.",peetmate
2026-07-09,ev_soildepth_inab_aa_def,inab_landcap_guatemala,,ok,,,peetmate
2026-07-09,ev_slope_inab_c1_aa,inab_landcap_guatemala,,drop,,not enough context for me to review,peetmate
2026-07-09,ev_soildepth_inab_c1_aa,inab_landcap_guatemala,,drop,,I cannot interpret this table there is no caption or context.,peetmate
2026-07-09,ev_slope_inab_c2_aa,inab_landcap_guatemala,,drop,other,"screngrab failed, not enough context to make judgement",peetmate
2026-07-09,ev_soildepth_inab_c2_aa,inab_landcap_guatemala,,drop,other,"table screengrab incorrect, not enough context to review.",peetmate
2026-07-09,ev_slope_inab_c3_aa,inab_landcap_guatemala,,drop,,"screngrab failed, not enough context to make judgement",peetmate
2026-07-09,ev_soildepth_inab_c3_aa,inab_landcap_guatemala,,drop,,Cannot interpret not enough context and no caption.,peetmate
2026-07-09,ev_slope_inab_c4_aa,inab_landcap_guatemala,,drop,,"screngrab failed, not enough context to make judgement",peetmate
2026-07-09,ev_soildepth_inab_c4_aa,inab_landcap_guatemala,,drop,,"cannot interpret, not enough context or, no caption, table screengrab just shows a small box saying CUADRO 4.",peetmate
2026-07-09,ev_slope_inab_c5_aa,inab_landcap_guatemala,,drop,,"screngrab failed, not enough context to make judgement",peetmate
2026-07-09,ev_soildepth_inab_c5_aa,inab_landcap_guatemala,,drop,other,"screen grab shows a tiny box saying cuadro only, no caption no context - cannot interpret.

add issue for ""not enough context to allow review""",peetmate
2026-07-09,ev_slope_inab_c6_aa,inab_landcap_guatemala,,drop,,"screngrab failed, not enough context to make judgement",peetmate
2026-07-09,ev_soildepth_inab_c6_aa,inab_landcap_guatemala,,drop,other,"screen grab shows a tiny box saying cuadro only, no caption no context - cannot interpret.

add issue for ""not enough context to allow review""",peetmate
2026-07-09,ev_slope_inab_c7_aa,inab_landcap_guatemala,,drop,other,not enough context to make judgement,peetmate
2026-07-09,ev_soildepth_inab_c7_aa,inab_landcap_guatemala,,drop,other,"no caption no context fro screengrabbed table - cannot interpret.

add issue for ""not enough context to allow review""",peetmate
2026-07-09,ev_slope_inab_p92_aa_example,inab_landcap_guatemala,,drop,other,not enough context to understand if this about suitability or a site specific description. What does Aa mean?,peetmate
2026-07-09,ev_soildepth_inab_p92_aa_example,inab_landcap_guatemala,,ok,other,"a rather site specific paper, note to review if this is too context specific to be useful or if the information should be given a regional/national flag.",peetmate
2026-07-09,EV_crs_fmnr_niger_2025_001,crs_fmnr_niger_2025,,flag,,"check for duplication, I swear I have already reviewed this.",peetmate
2026-07-09,EV_crs_fmnr_niger_2025_002,crs_fmnr_niger_2025,,flag,other,"This is factually correct,  but I wonder if making inferences from the general description of a practice is aligned with the overall synthetic review system?",peetmate
2026-07-09,EV_crs_fmnr_niger_2025_016,crs_fmnr_niger_2025,,drop,speculative_evidence,This is not strong direct evidence for a practice suitability relationship.,peetmate
2026-07-09,EV_crs_fmnr_niger_2025_017,crs_fmnr_niger_2025,,flag,,"soil texture -> sure but this is very vague, how would we use this information? are there more details in the rest of the manuscript?",peetmate
2026-07-09,ev_production_gap_saraheb3_tool,saraheb3_af_midwest,,ok,confirmed_pass,,peetmate
2026-07-09,ev_soil_erosion_risk_saraheb3_tool,saraheb3_af_midwest,,drop,insufficient_context,,peetmate
2026-07-09,ev_soil_erosion_risk_saraheb3_p1_water,saraheb3_af_map,,flag,other,the weight is useless without any context -> 5 out of what? how do we interpret the weight!?,peetmate
2026-07-09,ev_soil_erosion_wind_saraheb3_p1_wind,saraheb3_af_map,,flag,other,weighting has no context and cannot be interpreted,peetmate
2026-07-09,ev_carbon_sequestration_potential_saraheb3_p1_soil,saraheb3_af_map,,flag,other,missing context to interpret what weghting 5 means -> how will we standardize to interpret weightings between sources?,peetmate
2026-07-09,ev_soil_erosion_risk_saraheb3_p2_water,saraheb3_af_map,,ok,,,peetmate
2026-07-09,ev_soil_erosion_wind_saraheb3_p2_wind,saraheb3_af_map,,ok,,,peetmate
2026-07-09,ev_carbon_sequestration_potential_saraheb3_p2_soil,saraheb3_af_map,,ok,,,peetmate
2026-07-09,ev_soil_erosion_risk_saraheb3_p3_water,saraheb3_af_map,,drop,,,peetmate
2026-07-09,ev_soil_erosion_wind_saraheb3_p3_wind,saraheb3_af_map,,ok,,,peetmate
2026-07-09,ev_carbon_sequestration_potential_saraheb3_p3_soil,saraheb3_af_map,,ok,confirmed_pass,,peetmate
2026-07-09,ev_soil_erosion_risk_saraheb3_p4_water,saraheb3_af_map,,ok,,,peetmate
2026-07-09,ev_soil_erosion_wind_saraheb3_p4_wind,saraheb3_af_map,,ok,,,peetmate
2026-07-09,ev_carbon_sequestration_potential_saraheb3_p4_soil,saraheb3_af_map,,ok,,,peetmate
2026-07-09,ev_land_cover_saraheb3_cdl,saraheb3_af_map,,flag,other,"I do not know how to review this there is no encoded evidence to view...land_cover in itself not helpful, we need to know what classes are included or excluded",peetmate
2026-07-09,cgspace_singh_southasia_2020__soil_texture_hsg__01,cgspace_singh_southasia_2020,,drop,insufficient_context,,peetmate
2026-07-09,cgspace_singh_southasia_2020__soil_texture_hsg__02,cgspace_singh_southasia_2020,,ok,confirmed_pass,,peetmate
2026-07-09,cgspace_singh_southasia_2020__land_cover__01,cgspace_singh_southasia_2020,,flag,insufficient_context,"I cannot tell if the 1-4 and 5-7 classes top of left col of P73 correspond to the text in the right col of P73, there could be an error here.",peetmate
2026-07-09,cgspace_singh_southasia_2020__land_cover__02,cgspace_singh_southasia_2020,,drop,off_scope,This just a description of % of area that was suitable for Agroforestry it is not directly about sutiability,peetmate
2026-07-09,cgspace_singh_southasia_2020__tree_canopy_cover__01,cgspace_singh_southasia_2020,,drop,off_scope,not good enough this is vague inference that is most likely wrong. there is no direct link betwen agroforestry and a suitability variable.,peetmate
2026-07-10,ev_tree_canopy_cover_batcheler24_1,batcheler_silvopasture_2024,,drop,off_scope,,peetmate
2026-07-10,ev_tenure_security_castle21_1,castle_sr_2021,,flag,off_scope,Borderline/Reevaluate: Is this part of structural suitability T4? or part of project risk T3 and/or next steps guidance?,peetmate
2026-07-10,ev_tenure_security_castle21_2,castle_sr_2021,,drop,off_scope,,peetmate
2026-07-10,ev_tenure_security_castle21_3,castle_sr_2021,,drop,off_scope,,peetmate
2026-07-10,ev_labour_availability_castle21_1,castle_sr_2021,,drop,other,"This reads like discussion or speculation, ""may still deter"", yes it makes sense and is logical, but is there quantitative or qualitative evidence that was used here? I cannot confidently say yes, so dropping it.",peetmate
2026-07-10,ev_extension_governance_castle21_1,castle_sr_2021,,drop,off_scope,,peetmate
2026-07-10,ev_extension_governance_castle21_2,castle_sr_2021,,flag,off_scope,"Fine, but is this T4 or project enabling environment for the project risk? and/or part of the next steps table?",peetmate
2026-07-10,ev_finance_credit_access_castle21_1,castle_sr_2021,,flag,other,"this about adoption and socio-economic factors that relate to uptake, this is not T4 structural suitability. You should not be making this mistake - the agents should have been updated to assign this to T3 and/or next steps.

Also there shuold be a""Reason"" that clearly correspond to this issue.",peetmate
2026-07-10,ev_market_value_chain_castle21_1,castle_sr_2021,,flag,other,is this T4 or T3 risk/enabling factors and next steps?,peetmate
2026-07-10,ev_slope_fesenmyer25_1,fesenmyer_2025,,drop,other,wrong practice not agroforestry,peetmate
2026-07-10,ev_tree_canopy_cover_fesenmyer25_1,fesenmyer_2025,,drop,off_scope,,peetmate
2026-07-10,ev_tenure_security_fesenmyer25_1,fesenmyer_2025,,flag,other,"Agree it is directional claim, but is this for project risk in T3 or for T4 structural suitability?",peetmate
2026-07-10,ev_accessibility_travel_time_fesenmyer25_1,fesenmyer_2025,,drop,other,"reforestation not agroforestry, no evidence this paper should be mapped to agroforestry.",peetmate
2026-07-10,ev_tree_canopy_cover_sprenkle24_1,sprenkle_hyppolite_2024,,ok,confirmed_pass,,peetmate
2026-07-10,ev_tree_canopy_cover_sprenkle24_2,sprenkle_hyppolite_2024,,ok,confirmed_pass,error is very useful to collect we should review how this is handled.,peetmate
2026-07-10,ev_tree_canopy_cover_sprenkle24_3,sprenkle_hyppolite_2024,,drop,speculative_evidence,,peetmate
2026-07-10,ev_tree_canopy_cover_sprenkle24_4,sprenkle_hyppolite_2024,,ok,confirmed_pass,,peetmate
2026-07-10,ev_tree_canopy_cover_sprenkle24_5,sprenkle_hyppolite_2024,,drop,off_scope,Section is about CO2 removal and not agroforestry sutiability.,peetmate
2026-07-10,ev_soil_ph_fsrp22_1,wb_fsrp_2022,,drop,off_scope,,peetmate
2026-07-10,ev_soil_organic_carbon_fsrp22_1,wb_fsrp_2022,,drop,off_scope,this is a generic problem statement not tied to agroforestry at all.,peetmate
2026-07-10,ev_tenure_security_fsrp22_1,wb_fsrp_2022,,drop,off_scope,,peetmate
2026-07-10,ev_conflict_fragility_index_fsrp22_1,wb_fsrp_2022,,drop,off_scope,,peetmate
2026-07-10,ev_extension_governance_fsrp22_1,wb_fsrp_2022,,drop,off_scope,,peetmate
2026-07-10,ev_tenure_security_kcsap16_1,wb_kcsap_2016,,drop,off_scope,,peetmate
2026-07-10,ev_annual_precipitation_kcsap16_1,wb_kcsap_2016,,drop,off_scope,"seems like a description of a farming system, project context or site.",peetmate
2026-07-10,ev_annual_precipitation_kcsap16_2,wb_kcsap_2016,,drop,off_scope,"This is a generic context description that is too vague and high-level to be used to inform structural sutiabiltity evidence.

We should not be collect evidence from the description of project context or study site or similar for T4 -> make sure the agents stop doing this. Make sure there is an issue to select for this.",peetmate
2026-07-10,ev_aridity_index_kcsap16_1,wb_kcsap_2016,,drop,off_scope,,peetmate
2026-07-10,ev_land_cover_kcsap16_1,wb_kcsap_2016,,drop,off_scope,,peetmate
2026-07-10,ev_extension_governance_kcsap16_1,wb_kcsap_2016,,drop,off_scope,,peetmate
2026-07-10,ev_finance_credit_access_kcsap16_1,wb_kcsap_2016,,drop,off_scope,,peetmate
2026-07-10,ev_market_value_chain_kcsap16_1,wb_kcsap_2016,,drop,off_scope,,peetmate
2026-07-10,ev_tree_canopy_cover_zomer14_1,zomer_2014,,drop,off_scope,"not related to agroforestry suitability, this is an obvious one and should have been better handled.",peetmate
2026-07-10,ev_tree_canopy_cover_zomer14_2,zomer_2014,,drop,off_scope,Section is just describing biomass distribution and tree cover this is nothing to do with suitability.,peetmate
2026-07-10,ev_tree_canopy_cover_zomer14_3,zomer_2014,,drop,off_scope,Section is just describing biomass distribution and tree cover this is nothing to do with suitability.,peetmate
2026-07-10,ev_land_cover_zomer14_1,zomer_2014,,ok,,,peetmate
2026-07-10,ev_land_cover_zomer14_2,zomer_2014,,drop,off_scope,,peetmate
2026-07-10,ev_aridity_index_zomer14_1,zomer_2014,,flag,confirmed_pass,"this is a bit borderline, but I will accept it.",peetmate
2026-07-10,ev_aridity_index_zomer14_2,zomer_2014,,flag,confirmed_pass,"it's a bit borderline, but I will accept it, seems to be duplicate entry from the paper for the same variable though. 
you should make a note to harmonize duplicate entries -> this can happen after evidence extraction.",peetmate
2026-07-10,ev_t6_beneficiaries_kcsap16_7,wb_kcsap_2016,,drop,off_scope,"CSA project beneficiaries are nothing to do with NbS practice suitability, this is an obvious mistake which  should review and fix the extraction agents and QAQC agents to remove.",peetmate
2026-07-10,ev_t4_slope_ahmad17_1,ahmad_2017,mismatch,flag,other,"optimum is 0-5
medium is 5-15
low 15 -  unknown",peetmate
2026-07-10,ev_t4_landcover_ahmad17_1,ahmad_2017,,ok,confirmed_pass,"ok, but not terribly useful",peetmate
2026-07-10,ev_T4_slope_ahmad2018_1,ahmad_2018,,ok,,,peetmate
2026-07-10,ev_T4_soc_ahmad2018_1,ahmad_2018,,flag,off_scope,"this table seems to be about determining soil fertility status is this directly related to the papers method for calculating AF sutiabilty? if it is this needs to be noted and explained, if not the claim should be rejected.",peetmate
2026-07-10,ev_T4_soilph_ahmad2018_1,ahmad_2018,,drop,,,peetmate
2026-07-10,ev_T4_landcover_ahmad2018_1,ahmad_2018,,drop,other,this is agroforestry suitability in certain LULCs it is not a an evidence source. 86.4% agriculture pct in very high suitability is not an appropriate evidence sources. We need to quote the suitability methods not subsequent overlays.,peetmate
2026-07-10,ev_t4_lndcov_ahmad2020_1,ahmad_2020,,drop,off_scope,"seems to be a description of mapped suitability for an area, this is not at all useful for implementing a suitability analysis. BAD MISTAKE LEARN NOT TO DO THIS AGAIN.",peetmate
2026-07-10,ev_t4_arid_ahmad2020_1,ahmad_2020,,flag,confirmed_pass,"this is an interesting paper but it is hard to get any variable relationships out of it it, there is a lot of information hhidden in the figures. If you did not interpret the figures you may need to ask me to procide you sscreengrabs. Inpaeticular Fig8 and Table2.",peetmate
2026-07-10,ev_t4_tcc_ahmad2020_1,ahmad_2020,,drop,off_scope,"tree cover != agroforestry, bad mistake, avoid in future. This is general description of a global trend or study area.",peetmate
2026-07-10,ev_t4_tcc_brandt2015_1,brandt_2015,,ok,confirmed_pass,,peetmate
2026-07-10,ev_t4_lc_brandt2015_1,brandt_2015,,drop,off_scope,,peetmate
2026-07-10,ev_t4_prec_brandt2015_1,brandt_2015,,drop,off_scope,,peetmate
2026-07-10,ev_t4_soc_brandt2015_1,brandt_2015,,drop,wrong_practice,"This talks about CSA, which contains Agroforestry, but is an umbrella for many of practices too, there  is no direct link here to Planted silvoarable in this table it is too generic.",peetmate
2026-07-10,ev_t4_att_brandt2015_1,brandt_2015,,drop,off_scope,,peetmate
2026-07-10,ev_t4_ai_brandt2015_1,brandt_2015,,drop,off_scope,,peetmate
2026-07-10,ev_t4_soil_drain_castle2025_1,castle_2025,,ok,confirmed_pass,,peetmate
2026-07-10,ev_t4_soil_ph_castle2025_1,castle_2025,,drop,off_scope,,peetmate
2026-07-10,ev_t4_ann_precip_castle2025_1,castle_2025,,drop,off_scope,,peetmate
2026-07-10,ev_t4_land_cover_castle2025_1,castle_2025,,ok,,,peetmate
2026-07-10,ev_t4_land_cover_castle2025_2,castle_2025,,flag,,sure land cover is important but how it be actioned? what classes are in or out?,peetmate
2026-07-10,ev_t4_tenure_castle2025_1,castle_2025,,flag,other,I think this is table 3/next steps not table 4 structural suitability.,peetmate
2026-07-10,ev_t4_finance_castle2025_1,castle_2025,,drop,off_scope,,peetmate
2026-07-10,ev_t4_finance_castle2025_2,castle_2025,,flag,other,"nees to be associated with references 16-19.
IS this T4? or T3 project risk and implementation gudiances for next steps?",peetmate
2026-07-10,ev_t4_market_castle2025_1,castle_2025,,flag,,is this T4 or T3 project risk/enabling environment and/or implementation and next steps?,peetmate
2026-07-10,ev_t4_extension_castle2025_1,castle_2025,,flag,,again is this T4 or T3 project risk/enablers and nextsteps for implementation?,peetmate
2026-07-10,ev_t3_runoff_castle2025_1,castle_2025,,flag,other,note the link to table S2 which strongly suggests we need to look in supplemental materials -  this should be something that discovery and extraction agents flag and try to obtain.,peetmate
2026-07-10,ev_T4_slope_chuma21_1,chuma_2021,,ok,,,"Namita-J,peetmate"
2026-07-10,ev_T4_slope_haile2024_2,haile_2024,,ok,,,peetmate
2026-07-10,ev_T4_slope_haris2021_1,haris_2021,,drop,species_envelope,Sengon is a agroforestry species/,peetmate
2026-07-10,ev_T4_annualprecip_haris2021_1,haris_2021,,flag,other,"I think this can be used as a vote count for annual precipitatoin, but the Sengon land units are not a useful variable for VONT and there is useable evidence for classification of a sutiablity variable here,",peetmate
2026-07-10,ev_t4_slope_jawarneh2025_1,jawarneh_2025,,drop,off_scope,"suitability for sheep and goats, not agroforestry.",peetmate
2026-07-10,ev_t4_slope_kizir_1,kiziridis_2026,,ok,,,peetmate
2026-07-10,ev_t4_slope_kizir_2,kiziridis_2026,,ok,confirmed_pass,this is technically correct but figure 7 e-k offer the clearest information on variable vs suitability.,peetmate
2026-07-10,ev_t4_slope_kizir_3,kiziridis_2026,,flag,wrong_table,"carbon sequestration potential - potentially relevant to T6, but not practice suitability per se.",peetmate
2026-07-10,ev_t4_tcc_kizir_2,kiziridis_2026,,flag,speculative_evidence,section is about drivers of carbon sequestration potential are we certain this is equivocal to the NbS?,peetmate
2026-07-10,ev_t4_lc_kizir_1,kiziridis_2026,,flag,other,"technically correct, but how useable is this insight? we need to know WHAT land cover classes.",peetmate
2026-07-10,ev_t4_lc_kizir_2,kiziridis_2026,,flag,,"sure land cover is important, but what classes are in or out? how can this information be actioned?",peetmate
2026-07-10,ev_t4_soc_kizir_1,kiziridis_2026,scope,flag,insufficient_context,I cannot interpret the table full the caption has been cropped off,peetmate
2026-07-10,ev_T4_slope_marinis22_1,marinis_2022,,drop,off_scope,"convoluted pathway, not enough context to understand how LUTs relate to agroforestry if at all.",peetmate
2026-07-10,ev_T4_slope_marinis22_2,marinis_2022,,drop,off_scope,these are sutiability for land uses? not agroforestry per se?,peetmate
2026-07-10,ev_t4_slope_moisa25_2,moisa_2025,,ok,confirmed_pass,,peetmate
2026-07-10,ev_t4_pa_mucida23_1,mucida_2023,,ok,other,"This is borderline, I think it is technically correct, but not terribly helpful.",peetmate
2026-07-10,ev_t4_soilph_mushtaq2023_1,mushtaq_2023,mismatch,flag,insufficient_context,"table caption is cropped, cannot interperet the table -> always retain the table caption",peetmate
2026-07-10,ev_t4_soildrain_mushtaq2023_1,mushtaq_2023,,drop,species_envelope,read the captions for the Table: Table 4  Normalized weight and area (%) for eight selected parameters based on AHP and rank assigned to their sub-classes based on mulberry suitability ->  it states this is Mulberry suitability not general agroforestry suitability.,peetmate
2026-07-10,ev_t4_soilph_mushtaq2023_2,mushtaq_2023,,drop,species_envelope,"this is mulberry agroforestry very obviously species specific and not general, it is concerning that this extract passed the instructions to agents need tightening, include this as an example of something that should have been excluded.",peetmate
2026-07-10,ev_t4_soilph_mushtaq2023_3,mushtaq_2023,,drop,species_envelope,,peetmate
2026-07-10,ev_t4_mat_mushtaq2023_2,mushtaq_2023,,flag,species_envelope,"the paper is about mulberry, ensure this reference is general not crop specific. The insight should not be generalized beyond it's context, clearly agroforestry in different contexts is perfectly viable in areas with rainfall <1200mm, the same is probably true of temperature (but I am not so sure on this).",peetmate
2026-07-10,ev_t4_precip_mushtaq2023_3,mushtaq_2023,mismatch,drop,species_envelope,,peetmate
2026-07-10,ev_t4_meanann_nath21_01,nath_2021,,ok,confirmed_pass,,peetmate
2026-07-10,ev_t4_annualp_nath21_02,nath_2021,,flag,other,"this precipitation amount must be very context specific to region/country/AEZ as there are vast areas of farmland that get <1000mm rainfall per year that are highly suitable for agroforestry elsewhere in the world. This is not a ""global"" generalizable number.",peetmate
2026-07-10,ev_t4_aridity_nath21_03,nath_2021,,flag,other,"be sure to note what aridity index they are using, there are different types and ultimately we will need to harmonize.",peetmate
2026-07-10,ev_t4_soilph_nath21_01,nath_2021,mismatch,flag,insufficient_context,I cannot see the full table the caption is cropped off.,peetmate
2026-07-10,ev_t4_soildra_nath21_01,nath_2021,,flag,other,"the soil drainage codes are not interpretable as ordinal values, more information is needed as to what exactly the codes refer to if we are going to be able to use this practically.

we need an issue that refers to this type of probelm",peetmate
2026-07-10,ev_t4_slope_nath21_01,nath_2021,,ok,confirmed_pass,,peetmate
2026-07-10,ev_t4_market_palma2007_01,palma_2007,,flag,other,"This is an interesting finding, perhaps relevant to the next steps module of the toolkit, but the variable itself might need some more scrutiny. Market_value_chain does suggest there is  some way of selling timber from agroforestry so that is a start",peetmate
2026-07-10,ev_t4_finance_palma2007_01,palma_2007,,drop,other,"this is neither used in suitability analysis nor measured in any quantitative or qualitative way, it is a reflection and assumption that relates to something they think could be important but they do not know at present. Therefore we should reject this as the evidence is not strong enough, used or first (or even second) hand.",peetmate
2026-07-10,ev_T4_slope_seja2022_1,seja_2022,,flag,other,"I find it hard to understand this methodology, the slope is for different Land Use units they have identified, but the rationale for their selection is unclear, this may not represent the full potential for AF and the 8% min slope is a red flag. However the 72% upper bound is interesting too, although perhaps totally unfeasible. 

This is borderline.",peetmate
2026-07-10,ev_T4_temp_seja2022_2,seja_2022,,drop,off_scope,"I don't think this directly relates to agroforestry suitability, I think these are just zones for potential agroforestry implementation that are being described.",peetmate
2026-07-10,ev_T4_landcover_seja2022_1,seja_2022,mismatch,drop,,,peetmate
2026-07-10,ev_T4_tenure_singh24_1,singh_2024,,flag,other,is this T4 or T3 risk/enabling factors and next steps?,peetmate
2026-07-10,ev_T4_market_singh24_1,singh_2024,,flag,other,"T4 or T3/next steps?
must be linked to source [7]",peetmate
2026-07-10,ev_T4_extgov_singh24_1,singh_2024,,flag,other,is this T4 or T3 risk/enabling factors and next steps?,peetmate
2026-07-10,ev_t4_slope_sper24_2,sperandio_2024,,drop,off_scope,general discussion point not clearly linked to agroforestry.,peetmate
2026-07-10,ev_t4_precip_sper24_2,sperandio_2024,scope,drop,,,peetmate
2026-07-10,ev_t4_mat_sper24_1,sperandio_2024,scope,drop,,,peetmate
2026-07-10,ev_t4_soilph_sper24_1,sperandio_2024,scope,drop,,,peetmate
2026-07-10,ev_T4_precip_unger2023_1,unger_2023,,drop,off_scope,this is about a study area not suitability!,peetmate
2026-07-10,ev_T4_gov_unger2023_1,unger_2023,,drop,other,"Too high level and hand-wavy, indirect and assumed causation, no qualitative or quantitative evidence presented.",peetmate
2026-07-10,ev_T4_slope_wotlolan2021_1,wotlolan_2021,scope,flag,insufficient_context,"publications often have a two column format, this extraction fails to follow the bottom of column 1 to the top of column 2",peetmate
2026-07-10,ev_T4_soilph_wotlolan2021_6,wotlolan_2021,mismatch,drop,species_envelope,,peetmate
2026-07-10,ev_T4_mat_wotlolan2021_7,wotlolan_2021,scope,drop,,,peetmate
2026-07-10,ev_T4_landcover_wotlolan2021_1,wotlolan_2021,,ok,confirmed_pass,,peetmate
2026-07-10,ev_t4_precip_yadav24_2,yadav_2024,mismatch,flag,insufficient_context,I cannot interpret the table properly the caption has been cropped off. Always show the full table.,peetmate
2026-07-10,ev_t4_sysfit_yadav24_13,yadav_2024,mismatch,drop,,,peetmate
2026-07-10,ev_tree_canopy_cover_abigaba24_table2_le50,abigaba_2024,,drop,species_envelope,,peetmate
2026-07-10,ev_tree_canopy_cover_abigaba24_shading_levels,abigaba_2024,,drop,wrong_table,"this is not structural suitability, it shows the ability of the NbS to reduce max temperatures which relates to T3 hazard response.",peetmate
2026-07-10,ev_tree_canopy_cover_abigaba24_temp_reduction,abigaba_2024,,flag,wrong_table,this is for T3 not T4,peetmate
2026-07-10,ev_mean_annual_temperature_abigaba24_arabica_seasonality,abigaba_2024,,drop,species_envelope,,peetmate
2026-07-10,ev_mean_annual_temperature_abigaba24_robusta_lowlands,abigaba_2024,,drop,species_envelope,robusta coffee -> this is species specific not general,peetmate
2026-07-10,ev_annual_precipitation_abigaba24_robusta,abigaba_2024,,drop,species_envelope,clearly about robusta coffee not a general agroforestry practice.,peetmate
2026-07-10,ev_annual_precipitation_abigaba24_banana,abigaba_2024,,drop,species_envelope,Crop suitability not agroforestry suitability.,peetmate
2026-07-10,ev_soil_ph_abigaba24_robusta,abigaba_2024,,ok,confirmed_pass,,peetmate
2026-07-10,ev_soil_ph_abigaba24_banana,abigaba_2024,,drop,species_envelope,coffee,peetmate
2026-07-10,ev_slope_affan24_table4,affan_2024,,drop,species_envelope,coffee,peetmate
2026-07-10,ev_soilph_affan24_table4,affan_2024,,drop,species_envelope,specific to coffee,peetmate
2026-07-10,ev_soilph_affan24_p5_ideal,affan_2024,,drop,species_envelope,"This is general discussion of the study context and some general information about crop preferences for coffee. So it should be dismissed as it is a species envelope not a general suitability characteristic of agroforestry,",peetmate
2026-07-10,ev_temp_affan24_table4,affan_2024,,drop,species_envelope,coffee,peetmate
2026-07-10,ev_temp_affan24_p4_dahlia,affan_2024,,drop,species_envelope,quote is specific to coffee.,peetmate
2026-07-10,ev_temp_affan24_p5_ideal,affan_2024,,drop,species_envelope,BAD. This is clearly a species envelope for single crop -> coffee.,peetmate
2026-07-10,ev_texture_affan24_table4,affan_2024,,drop,species_envelope,coffee,peetmate
2026-07-10,ev_soilph_affan24_p3_obs,affan_2024,,drop,species_envelope,specific to coffee,peetmate
2026-07-10,ev_land_cover_mantino26_01,mantino_2026,,drop,other,"Yes LULC is a variable used, but this information is too vague to be of any use, we need to know what LULC classes were included and how they were included. Suggest we add reason of ""Insufficent detail"" and refine the agents to deal with this. I suspect the information we need should be contained elsewhere in the paper.",peetmate
2026-07-10,ev_soil_ph_singh26,singh_2026,,ok,,,peetmate
2026-07-10,ev_soil_drainage_singh26,singh_2026,,flag,other,"there is some information on drainage, but agree is it is too qualitative to use. But you missed the directionality of the relationship which is a BIG miss.

Add issue for this type of error - directionality/relationship missed.",peetmate
2026-07-10,ev_soil_texture_singh26,singh_2026,,flag,other,"very high = fine texture, high = fine to couse, moderate - source -> missed",peetmate
2026-07-10,ev_slope_singh26,singh_2026,,flag,other,mathematical relationship missed,peetmate
2026-07-10,ev_mat_singh26,singh_2026,,flag,other,Suitability mathematical relationship missed,peetmate
2026-07-10,ev_precip_singh26,singh_2026,,flag,other,"Again there is relationship presented for suitability and the variable, this is VERY IMPORTANT TO CAPTURE AND HAS BEEN MISSED!",peetmate
2026-07-10,ev_dist_road_qual_singh26,singh_2026,,flag,,"THere are relationships for distance from forest, settlement, waterbody, cropland and road that is montotonically decreasing linear. This is an important relationship to capture and exactly th einformation we need for the suitability mapping.

Also note there is no reason that corresponds to this type of issues, please create one.",peetmate
2026-07-10,ev_dist_road_ml_singh26,singh_2026,,flag,other,where is the context to understand the variable importance or weight?? do we need to standardize to compare between studies?,peetmate
2026-07-10,ev_dist_settlement_qual_singh26,singh_2026,,flag,other,mathematical relationship missing,peetmate
2026-07-10,ev_dist_settlement_ml_singh26,singh_2026,,ok,,,peetmate
2026-07-10,ev_land_cover_singh26,singh_2026,,drop,other,"useless evidence description - landcover is far too vague.

again should be an issue that relate to this type of problem.",peetmate
2026-07-10,ev_slope_inab_aa_def,inab_landcap_guatemala,,drop,other,"difficult to udnerstand the context, poor quality publication.",peetmate
2026-07-10,ev_soildepth_inab_aa_def,inab_landcap_guatemala,,ok,,,peetmate
2026-07-10,ev_slope_inab_c1_aa,inab_landcap_guatemala,,drop,,not enough context for me to review,peetmate
2026-07-10,ev_soildepth_inab_c1_aa,inab_landcap_guatemala,,drop,,I cannot interpret this table there is no caption or context.,peetmate
2026-07-10,ev_slope_inab_c2_aa,inab_landcap_guatemala,,drop,other,"screngrab failed, not enough context to make judgement",peetmate
2026-07-10,ev_soildepth_inab_c2_aa,inab_landcap_guatemala,,drop,other,"table screengrab incorrect, not enough context to review.",peetmate
2026-07-10,ev_slope_inab_c3_aa,inab_landcap_guatemala,,drop,,"screngrab failed, not enough context to make judgement",peetmate
2026-07-10,ev_soildepth_inab_c3_aa,inab_landcap_guatemala,,drop,,Cannot interpret not enough context and no caption.,peetmate
2026-07-10,ev_slope_inab_c4_aa,inab_landcap_guatemala,,drop,,"screngrab failed, not enough context to make judgement",peetmate
2026-07-10,ev_soildepth_inab_c4_aa,inab_landcap_guatemala,,drop,,"cannot interpret, not enough context or, no caption, table screengrab just shows a small box saying CUADRO 4.",peetmate
2026-07-10,ev_slope_inab_c5_aa,inab_landcap_guatemala,,drop,,"screngrab failed, not enough context to make judgement",peetmate
2026-07-10,ev_soildepth_inab_c5_aa,inab_landcap_guatemala,,drop,other,"screen grab shows a tiny box saying cuadro only, no caption no context - cannot interpret.

add issue for ""not enough context to allow review""",peetmate
2026-07-10,ev_slope_inab_c6_aa,inab_landcap_guatemala,,drop,,"screngrab failed, not enough context to make judgement",peetmate
2026-07-10,ev_soildepth_inab_c6_aa,inab_landcap_guatemala,,drop,other,"screen grab shows a tiny box saying cuadro only, no caption no context - cannot interpret.

add issue for ""not enough context to allow review""",peetmate
2026-07-10,ev_slope_inab_c7_aa,inab_landcap_guatemala,,drop,other,not enough context to make judgement,peetmate
2026-07-10,ev_soildepth_inab_c7_aa,inab_landcap_guatemala,,drop,other,"no caption no context fro screengrabbed table - cannot interpret.

add issue for ""not enough context to allow review""",peetmate
2026-07-10,ev_slope_inab_p92_aa_example,inab_landcap_guatemala,,drop,other,not enough context to understand if this about suitability or a site specific description. What does Aa mean?,peetmate
2026-07-10,ev_soildepth_inab_p92_aa_example,inab_landcap_guatemala,,ok,other,"a rather site specific paper, note to review if this is too context specific to be useful or if the information should be given a regional/national flag.",peetmate
2026-07-10,EV_crs_fmnr_niger_2025_001,crs_fmnr_niger_2025,,flag,,"check for duplication, I swear I have already reviewed this.",peetmate
2026-07-10,EV_crs_fmnr_niger_2025_002,crs_fmnr_niger_2025,,flag,other,"This is factually correct,  but I wonder if making inferences from the general description of a practice is aligned with the overall synthetic review system?",peetmate
2026-07-10,EV_crs_fmnr_niger_2025_016,crs_fmnr_niger_2025,,drop,speculative_evidence,This is not strong direct evidence for a practice suitability relationship.,peetmate
2026-07-10,EV_crs_fmnr_niger_2025_017,crs_fmnr_niger_2025,,flag,,"soil texture -> sure but this is very vague, how would we use this information? are there more details in the rest of the manuscript?",peetmate
2026-07-10,ev_production_gap_saraheb3_tool,saraheb3_af_midwest,,ok,confirmed_pass,,peetmate
2026-07-10,ev_soil_erosion_risk_saraheb3_tool,saraheb3_af_midwest,,drop,insufficient_context,,peetmate
2026-07-10,ev_soil_erosion_risk_saraheb3_p1_water,saraheb3_af_map,,flag,other,the weight is useless without any context -> 5 out of what? how do we interpret the weight!?,peetmate
2026-07-10,ev_soil_erosion_wind_saraheb3_p1_wind,saraheb3_af_map,,flag,other,weighting has no context and cannot be interpreted,peetmate
2026-07-10,ev_carbon_sequestration_potential_saraheb3_p1_soil,saraheb3_af_map,,flag,other,missing context to interpret what weghting 5 means -> how will we standardize to interpret weightings between sources?,peetmate
2026-07-10,ev_soil_erosion_risk_saraheb3_p2_water,saraheb3_af_map,,ok,,,peetmate
2026-07-10,ev_soil_erosion_wind_saraheb3_p2_wind,saraheb3_af_map,,ok,,,peetmate
2026-07-10,ev_carbon_sequestration_potential_saraheb3_p2_soil,saraheb3_af_map,,ok,,,peetmate
2026-07-10,ev_soil_erosion_risk_saraheb3_p3_water,saraheb3_af_map,,drop,,,peetmate
2026-07-10,ev_soil_erosion_wind_saraheb3_p3_wind,saraheb3_af_map,,ok,,,peetmate
2026-07-10,ev_carbon_sequestration_potential_saraheb3_p3_soil,saraheb3_af_map,,ok,confirmed_pass,,peetmate
2026-07-10,ev_soil_erosion_risk_saraheb3_p4_water,saraheb3_af_map,,ok,,,peetmate
2026-07-10,ev_soil_erosion_wind_saraheb3_p4_wind,saraheb3_af_map,,ok,,,peetmate
2026-07-10,ev_carbon_sequestration_potential_saraheb3_p4_soil,saraheb3_af_map,,ok,,,peetmate
2026-07-10,ev_land_cover_saraheb3_cdl,saraheb3_af_map,,flag,other,"I do not know how to review this there is no encoded evidence to view...land_cover in itself not helpful, we need to know what classes are included or excluded",peetmate
2026-07-10,cgspace_singh_southasia_2020__soil_texture_hsg__01,cgspace_singh_southasia_2020,,drop,insufficient_context,,peetmate
2026-07-10,cgspace_singh_southasia_2020__soil_texture_hsg__02,cgspace_singh_southasia_2020,,ok,confirmed_pass,,peetmate
2026-07-10,cgspace_singh_southasia_2020__land_cover__01,cgspace_singh_southasia_2020,,flag,insufficient_context,"I cannot tell if the 1-4 and 5-7 classes top of left col of P73 correspond to the text in the right col of P73, there could be an error here.",peetmate
2026-07-10,cgspace_singh_southasia_2020__land_cover__02,cgspace_singh_southasia_2020,,drop,off_scope,This just a description of % of area that was suitable for Agroforestry it is not directly about sutiability,peetmate
2026-07-10,cgspace_singh_southasia_2020__tree_canopy_cover__01,cgspace_singh_southasia_2020,,drop,off_scope,not good enough this is vague inference that is most likely wrong. there is no direct link betwen agroforestry and a suitability variable.,peetmate
2026-07-10,ev_tree_canopy_cover_batcheler24_1,batcheler_silvopasture_2024,,drop,off_scope,,peetmate
2026-07-10,ev_tenure_security_castle21_1,castle_sr_2021,,flag,off_scope,Borderline/Reevaluate: Is this part of structural suitability T4? or part of project risk T3 and/or next steps guidance?,peetmate
2026-07-10,ev_tenure_security_castle21_2,castle_sr_2021,,drop,off_scope,,peetmate
2026-07-10,ev_tenure_security_castle21_3,castle_sr_2021,,drop,off_scope,,peetmate
2026-07-10,ev_labour_availability_castle21_1,castle_sr_2021,,drop,other,"This reads like discussion or speculation, ""may still deter"", yes it makes sense and is logical, but is there quantitative or qualitative evidence that was used here? I cannot confidently say yes, so dropping it.",peetmate
2026-07-10,ev_extension_governance_castle21_1,castle_sr_2021,,drop,off_scope,,peetmate
2026-07-10,ev_extension_governance_castle21_2,castle_sr_2021,,flag,off_scope,"Fine, but is this T4 or project enabling environment for the project risk? and/or part of the next steps table?",peetmate
2026-07-10,ev_finance_credit_access_castle21_1,castle_sr_2021,,flag,other,"this about adoption and socio-economic factors that relate to uptake, this is not T4 structural suitability. You should not be making this mistake - the agents should have been updated to assign this to T3 and/or next steps.

Also there shuold be a""Reason"" that clearly correspond to this issue.",peetmate
2026-07-10,ev_market_value_chain_castle21_1,castle_sr_2021,,flag,other,is this T4 or T3 risk/enabling factors and next steps?,peetmate
2026-07-10,ev_slope_fesenmyer25_1,fesenmyer_2025,,drop,other,wrong practice not agroforestry,peetmate
2026-07-10,ev_tree_canopy_cover_fesenmyer25_1,fesenmyer_2025,,drop,off_scope,,peetmate
2026-07-10,ev_tenure_security_fesenmyer25_1,fesenmyer_2025,,flag,other,"Agree it is directional claim, but is this for project risk in T3 or for T4 structural suitability?",peetmate
2026-07-10,ev_accessibility_travel_time_fesenmyer25_1,fesenmyer_2025,,drop,other,"reforestation not agroforestry, no evidence this paper should be mapped to agroforestry.",peetmate
2026-07-10,ev_tree_canopy_cover_sprenkle24_1,sprenkle_hyppolite_2024,,ok,confirmed_pass,,peetmate
2026-07-10,ev_tree_canopy_cover_sprenkle24_2,sprenkle_hyppolite_2024,,ok,confirmed_pass,error is very useful to collect we should review how this is handled.,peetmate
2026-07-10,ev_tree_canopy_cover_sprenkle24_3,sprenkle_hyppolite_2024,,drop,speculative_evidence,,peetmate
2026-07-10,ev_tree_canopy_cover_sprenkle24_4,sprenkle_hyppolite_2024,,ok,confirmed_pass,,peetmate
2026-07-10,ev_tree_canopy_cover_sprenkle24_5,sprenkle_hyppolite_2024,,drop,off_scope,Section is about CO2 removal and not agroforestry sutiability.,peetmate
2026-07-10,ev_soil_ph_fsrp22_1,wb_fsrp_2022,,drop,off_scope,,peetmate
2026-07-10,ev_soil_organic_carbon_fsrp22_1,wb_fsrp_2022,,drop,off_scope,this is a generic problem statement not tied to agroforestry at all.,peetmate
2026-07-10,ev_tenure_security_fsrp22_1,wb_fsrp_2022,,drop,off_scope,,peetmate
2026-07-10,ev_conflict_fragility_index_fsrp22_1,wb_fsrp_2022,,drop,off_scope,,peetmate
2026-07-10,ev_extension_governance_fsrp22_1,wb_fsrp_2022,,drop,off_scope,,peetmate
2026-07-10,ev_tenure_security_kcsap16_1,wb_kcsap_2016,,drop,off_scope,,peetmate
2026-07-10,ev_annual_precipitation_kcsap16_1,wb_kcsap_2016,,drop,off_scope,"seems like a description of a farming system, project context or site.",peetmate
2026-07-10,ev_annual_precipitation_kcsap16_2,wb_kcsap_2016,,drop,off_scope,"This is a generic context description that is too vague and high-level to be used to inform structural sutiabiltity evidence.

We should not be collect evidence from the description of project context or study site or similar for T4 -> make sure the agents stop doing this. Make sure there is an issue to select for this.",peetmate
2026-07-10,ev_aridity_index_kcsap16_1,wb_kcsap_2016,,drop,off_scope,,peetmate
2026-07-10,ev_land_cover_kcsap16_1,wb_kcsap_2016,,drop,off_scope,,peetmate
2026-07-10,ev_extension_governance_kcsap16_1,wb_kcsap_2016,,drop,off_scope,,peetmate
2026-07-10,ev_finance_credit_access_kcsap16_1,wb_kcsap_2016,,drop,off_scope,,peetmate
2026-07-10,ev_market_value_chain_kcsap16_1,wb_kcsap_2016,,drop,off_scope,,peetmate
2026-07-10,ev_tree_canopy_cover_zomer14_1,zomer_2014,,drop,off_scope,"not related to agroforestry suitability, this is an obvious one and should have been better handled.",peetmate
2026-07-10,ev_tree_canopy_cover_zomer14_2,zomer_2014,,drop,off_scope,Section is just describing biomass distribution and tree cover this is nothing to do with suitability.,peetmate
2026-07-10,ev_tree_canopy_cover_zomer14_3,zomer_2014,,drop,off_scope,Section is just describing biomass distribution and tree cover this is nothing to do with suitability.,peetmate
2026-07-10,ev_land_cover_zomer14_1,zomer_2014,,ok,,,peetmate
2026-07-10,ev_land_cover_zomer14_2,zomer_2014,,drop,off_scope,,peetmate
2026-07-10,ev_aridity_index_zomer14_1,zomer_2014,,flag,confirmed_pass,"this is a bit borderline, but I will accept it.",peetmate
2026-07-10,ev_aridity_index_zomer14_2,zomer_2014,,flag,confirmed_pass,"it's a bit borderline, but I will accept it, seems to be duplicate entry from the paper for the same variable though. 
you should make a note to harmonize duplicate entries -> this can happen after evidence extraction.",peetmate
2026-07-10,ev_t6_beneficiaries_kcsap16_7,wb_kcsap_2016,,drop,off_scope,"CSA project beneficiaries are nothing to do with NbS practice suitability, this is an obvious mistake which  should review and fix the extraction agents and QAQC agents to remove.",peetmate
2026-07-10,ev_t4_slope_ahmad17_1,ahmad_2017,mismatch,flag,other,"optimum is 0-5
medium is 5-15
low 15 -  unknown",peetmate
2026-07-10,ev_t4_landcover_ahmad17_1,ahmad_2017,,ok,confirmed_pass,"ok, but not terribly useful",peetmate
2026-07-10,ev_T4_slope_ahmad2018_1,ahmad_2018,,ok,,,peetmate
2026-07-10,ev_T4_soc_ahmad2018_1,ahmad_2018,,flag,off_scope,"this table seems to be about determining soil fertility status is this directly related to the papers method for calculating AF sutiabilty? if it is this needs to be noted and explained, if not the claim should be rejected.",peetmate
2026-07-10,ev_T4_soilph_ahmad2018_1,ahmad_2018,,drop,,,peetmate
2026-07-10,ev_T4_landcover_ahmad2018_1,ahmad_2018,,drop,other,this is agroforestry suitability in certain LULCs it is not a an evidence source. 86.4% agriculture pct in very high suitability is not an appropriate evidence sources. We need to quote the suitability methods not subsequent overlays.,peetmate
2026-07-10,ev_t4_lndcov_ahmad2020_1,ahmad_2020,,drop,off_scope,"seems to be a description of mapped suitability for an area, this is not at all useful for implementing a suitability analysis. BAD MISTAKE LEARN NOT TO DO THIS AGAIN.",peetmate
2026-07-10,ev_t4_arid_ahmad2020_1,ahmad_2020,,flag,confirmed_pass,"this is an interesting paper but it is hard to get any variable relationships out of it it, there is a lot of information hhidden in the figures. If you did not interpret the figures you may need to ask me to procide you sscreengrabs. Inpaeticular Fig8 and Table2.",peetmate
2026-07-10,ev_t4_tcc_ahmad2020_1,ahmad_2020,,drop,off_scope,"tree cover != agroforestry, bad mistake, avoid in future. This is general description of a global trend or study area.",peetmate
2026-07-10,ev_t4_tcc_brandt2015_1,brandt_2015,,ok,confirmed_pass,,peetmate
2026-07-10,ev_t4_lc_brandt2015_1,brandt_2015,,drop,off_scope,,peetmate
2026-07-10,ev_t4_prec_brandt2015_1,brandt_2015,,drop,off_scope,,peetmate
2026-07-10,ev_t4_soc_brandt2015_1,brandt_2015,,drop,wrong_practice,"This talks about CSA, which contains Agroforestry, but is an umbrella for many of practices too, there  is no direct link here to Planted silvoarable in this table it is too generic.",peetmate
2026-07-10,ev_t4_att_brandt2015_1,brandt_2015,,drop,off_scope,,peetmate
2026-07-10,ev_t4_ai_brandt2015_1,brandt_2015,,drop,off_scope,,peetmate
2026-07-10,ev_t4_soil_drain_castle2025_1,castle_2025,,ok,confirmed_pass,,peetmate
2026-07-10,ev_t4_soil_ph_castle2025_1,castle_2025,,drop,off_scope,,peetmate
2026-07-10,ev_t4_ann_precip_castle2025_1,castle_2025,,drop,off_scope,,peetmate
2026-07-10,ev_t4_land_cover_castle2025_1,castle_2025,,ok,,,peetmate
2026-07-10,ev_t4_land_cover_castle2025_2,castle_2025,,flag,,sure land cover is important but how it be actioned? what classes are in or out?,peetmate
2026-07-10,ev_t4_tenure_castle2025_1,castle_2025,,flag,other,I think this is table 3/next steps not table 4 structural suitability.,peetmate
2026-07-10,ev_t4_finance_castle2025_1,castle_2025,,drop,off_scope,,peetmate
2026-07-10,ev_t4_finance_castle2025_2,castle_2025,,flag,other,"nees to be associated with references 16-19.
IS this T4? or T3 project risk and implementation gudiances for next steps?",peetmate
2026-07-10,ev_t4_market_castle2025_1,castle_2025,,flag,,is this T4 or T3 project risk/enabling environment and/or implementation and next steps?,peetmate
2026-07-10,ev_t4_extension_castle2025_1,castle_2025,,flag,,again is this T4 or T3 project risk/enablers and nextsteps for implementation?,peetmate
2026-07-10,ev_t3_runoff_castle2025_1,castle_2025,,flag,other,note the link to table S2 which strongly suggests we need to look in supplemental materials -  this should be something that discovery and extraction agents flag and try to obtain.,peetmate
2026-07-10,ev_T4_slope_chuma21_1,chuma_2021,,ok,,,"Namita-J,peetmate"
2026-07-10,ev_T4_slope_haile2024_1,haile_2024,mismatch,ok,,,peetmate
2026-07-10,ev_T4_slope_haile2024_2,haile_2024,,ok,,,peetmate
2026-07-10,ev_T4_precip_haile2024_1,haile_2024,mismatch,drop,,,peetmate
2026-07-10,ev_T4_precip_haile2024_2,haile_2024,mismatch,flag,insufficient_context,"table caption missing, possibly because split across pages",peetmate
2026-07-10,ev_T4_slope_haris2021_1,haris_2021,,drop,species_envelope,Sengon is a agroforestry species/,peetmate
2026-07-10,ev_T4_slope_haris2021_2,haris_2021,mismatch,flag,insufficient_context,cannot interpret what land classes mean.,peetmate
2026-07-10,ev_T4_slope_haris2021_3,haris_2021,mismatch,flag,other,"suitability class VII is uninterpretable, needs to qualified to something that can be combined in synthesis.",peetmate
2026-07-10,ev_T4_soildrainage_haris2021_1,haris_2021,mismatch,flag,insufficient_context,I do not understand what class IV is. Is this related to agroforestry or something else?,peetmate
2026-07-10,ev_T4_annualprecip_haris2021_1,haris_2021,,flag,other,"I think this can be used as a vote count for annual precipitatoin, but the Sengon land units are not a useful variable for VONT and there is useable evidence for classification of a sutiablity variable here,",peetmate
2026-07-10,ev_t4_slope_jawarneh2025_1,jawarneh_2025,,drop,off_scope,"suitability for sheep and goats, not agroforestry.",peetmate
2026-07-10,ev_t4_soc_jawarneh2025_1,jawarneh_2025,mismatch,drop,species_envelope,rnageland suitability for sheep and goats!!! Nothing to do with NbS suitability at all. BAD mistake.,peetmate
2026-07-10,ev_t4_drainage_jawarneh2025_1,jawarneh_2025,mismatch,drop,species_envelope,,peetmate
2026-07-10,ev_t4_canopy_jawarneh2025_1,jawarneh_2025,mismatch,drop,species_envelope,,peetmate
2026-07-10,ev_t4_slope_kizir_1,kiziridis_2026,,ok,,,peetmate
2026-07-10,ev_t4_slope_kizir_2,kiziridis_2026,,ok,confirmed_pass,this is technically correct but figure 7 e-k offer the clearest information on variable vs suitability.,peetmate
2026-07-10,ev_t4_slope_kizir_3,kiziridis_2026,,flag,wrong_table,"carbon sequestration potential - potentially relevant to T6, but not practice suitability per se.",peetmate
2026-07-10,ev_t4_tcc_kizir_2,kiziridis_2026,,flag,speculative_evidence,section is about drivers of carbon sequestration potential are we certain this is equivocal to the NbS?,peetmate
2026-07-10,ev_t4_lc_kizir_1,kiziridis_2026,,flag,other,"technically correct, but how useable is this insight? we need to know WHAT land cover classes.",peetmate
2026-07-10,ev_t4_lc_kizir_2,kiziridis_2026,,flag,,"sure land cover is important, but what classes are in or out? how can this information be actioned?",peetmate
2026-07-10,ev_t4_temp_kizir_1,kiziridis_2026,scope,flag,other,variable should at least be counted even if there is no directionality or description of relationship with suitability,peetmate
2026-07-10,ev_t4_temp_kizir_2,kiziridis_2026,scope,drop,,,peetmate
2026-07-10,ev_t4_soc_kizir_1,kiziridis_2026,scope,flag,insufficient_context,I cannot interpret the table full the caption has been cropped off,peetmate
2026-07-10,ev_T4_slope_marinis22_1,marinis_2022,,drop,off_scope,"convoluted pathway, not enough context to understand how LUTs relate to agroforestry if at all.",peetmate
2026-07-10,ev_T4_slope_marinis22_2,marinis_2022,,drop,off_scope,these are sutiability for land uses? not agroforestry per se?,peetmate
2026-07-10,ev_t4_slope_moisa25_2,moisa_2025,,ok,confirmed_pass,,peetmate
2026-07-10,ev_t4_lc_mucida23_1,mucida_2023,mismatch,flag,insufficient_context,"I do not understand what PCU is, needs a definition if to be useful.",peetmate
2026-07-10,ev_t4_pa_mucida23_1,mucida_2023,,ok,other,"This is borderline, I think it is technically correct, but not terribly helpful.",peetmate
2026-07-10,ev_t4_precip_mushtaq2023_1,mushtaq_2023,mismatch,flag,insufficient_context,"table caption is cropped off, cannot correctly interpret table without it",peetmate
2026-07-10,ev_t4_soilph_mushtaq2023_1,mushtaq_2023,mismatch,flag,insufficient_context,"table caption is cropped, cannot interperet the table -> always retain the table caption",peetmate
2026-07-10,ev_t4_soildrain_mushtaq2023_1,mushtaq_2023,,drop,species_envelope,read the captions for the Table: Table 4  Normalized weight and area (%) for eight selected parameters based on AHP and rank assigned to their sub-classes based on mulberry suitability ->  it states this is Mulberry suitability not general agroforestry suitability.,peetmate
2026-07-10,ev_t4_soilph_mushtaq2023_2,mushtaq_2023,,drop,species_envelope,"this is mulberry agroforestry very obviously species specific and not general, it is concerning that this extract passed the instructions to agents need tightening, include this as an example of something that should have been excluded.",peetmate
2026-07-10,ev_t4_soilph_mushtaq2023_3,mushtaq_2023,,drop,species_envelope,,peetmate
2026-07-10,ev_t4_mat_mushtaq2023_2,mushtaq_2023,,flag,species_envelope,"the paper is about mulberry, ensure this reference is general not crop specific. The insight should not be generalized beyond it's context, clearly agroforestry in different contexts is perfectly viable in areas with rainfall <1200mm, the same is probably true of temperature (but I am not so sure on this).",peetmate
2026-07-10,ev_t4_precip_mushtaq2023_2,mushtaq_2023,mismatch,ok,other,,peetmate
2026-07-10,ev_t4_precip_mushtaq2023_3,mushtaq_2023,,drop,species_envelope,,peetmate
2026-07-10,ev_t4_slope_mushtaq2023_2,mushtaq_2023,unsupported,drop,species_envelope,,peetmate
2026-07-10,ev_t4_meanann_nath21_01,nath_2021,,ok,confirmed_pass,,peetmate
2026-07-10,ev_t4_annualp_nath21_02,nath_2021,,flag,other,"this precipitation amount must be very context specific to region/country/AEZ as there are vast areas of farmland that get <1000mm rainfall per year that are highly suitable for agroforestry elsewhere in the world. This is not a ""global"" generalizable number.",peetmate
2026-07-10,ev_t4_aridity_nath21_03,nath_2021,,flag,other,"be sure to note what aridity index they are using, there are different types and ultimately we will need to harmonize.",peetmate
2026-07-10,ev_t4_soilph_nath21_01,nath_2021,mismatch,flag,insufficient_context,I cannot see the full table the caption is cropped off.,peetmate
2026-07-10,ev_t4_soildra_nath21_01,nath_2021,,flag,other,"the soil drainage codes are not interpretable as ordinal values, more information is needed as to what exactly the codes refer to if we are going to be able to use this practically.

we need an issue that refers to this type of probelm",peetmate
2026-07-10,ev_t4_slope_nath21_01,nath_2021,,ok,confirmed_pass,,peetmate
2026-07-10,ev_t4_landcov_nath21_01,nath_2021,mismatch,flag,,ok needs correction to NVDI then,peetmate
2026-07-10,ev_t4_treecanopy_palma2007_02,palma_2007,scope,drop,,,peetmate
2026-07-10,ev_t4_market_palma2007_01,palma_2007,,flag,other,"This is an interesting finding, perhaps relevant to the next steps module of the toolkit, but the variable itself might need some more scrutiny. Market_value_chain does suggest there is  some way of selling timber from agroforestry so that is a start",peetmate
2026-07-10,ev_t4_finance_palma2007_01,palma_2007,,drop,other,"this is neither used in suitability analysis nor measured in any quantitative or qualitative way, it is a reflection and assumption that relates to something they think could be important but they do not know at present. Therefore we should reject this as the evidence is not strong enough, used or first (or even second) hand.",peetmate
2026-07-10,ev_T4_slope_seja2022_1,seja_2022,,flag,other,"I find it hard to understand this methodology, the slope is for different Land Use units they have identified, but the rationale for their selection is unclear, this may not represent the full potential for AF and the 8% min slope is a red flag. However the 72% upper bound is interesting too, although perhaps totally unfeasible. 

This is borderline.",peetmate
2026-07-10,ev_T4_temp_seja2022_2,seja_2022,,drop,off_scope,"I don't think this directly relates to agroforestry suitability, I think these are just zones for potential agroforestry implementation that are being described.",peetmate
2026-07-10,ev_T4_landcover_seja2022_1,seja_2022,,drop,,,peetmate
2026-07-10,ev_T4_tenure_singh24_1,singh_2024,,flag,other,is this T4 or T3 risk/enabling factors and next steps?,peetmate
2026-07-10,ev_T4_market_singh24_1,singh_2024,,flag,other,"T4 or T3/next steps?
must be linked to source [7]",peetmate
2026-07-10,ev_T4_extgov_singh24_1,singh_2024,,flag,other,is this T4 or T3 risk/enabling factors and next steps?,peetmate
2026-07-10,ev_t4_slope_sper24_2,sperandio_2024,,drop,off_scope,general discussion point not clearly linked to agroforestry.,peetmate
2026-07-10,ev_t4_precip_sper24_1,sperandio_2024,mismatch,drop,other,this just states 48% of an area was suitable. How is this useful?,peetmate
2026-07-10,ev_t4_precip_sper24_2,sperandio_2024,,drop,,,peetmate
2026-07-10,ev_t4_mat_sper24_1,sperandio_2024,,drop,,,peetmate
2026-07-10,ev_t4_soilph_sper24_1,sperandio_2024,,drop,,,peetmate
2026-07-10,ev_t4_soc_sper24_1,sperandio_2024,scope,flag,insufficient_context,the context is truncated as the text flows from the bottom of one column to the top of another and we are only showing the top.,peetmate
2026-07-10,ev_t4_lc_sper24_1,sperandio_2024,scope,drop,,,peetmate
2026-07-10,ev_T4_precip_unger2023_1,unger_2023,,drop,off_scope,this is about a study area not suitability!,peetmate
2026-07-10,ev_T4_lc_unger2023_1,unger_2023,scope,ok,,,peetmate
2026-07-10,ev_T4_lc_unger2023_2,unger_2023,mismatch,drop,other,,peetmate
2026-07-10,ev_T4_soil_unger2023_1,unger_2023,mismatch,drop,insufficient_context,standard soil values as a variable is uninterpretable,peetmate
2026-07-10,ev_T4_gov_unger2023_1,unger_2023,,drop,other,"Too high level and hand-wavy, indirect and assumed causation, no qualitative or quantitative evidence presented.",peetmate
2026-07-10,ev_T4_slope_wotlolan2021_1,wotlolan_2021,scope,flag,insufficient_context,"publications often have a two column format, this extraction fails to follow the bottom of column 1 to the top of column 2",peetmate
2026-07-10,ev_T4_soilph_wotlolan2021_6,wotlolan_2021,,drop,species_envelope,,peetmate
2026-07-10,ev_T4_mat_wotlolan2021_4,wotlolan_2021,scope,drop,species_envelope,,peetmate
2026-07-10,ev_T4_mat_wotlolan2021_5,wotlolan_2021,scope,drop,species_envelope,,peetmate
2026-07-10,ev_T4_mat_wotlolan2021_6,wotlolan_2021,scope,drop,species_envelope,,peetmate
2026-07-10,ev_T4_mat_wotlolan2021_7,wotlolan_2021,,drop,,,peetmate
2026-07-10,ev_T4_landcover_wotlolan2021_1,wotlolan_2021,,ok,confirmed_pass,,peetmate
2026-07-10,ev_t4_precip_yadav24_2,yadav_2024,mismatch,flag,insufficient_context,I cannot interpret the table properly the caption has been cropped off. Always show the full table.,peetmate
2026-07-10,ev_t4_soc_yadav24_3,yadav_2024,mismatch,drop,species_envelope,,peetmate
2026-07-10,ev_t4_precip_yadav24_5,yadav_2024,mismatch,ok,,,peetmate
2026-07-10,ev_t4_soc_yadav24_6,yadav_2024,scope,ok,,,peetmate
2026-07-10,ev_t4_soildrain_yadav24_9,yadav_2024,unsupported,flag,other,"bulk density should be counted as a contributing variable, but there is not obvious relationship with suitability specified.",peetmate
2026-07-10,ev_t4_sysfit_yadav24_13,yadav_2024,,drop,,,peetmate
2026-07-10,ev_tree_canopy_cover_abigaba24_table2_le50,abigaba_2024,,drop,species_envelope,,peetmate
2026-07-10,ev_tree_canopy_cover_abigaba24_shading_levels,abigaba_2024,,drop,wrong_table,"this is not structural suitability, it shows the ability of the NbS to reduce max temperatures which relates to T3 hazard response.",peetmate
2026-07-10,ev_tree_canopy_cover_abigaba24_temp_reduction,abigaba_2024,,flag,wrong_table,this is for T3 not T4,peetmate
2026-07-10,ev_mean_annual_temperature_abigaba24_arabica_seasonality,abigaba_2024,,drop,species_envelope,,peetmate
2026-07-10,ev_mean_annual_temperature_abigaba24_robusta_lowlands,abigaba_2024,,drop,species_envelope,robusta coffee -> this is species specific not general,peetmate
2026-07-10,ev_annual_precipitation_abigaba24_robusta,abigaba_2024,,drop,species_envelope,clearly about robusta coffee not a general agroforestry practice.,peetmate
2026-07-10,ev_annual_precipitation_abigaba24_banana,abigaba_2024,,drop,species_envelope,Crop suitability not agroforestry suitability.,peetmate
2026-07-10,ev_soil_ph_abigaba24_robusta,abigaba_2024,,ok,confirmed_pass,,peetmate
2026-07-10,ev_soil_ph_abigaba24_banana,abigaba_2024,,drop,species_envelope,coffee,peetmate
2026-07-10,ev_slope_affan24_table4,affan_2024,,drop,species_envelope,coffee,peetmate
2026-07-10,ev_soilph_affan24_table4,affan_2024,,drop,species_envelope,specific to coffee,peetmate
2026-07-10,ev_soilph_affan24_p5_ideal,affan_2024,,drop,species_envelope,"This is general discussion of the study context and some general information about crop preferences for coffee. So it should be dismissed as it is a species envelope not a general suitability characteristic of agroforestry,",peetmate
2026-07-10,ev_temp_affan24_table4,affan_2024,,drop,species_envelope,coffee,peetmate
2026-07-10,ev_temp_affan24_p4_dahlia,affan_2024,,drop,species_envelope,quote is specific to coffee.,peetmate
2026-07-10,ev_temp_affan24_p5_ideal,affan_2024,,drop,species_envelope,BAD. This is clearly a species envelope for single crop -> coffee.,peetmate
2026-07-10,ev_texture_affan24_table4,affan_2024,,drop,species_envelope,coffee,peetmate
2026-07-10,ev_soilph_affan24_p3_obs,affan_2024,,drop,species_envelope,specific to coffee,peetmate
2026-07-10,ev_land_cover_mantino26_01,mantino_2026,,drop,other,"Yes LULC is a variable used, but this information is too vague to be of any use, we need to know what LULC classes were included and how they were included. Suggest we add reason of ""Insufficent detail"" and refine the agents to deal with this. I suspect the information we need should be contained elsewhere in the paper.",peetmate
2026-07-10,ev_soil_ph_singh26,singh_2026,,ok,,,peetmate
2026-07-10,ev_soil_drainage_singh26,singh_2026,,flag,other,"there is some information on drainage, but agree is it is too qualitative to use. But you missed the directionality of the relationship which is a BIG miss.

Add issue for this type of error - directionality/relationship missed.",peetmate
2026-07-10,ev_soil_texture_singh26,singh_2026,,flag,other,"very high = fine texture, high = fine to couse, moderate - source -> missed",peetmate
2026-07-10,ev_slope_singh26,singh_2026,,flag,other,mathematical relationship missed,peetmate
2026-07-10,ev_mat_singh26,singh_2026,,flag,other,Suitability mathematical relationship missed,peetmate
2026-07-10,ev_precip_singh26,singh_2026,,flag,other,"Again there is relationship presented for suitability and the variable, this is VERY IMPORTANT TO CAPTURE AND HAS BEEN MISSED!",peetmate
2026-07-10,ev_dist_road_qual_singh26,singh_2026,,flag,,"THere are relationships for distance from forest, settlement, waterbody, cropland and road that is montotonically decreasing linear. This is an important relationship to capture and exactly th einformation we need for the suitability mapping.

Also note there is no reason that corresponds to this type of issues, please create one.",peetmate
2026-07-10,ev_dist_road_ml_singh26,singh_2026,,flag,other,where is the context to understand the variable importance or weight?? do we need to standardize to compare between studies?,peetmate
2026-07-10,ev_dist_settlement_qual_singh26,singh_2026,,flag,other,mathematical relationship missing,peetmate
2026-07-10,ev_dist_settlement_ml_singh26,singh_2026,,ok,,,peetmate
2026-07-10,ev_land_cover_singh26,singh_2026,,drop,other,"useless evidence description - landcover is far too vague.

again should be an issue that relate to this type of problem.",peetmate
2026-07-10,ev_slope_inab_aa_def,inab_landcap_guatemala,,drop,other,"difficult to udnerstand the context, poor quality publication.",peetmate
2026-07-10,ev_soildepth_inab_aa_def,inab_landcap_guatemala,,ok,,,peetmate
2026-07-10,ev_slope_inab_c1_aa,inab_landcap_guatemala,,drop,,not enough context for me to review,peetmate
2026-07-10,ev_soildepth_inab_c1_aa,inab_landcap_guatemala,,drop,,I cannot interpret this table there is no caption or context.,peetmate
2026-07-10,ev_slope_inab_c2_aa,inab_landcap_guatemala,,drop,other,"screngrab failed, not enough context to make judgement",peetmate
2026-07-10,ev_soildepth_inab_c2_aa,inab_landcap_guatemala,,drop,other,"table screengrab incorrect, not enough context to review.",peetmate
2026-07-10,ev_slope_inab_c3_aa,inab_landcap_guatemala,,drop,,"screngrab failed, not enough context to make judgement",peetmate
2026-07-10,ev_soildepth_inab_c3_aa,inab_landcap_guatemala,,drop,,Cannot interpret not enough context and no caption.,peetmate
2026-07-10,ev_slope_inab_c4_aa,inab_landcap_guatemala,,drop,,"screngrab failed, not enough context to make judgement",peetmate
2026-07-10,ev_soildepth_inab_c4_aa,inab_landcap_guatemala,,drop,,"cannot interpret, not enough context or, no caption, table screengrab just shows a small box saying CUADRO 4.",peetmate
2026-07-10,ev_slope_inab_c5_aa,inab_landcap_guatemala,,drop,,"screngrab failed, not enough context to make judgement",peetmate
2026-07-10,ev_soildepth_inab_c5_aa,inab_landcap_guatemala,,drop,other,"screen grab shows a tiny box saying cuadro only, no caption no context - cannot interpret.

add issue for ""not enough context to allow review""",peetmate
2026-07-10,ev_slope_inab_c6_aa,inab_landcap_guatemala,,drop,,"screngrab failed, not enough context to make judgement",peetmate
2026-07-10,ev_soildepth_inab_c6_aa,inab_landcap_guatemala,,drop,other,"screen grab shows a tiny box saying cuadro only, no caption no context - cannot interpret.

add issue for ""not enough context to allow review""",peetmate
2026-07-10,ev_slope_inab_c7_aa,inab_landcap_guatemala,,drop,other,not enough context to make judgement,peetmate
2026-07-10,ev_soildepth_inab_c7_aa,inab_landcap_guatemala,,drop,other,"no caption no context fro screengrabbed table - cannot interpret.

add issue for ""not enough context to allow review""",peetmate
2026-07-10,ev_slope_inab_p92_aa_example,inab_landcap_guatemala,,drop,other,not enough context to understand if this about suitability or a site specific description. What does Aa mean?,peetmate
2026-07-10,ev_soildepth_inab_p92_aa_example,inab_landcap_guatemala,,ok,other,"a rather site specific paper, note to review if this is too context specific to be useful or if the information should be given a regional/national flag.",peetmate
2026-07-10,EV_crs_fmnr_niger_2025_001,crs_fmnr_niger_2025,,flag,,"check for duplication, I swear I have already reviewed this.",peetmate
2026-07-10,EV_crs_fmnr_niger_2025_002,crs_fmnr_niger_2025,,flag,other,"This is factually correct,  but I wonder if making inferences from the general description of a practice is aligned with the overall synthetic review system?",peetmate
2026-07-10,EV_crs_fmnr_niger_2025_016,crs_fmnr_niger_2025,,drop,speculative_evidence,This is not strong direct evidence for a practice suitability relationship.,peetmate
2026-07-10,EV_crs_fmnr_niger_2025_017,crs_fmnr_niger_2025,,flag,,"soil texture -> sure but this is very vague, how would we use this information? are there more details in the rest of the manuscript?",peetmate
2026-07-10,ev_production_gap_saraheb3_tool,saraheb3_af_midwest,,ok,confirmed_pass,,peetmate
2026-07-10,ev_soil_erosion_risk_saraheb3_tool,saraheb3_af_midwest,,drop,insufficient_context,,peetmate
2026-07-10,ev_soil_erosion_risk_saraheb3_p1_water,saraheb3_af_map,,flag,other,the weight is useless without any context -> 5 out of what? how do we interpret the weight!?,peetmate
2026-07-10,ev_soil_erosion_wind_saraheb3_p1_wind,saraheb3_af_map,,flag,other,weighting has no context and cannot be interpreted,peetmate
2026-07-10,ev_carbon_sequestration_potential_saraheb3_p1_soil,saraheb3_af_map,,flag,other,missing context to interpret what weghting 5 means -> how will we standardize to interpret weightings between sources?,peetmate
2026-07-10,ev_soil_erosion_risk_saraheb3_p2_water,saraheb3_af_map,,ok,,,peetmate
2026-07-10,ev_soil_erosion_wind_saraheb3_p2_wind,saraheb3_af_map,,ok,,,peetmate
2026-07-10,ev_carbon_sequestration_potential_saraheb3_p2_soil,saraheb3_af_map,,ok,,,peetmate
2026-07-10,ev_soil_erosion_risk_saraheb3_p3_water,saraheb3_af_map,,drop,,,peetmate
2026-07-10,ev_soil_erosion_wind_saraheb3_p3_wind,saraheb3_af_map,,ok,,,peetmate
2026-07-10,ev_carbon_sequestration_potential_saraheb3_p3_soil,saraheb3_af_map,,ok,confirmed_pass,,peetmate
2026-07-10,ev_soil_erosion_risk_saraheb3_p4_water,saraheb3_af_map,,ok,,,peetmate
2026-07-10,ev_soil_erosion_wind_saraheb3_p4_wind,saraheb3_af_map,,ok,,,peetmate
2026-07-10,ev_carbon_sequestration_potential_saraheb3_p4_soil,saraheb3_af_map,,ok,,,peetmate
2026-07-10,ev_land_cover_saraheb3_cdl,saraheb3_af_map,,flag,other,"I do not know how to review this there is no encoded evidence to view...land_cover in itself not helpful, we need to know what classes are included or excluded",peetmate
2026-07-10,cgspace_singh_southasia_2020__soil_texture_hsg__01,cgspace_singh_southasia_2020,,drop,insufficient_context,,peetmate
2026-07-10,cgspace_singh_southasia_2020__soil_texture_hsg__02,cgspace_singh_southasia_2020,,ok,confirmed_pass,,peetmate
2026-07-10,cgspace_singh_southasia_2020__land_cover__01,cgspace_singh_southasia_2020,,flag,insufficient_context,"I cannot tell if the 1-4 and 5-7 classes top of left col of P73 correspond to the text in the right col of P73, there could be an error here.",peetmate
2026-07-10,cgspace_singh_southasia_2020__land_cover__02,cgspace_singh_southasia_2020,,drop,off_scope,This just a description of % of area that was suitable for Agroforestry it is not directly about sutiability,peetmate
2026-07-10,cgspace_singh_southasia_2020__tree_canopy_cover__01,cgspace_singh_southasia_2020,,drop,off_scope,not good enough this is vague inference that is most likely wrong. there is no direct link betwen agroforestry and a suitability variable.,peetmate
2026-07-14,ev_T4_slope_haris2021_1,haris_2021,,reclassify,species_envelope,"2026-07 sweep-retro: restore species/crop evidence (keep + bank for reuse, not dropped)",peetmate
2026-07-14,ev_t4_soildrain_mushtaq2023_1,mushtaq_2023,,reclassify,species_envelope,"2026-07 sweep-retro: restore species/crop evidence (keep + bank for reuse, not dropped)",peetmate
2026-07-14,ev_t4_soilph_mushtaq2023_2,mushtaq_2023,,reclassify,species_envelope,"2026-07 sweep-retro: restore species/crop evidence (keep + bank for reuse, not dropped)",peetmate
2026-07-14,ev_t4_soilph_mushtaq2023_3,mushtaq_2023,,reclassify,species_envelope,"2026-07 sweep-retro: restore species/crop evidence (keep + bank for reuse, not dropped)",peetmate
2026-07-14,ev_t4_precip_mushtaq2023_3,mushtaq_2023,,reclassify,species_envelope,"2026-07 sweep-retro: restore species/crop evidence (keep + bank for reuse, not dropped)",peetmate
2026-07-14,ev_t4_slope_mushtaq2023_2,mushtaq_2023,,reclassify,species_envelope,"2026-07 sweep-retro: restore species/crop evidence (keep + bank for reuse, not dropped)",peetmate
2026-07-14,ev_T4_soilph_wotlolan2021_6,wotlolan_2021,,reclassify,species_envelope,"2026-07 sweep-retro: restore species/crop evidence (keep + bank for reuse, not dropped)",peetmate
2026-07-14,ev_T4_mat_wotlolan2021_4,wotlolan_2021,,reclassify,species_envelope,"2026-07 sweep-retro: restore species/crop evidence (keep + bank for reuse, not dropped)",peetmate
2026-07-14,ev_T4_mat_wotlolan2021_5,wotlolan_2021,,reclassify,species_envelope,"2026-07 sweep-retro: restore species/crop evidence (keep + bank for reuse, not dropped)",peetmate
2026-07-14,ev_T4_mat_wotlolan2021_6,wotlolan_2021,,reclassify,species_envelope,"2026-07 sweep-retro: restore species/crop evidence (keep + bank for reuse, not dropped)",peetmate
2026-07-14,ev_mean_annual_temperature_abigaba24_arabica_seasonality,abigaba_2024,,reclassify,species_envelope,"2026-07 sweep-retro: restore species/crop evidence (keep + bank for reuse, not dropped)",peetmate
2026-07-14,ev_mean_annual_temperature_abigaba24_robusta_lowlands,abigaba_2024,,reclassify,species_envelope,"2026-07 sweep-retro: restore species/crop evidence (keep + bank for reuse, not dropped)",peetmate
2026-07-14,ev_annual_precipitation_abigaba24_robusta,abigaba_2024,,reclassify,species_envelope,"2026-07 sweep-retro: restore species/crop evidence (keep + bank for reuse, not dropped)",peetmate
2026-07-14,ev_annual_precipitation_abigaba24_banana,abigaba_2024,,reclassify,species_envelope,"2026-07 sweep-retro: restore species/crop evidence (keep + bank for reuse, not dropped)",peetmate
2026-07-14,ev_soil_ph_abigaba24_banana,abigaba_2024,,reclassify,species_envelope,"2026-07 sweep-retro: restore species/crop evidence (keep + bank for reuse, not dropped)",peetmate
2026-07-14,ev_soilph_affan24_table4,affan_2024,,reclassify,species_envelope,"2026-07 sweep-retro: restore species/crop evidence (keep + bank for reuse, not dropped)",peetmate
2026-07-14,ev_soilph_affan24_p5_ideal,affan_2024,,reclassify,species_envelope,"2026-07 sweep-retro: restore species/crop evidence (keep + bank for reuse, not dropped)",peetmate
2026-07-14,ev_temp_affan24_table4,affan_2024,,reclassify,species_envelope,"2026-07 sweep-retro: restore species/crop evidence (keep + bank for reuse, not dropped)",peetmate
2026-07-14,ev_temp_affan24_p4_dahlia,affan_2024,,reclassify,species_envelope,"2026-07 sweep-retro: restore species/crop evidence (keep + bank for reuse, not dropped)",peetmate
2026-07-14,ev_temp_affan24_p5_ideal,affan_2024,,reclassify,species_envelope,"2026-07 sweep-retro: restore species/crop evidence (keep + bank for reuse, not dropped)",peetmate
2026-07-14,ev_soilph_affan24_p3_obs,affan_2024,,reclassify,species_envelope,"2026-07 sweep-retro: restore species/crop evidence (keep + bank for reuse, not dropped)",peetmate
2026-07-14,ev_T4_soilph_wotlolan2021_1,wotlolan_2021,scope,reclassify,species_envelope,"2026-07 sweep-retro: definitional mis-tag fix (taxon present, claim_scope was practice_technology) — species envelope, keep + bank",peetmate
2026-07-14,ev_T4_soilph_wotlolan2021_2,wotlolan_2021,scope,reclassify,species_envelope,"2026-07 sweep-retro: definitional mis-tag fix (taxon present, claim_scope was practice_technology) — species envelope, keep + bank",peetmate
2026-07-14,ev_T4_soilph_wotlolan2021_3,wotlolan_2021,scope,reclassify,species_envelope,"2026-07 sweep-retro: definitional mis-tag fix (taxon present, claim_scope was practice_technology) — species envelope, keep + bank",peetmate
2026-07-14,ev_T4_soilph_wotlolan2021_4,wotlolan_2021,scope,reclassify,species_envelope,"2026-07 sweep-retro: definitional mis-tag fix (taxon present, claim_scope was practice_technology) — species envelope, keep + bank",peetmate
2026-07-14,ev_T4_soilph_wotlolan2021_5,wotlolan_2021,scope,reclassify,species_envelope,"2026-07 sweep-retro: definitional mis-tag fix (taxon present, claim_scope was practice_technology) — species envelope, keep + bank",peetmate
2026-07-14,ev_T4_soilph_wotlolan2021_7,wotlolan_2021,scope,reclassify,species_envelope,"2026-07 sweep-retro: definitional mis-tag fix (taxon present, claim_scope was practice_technology) — species envelope, keep + bank",peetmate
2026-07-14,ev_T4_soildrain_wotlolan2021_1,wotlolan_2021,scope,reclassify,species_envelope,"2026-07 sweep-retro: definitional mis-tag fix (taxon present, claim_scope was practice_technology) — species envelope, keep + bank",peetmate
2026-07-14,ev_T4_mat_wotlolan2021_1,wotlolan_2021,scope,reclassify,species_envelope,"2026-07 sweep-retro: definitional mis-tag fix (taxon present, claim_scope was practice_technology) — species envelope, keep + bank",peetmate
2026-07-14,ev_T4_mat_wotlolan2021_2,wotlolan_2021,scope,reclassify,species_envelope,"2026-07 sweep-retro: definitional mis-tag fix (taxon present, claim_scope was practice_technology) — species envelope, keep + bank",peetmate
2026-07-14,ev_T4_mat_wotlolan2021_3,wotlolan_2021,scope,reclassify,species_envelope,"2026-07 sweep-retro: definitional mis-tag fix (taxon present, claim_scope was practice_technology) — species envelope, keep + bank",peetmate
2026-07-14,ev_T4_prec_wotlolan2021_1,wotlolan_2021,scope,reclassify,species_envelope,"2026-07 sweep-retro: definitional mis-tag fix (taxon present, claim_scope was practice_technology) — species envelope, keep + bank",peetmate
2026-07-14,ev_T4_prec_wotlolan2021_2,wotlolan_2021,scope,reclassify,species_envelope,"2026-07 sweep-retro: definitional mis-tag fix (taxon present, claim_scope was practice_technology) — species envelope, keep + bank",peetmate
2026-07-14,ev_T4_prec_wotlolan2021_3,wotlolan_2021,scope,reclassify,species_envelope,"2026-07 sweep-retro: definitional mis-tag fix (taxon present, claim_scope was practice_technology) — species envelope, keep + bank",peetmate
2026-07-14,ev_T4_prec_wotlolan2021_4,wotlolan_2021,scope,reclassify,species_envelope,"2026-07 sweep-retro: definitional mis-tag fix (taxon present, claim_scope was practice_technology) — species envelope, keep + bank",peetmate
2026-07-14,ev_T4_prec_wotlolan2021_5,wotlolan_2021,scope,reclassify,species_envelope,"2026-07 sweep-retro: definitional mis-tag fix (taxon present, claim_scope was practice_technology) — species envelope, keep + bank",peetmate
2026-07-14,ev_T4_prec_wotlolan2021_6,wotlolan_2021,scope,reclassify,species_envelope,"2026-07 sweep-retro: definitional mis-tag fix (taxon present, claim_scope was practice_technology) — species envelope, keep + bank",peetmate
2026-07-14,ev_T4_prec_wotlolan2021_7,wotlolan_2021,scope,reclassify,species_envelope,"2026-07 sweep-retro: definitional mis-tag fix (taxon present, claim_scope was practice_technology) — species envelope, keep + bank",peetmate
2026-07-15,ev_t4_soc_jawarneh2025_1,jawarneh_2025,mismatch,reopen,,,peetmate
2026-07-15,ev_t4_drainage_jawarneh2025_1,jawarneh_2025,mismatch,reopen,,,peetmate
2026-07-15,ev_t4_canopy_jawarneh2025_1,jawarneh_2025,mismatch,reopen,,,peetmate
2026-07-15,ev_t4_soc_yadav24_3,yadav_2024,mismatch,reopen,,,peetmate
2026-07-15,ev_tree_canopy_cover_abigaba24_table2_le50,abigaba_2024,,reopen,,,peetmate
2026-07-15,ev_slope_affan24_table4,affan_2024,,reopen,,,peetmate
2026-07-15,ev_texture_affan24_table4,affan_2024,,reopen,,,peetmate
2026-07-15,ev_tree_canopy_cover_sprenkle24_4,sprenkle_hyppolite_2024,,ok,confirmed_pass,,Namita-J
2026-07-15,ev_tenure_security_kcsap16_1,wb_kcsap_2016,,ok,,,Namita-J
2026-07-15,ev_land_cover_zomer14_1,zomer_2014,,drop,,,Namita-J
2026-07-15,ev_aridity_index_zomer14_2,zomer_2014,,ok,confirmed_pass,,Namita-J
2026-07-15,ev_t3_fire_freq_batcheler24_3,batcheler_silvopasture_2024,,ok,confirmed_pass,,Namita-J
2026-07-15,ev_t3_flood_importance_quandt17_9,quandt_resilience_2017,,drop,insufficient_context,,Namita-J
2026-07-15,ev_t6_ecosvc_firewood_castle21_12,castle_sr_2021,,ok,confirmed_pass,,Namita-J
2026-07-15,ev_t6_adoption_place_castle21_13,castle_sr_2021,,ok,confirmed_pass,,Namita-J
2026-07-15,ev_t6_carbon_mitigation_potential_zomer14_5,zomer_2014,,drop,off_scope,,Namita-J
2026-07-15,ev_t4_slope_ahmad17_1,ahmad_2017,mismatch,drop,smuggled_number,,Namita-J
2026-07-15,ev_t3_soilwater_ahmad17_1,ahmad_2017,,ok,confirmed_pass,,Namita-J
2026-07-15,ev_T4_soc_ahmad2018_1,ahmad_2018,,ok,confirmed_pass,,Namita-J
2026-07-15,ev_T4_slope_chuma21_1,chuma_2021,,ok,confirmed_pass,,Namita-J
2026-07-15,ev_T6_ecosystem_service_chuma21_1,chuma_2021,,ok,confirmed_pass,,Namita-J
2026-07-15,ev_t4_slope_kizir_2,kiziridis_2026,,ok,confirmed_pass,,Namita-J
2026-07-15,ev_t6_carbon_kizir_3,kiziridis_2026,,ok,confirmed_pass,,Namita-J
2026-07-15,ev_T4_slope_marinis22_2,marinis_2022,,drop,insufficient_context,,Namita-J
2026-07-15,ev_t6_ecosyste_nath21_01,nath_2021,,ok,confirmed_pass,,Namita-J
2026-07-15,ev_soil_ph_abigaba24_robusta,abigaba_2024,,ok,confirmed_pass,,Namita-J
2026-07-15,ev_tree_canopy_cover_mantino26_03,mantino_2026,,ok,confirmed_pass,,Namita-J
2026-07-15,ev_soil_drainage_singh26,singh_2026,,ok,confirmed_pass,,Namita-J
2026-07-15,ev_dist_settlement_qual_singh26,singh_2026,,ok,confirmed_pass,,Namita-J
2026-07-15,EV_crs_fmnr_niger_2025_012,crs_fmnr_niger_2025,,ok,confirmed_pass,,Namita-J
2026-07-15,cgspace_singh_southasia_2020__soil_texture_hsg__01,cgspace_singh_southasia_2020,,ok,confirmed_pass,,Namita-J
2026-07-17,ev_tree_canopy_cover_batcheler24_1,batcheler_silvopasture_2024,,drop,off_scope,,peetmate
2026-07-17,ev_tenure_security_castle21_1,castle_sr_2021,,flag,off_scope,Borderline/Reevaluate: Is this part of structural suitability T4? or part of project risk T3 and/or next steps guidance?,peetmate
2026-07-17,ev_tenure_security_castle21_2,castle_sr_2021,,drop,off_scope,,peetmate
2026-07-17,ev_tenure_security_castle21_3,castle_sr_2021,,drop,off_scope,,peetmate
2026-07-17,ev_labour_availability_castle21_1,castle_sr_2021,,drop,other,"This reads like discussion or speculation, ""may still deter"", yes it makes sense and is logical, but is there quantitative or qualitative evidence that was used here? I cannot confidently say yes, so dropping it.",peetmate
2026-07-17,ev_extension_governance_castle21_1,castle_sr_2021,,drop,off_scope,,peetmate
2026-07-17,ev_extension_governance_castle21_2,castle_sr_2021,,flag,off_scope,"Fine, but is this T4 or project enabling environment for the project risk? and/or part of the next steps table?",peetmate
2026-07-17,ev_finance_credit_access_castle21_1,castle_sr_2021,,flag,other,"this about adoption and socio-economic factors that relate to uptake, this is not T4 structural suitability. You should not be making this mistake - the agents should have been updated to assign this to T3 and/or next steps.

Also there shuold be a""Reason"" that clearly correspond to this issue.",peetmate
2026-07-17,ev_market_value_chain_castle21_1,castle_sr_2021,,flag,other,is this T4 or T3 risk/enabling factors and next steps?,peetmate
2026-07-17,ev_slope_fesenmyer25_1,fesenmyer_2025,,drop,other,wrong practice not agroforestry,peetmate
2026-07-17,ev_tree_canopy_cover_fesenmyer25_1,fesenmyer_2025,,drop,off_scope,,peetmate
2026-07-17,ev_tenure_security_fesenmyer25_1,fesenmyer_2025,,flag,other,"Agree it is directional claim, but is this for project risk in T3 or for T4 structural suitability?",peetmate
2026-07-17,ev_tree_canopy_cover_sprenkle24_1,sprenkle_hyppolite_2024,,ok,confirmed_pass,,peetmate
2026-07-17,ev_tree_canopy_cover_sprenkle24_2,sprenkle_hyppolite_2024,,ok,confirmed_pass,error is very useful to collect we should review how this is handled.,peetmate
2026-07-17,ev_tree_canopy_cover_sprenkle24_3,sprenkle_hyppolite_2024,,drop,speculative_evidence,,peetmate
2026-07-17,ev_tree_canopy_cover_sprenkle24_4,sprenkle_hyppolite_2024,,ok,confirmed_pass,,peetmate
2026-07-17,ev_tree_canopy_cover_sprenkle24_5,sprenkle_hyppolite_2024,,drop,off_scope,Section is about CO2 removal and not agroforestry sutiability.,peetmate
2026-07-17,ev_soil_ph_fsrp22_1,wb_fsrp_2022,,drop,off_scope,,peetmate
2026-07-17,ev_soil_organic_carbon_fsrp22_1,wb_fsrp_2022,,drop,off_scope,this is a generic problem statement not tied to agroforestry at all.,peetmate
2026-07-17,ev_tenure_security_fsrp22_1,wb_fsrp_2022,,drop,off_scope,,peetmate
2026-07-17,ev_conflict_fragility_index_fsrp22_1,wb_fsrp_2022,,drop,off_scope,,peetmate
2026-07-17,ev_extension_governance_fsrp22_1,wb_fsrp_2022,,drop,off_scope,,peetmate
2026-07-17,ev_tenure_security_kcsap16_1,wb_kcsap_2016,,drop,off_scope,,peetmate
2026-07-17,ev_annual_precipitation_kcsap16_1,wb_kcsap_2016,,drop,off_scope,"seems like a description of a farming system, project context or site.",peetmate
2026-07-17,ev_annual_precipitation_kcsap16_2,wb_kcsap_2016,,drop,off_scope,"This is a generic context description that is too vague and high-level to be used to inform structural sutiabiltity evidence.

We should not be collect evidence from the description of project context or study site or similar for T4 -> make sure the agents stop doing this. Make sure there is an issue to select for this.",peetmate
2026-07-17,ev_aridity_index_kcsap16_1,wb_kcsap_2016,,drop,off_scope,,peetmate
2026-07-17,ev_land_cover_kcsap16_1,wb_kcsap_2016,,drop,off_scope,,peetmate
2026-07-17,ev_extension_governance_kcsap16_1,wb_kcsap_2016,,drop,off_scope,,peetmate
2026-07-17,ev_finance_credit_access_kcsap16_1,wb_kcsap_2016,,drop,off_scope,,peetmate
2026-07-17,ev_market_value_chain_kcsap16_1,wb_kcsap_2016,,drop,off_scope,,peetmate
2026-07-17,ev_tree_canopy_cover_zomer14_1,zomer_2014,,drop,off_scope,"not related to agroforestry suitability, this is an obvious one and should have been better handled.",peetmate
2026-07-17,ev_tree_canopy_cover_zomer14_2,zomer_2014,,drop,off_scope,Section is just describing biomass distribution and tree cover this is nothing to do with suitability.,peetmate
2026-07-17,ev_tree_canopy_cover_zomer14_3,zomer_2014,,drop,off_scope,Section is just describing biomass distribution and tree cover this is nothing to do with suitability.,peetmate
2026-07-17,ev_land_cover_zomer14_1,zomer_2014,,ok,,,peetmate
2026-07-17,ev_land_cover_zomer14_2,zomer_2014,,drop,off_scope,,peetmate
2026-07-17,ev_aridity_index_zomer14_1,zomer_2014,,flag,confirmed_pass,"this is a bit borderline, but I will accept it.",peetmate
2026-07-17,ev_aridity_index_zomer14_2,zomer_2014,,flag,confirmed_pass,"it's a bit borderline, but I will accept it, seems to be duplicate entry from the paper for the same variable though. 
you should make a note to harmonize duplicate entries -> this can happen after evidence extraction.",peetmate
2026-07-17,ev_t6_beneficiaries_kcsap16_7,wb_kcsap_2016,,drop,off_scope,"CSA project beneficiaries are nothing to do with NbS practice suitability, this is an obvious mistake which  should review and fix the extraction agents and QAQC agents to remove.",peetmate
2026-07-17,ev_t4_slope_ahmad17_1,ahmad_2017,,flag,other,"optimum is 0-5
medium is 5-15
low 15 -  unknown",peetmate
2026-07-17,ev_t4_landcover_ahmad17_1,ahmad_2017,,ok,confirmed_pass,"ok, but not terribly useful",peetmate
2026-07-17,ev_T4_slope_ahmad2018_1,ahmad_2018,,ok,,,peetmate
2026-07-17,ev_T4_soc_ahmad2018_1,ahmad_2018,,flag,off_scope,"this table seems to be about determining soil fertility status is this directly related to the papers method for calculating AF sutiabilty? if it is this needs to be noted and explained, if not the claim should be rejected.",peetmate
2026-07-17,ev_T4_soilph_ahmad2018_1,ahmad_2018,,drop,,,peetmate
2026-07-17,ev_T4_landcover_ahmad2018_1,ahmad_2018,,drop,other,this is agroforestry suitability in certain LULCs it is not a an evidence source. 86.4% agriculture pct in very high suitability is not an appropriate evidence sources. We need to quote the suitability methods not subsequent overlays.,peetmate
2026-07-17,ev_t4_lndcov_ahmad2020_1,ahmad_2020,,drop,off_scope,"seems to be a description of mapped suitability for an area, this is not at all useful for implementing a suitability analysis. BAD MISTAKE LEARN NOT TO DO THIS AGAIN.",peetmate
2026-07-17,ev_t4_arid_ahmad2020_1,ahmad_2020,,flag,confirmed_pass,"this is an interesting paper but it is hard to get any variable relationships out of it it, there is a lot of information hhidden in the figures. If you did not interpret the figures you may need to ask me to procide you sscreengrabs. Inpaeticular Fig8 and Table2.",peetmate
2026-07-17,ev_t4_tcc_ahmad2020_1,ahmad_2020,,drop,off_scope,"tree cover != agroforestry, bad mistake, avoid in future. This is general description of a global trend or study area.",peetmate
2026-07-17,ev_t4_tcc_brandt2015_1,brandt_2015,,ok,confirmed_pass,,peetmate
2026-07-17,ev_t4_lc_brandt2015_1,brandt_2015,,drop,off_scope,,peetmate
2026-07-17,ev_t4_prec_brandt2015_1,brandt_2015,,drop,off_scope,,peetmate
2026-07-17,ev_t4_soc_brandt2015_1,brandt_2015,,drop,wrong_practice,"This talks about CSA, which contains Agroforestry, but is an umbrella for many of practices too, there  is no direct link here to Planted silvoarable in this table it is too generic.",peetmate
2026-07-17,ev_t4_att_brandt2015_1,brandt_2015,,drop,off_scope,,peetmate
2026-07-17,ev_t4_ai_brandt2015_1,brandt_2015,,drop,off_scope,,peetmate
2026-07-17,ev_t4_soil_drain_castle2025_1,castle_2025,,ok,confirmed_pass,,peetmate
2026-07-17,ev_t4_soil_ph_castle2025_1,castle_2025,,drop,off_scope,,peetmate
2026-07-17,ev_t4_ann_precip_castle2025_1,castle_2025,,drop,off_scope,,peetmate
2026-07-17,ev_t4_land_cover_castle2025_1,castle_2025,,ok,,,peetmate
2026-07-17,ev_t4_land_cover_castle2025_2,castle_2025,,flag,,sure land cover is important but how it be actioned? what classes are in or out?,peetmate
2026-07-17,ev_t4_tenure_castle2025_1,castle_2025,,flag,other,I think this is table 3/next steps not table 4 structural suitability.,peetmate
2026-07-17,ev_t4_finance_castle2025_1,castle_2025,,drop,off_scope,,peetmate
2026-07-17,ev_t4_finance_castle2025_2,castle_2025,,flag,other,"nees to be associated with references 16-19.
IS this T4? or T3 project risk and implementation gudiances for next steps?",peetmate
2026-07-17,ev_t4_market_castle2025_1,castle_2025,,flag,,is this T4 or T3 project risk/enabling environment and/or implementation and next steps?,peetmate
2026-07-17,ev_t4_extension_castle2025_1,castle_2025,,flag,,again is this T4 or T3 project risk/enablers and nextsteps for implementation?,peetmate
2026-07-17,ev_t3_runoff_castle2025_1,castle_2025,,flag,other,note the link to table S2 which strongly suggests we need to look in supplemental materials -  this should be something that discovery and extraction agents flag and try to obtain.,peetmate
2026-07-17,ev_T4_slope_chuma21_1,chuma_2021,,ok,,,"Namita-J,peetmate"
2026-07-17,ev_T4_slope_haile2024_1,haile_2024,,ok,,,peetmate
2026-07-17,ev_T4_slope_haile2024_2,haile_2024,,ok,,,peetmate
2026-07-17,ev_T4_precip_haile2024_1,haile_2024,,drop,,,peetmate
2026-07-17,ev_T4_precip_haile2024_2,haile_2024,mismatch,flag,insufficient_context,"table caption missing, possibly because split across pages",peetmate
2026-07-17,ev_T4_slope_haris2021_1,haris_2021,,drop,species_envelope,Sengon is a agroforestry species/,peetmate
2026-07-17,ev_T4_slope_haris2021_2,haris_2021,mismatch,flag,insufficient_context,cannot interpret what land classes mean.,peetmate
2026-07-17,ev_T4_slope_haris2021_3,haris_2021,mismatch,flag,other,"suitability class VII is uninterpretable, needs to qualified to something that can be combined in synthesis.",peetmate
2026-07-17,ev_T4_soildrainage_haris2021_1,haris_2021,mismatch,flag,insufficient_context,I do not understand what class IV is. Is this related to agroforestry or something else?,peetmate
2026-07-17,ev_T4_annualprecip_haris2021_1,haris_2021,,flag,other,"I think this can be used as a vote count for annual precipitatoin, but the Sengon land units are not a useful variable for VONT and there is useable evidence for classification of a sutiablity variable here,",peetmate
2026-07-17,ev_t4_slope_jawarneh2025_1,jawarneh_2025,,drop,off_scope,"suitability for sheep and goats, not agroforestry.",peetmate
2026-07-17,ev_t4_soc_jawarneh2025_1,jawarneh_2025,mismatch,drop,species_envelope,rnageland suitability for sheep and goats!!! Nothing to do with NbS suitability at all. BAD mistake.,peetmate
2026-07-17,ev_t4_drainage_jawarneh2025_1,jawarneh_2025,mismatch,drop,species_envelope,,peetmate
2026-07-17,ev_t4_canopy_jawarneh2025_1,jawarneh_2025,mismatch,drop,species_envelope,,peetmate
2026-07-17,ev_t4_slope_kizir_1,kiziridis_2026,,ok,,,peetmate
2026-07-17,ev_t4_slope_kizir_2,kiziridis_2026,,ok,confirmed_pass,this is technically correct but figure 7 e-k offer the clearest information on variable vs suitability.,peetmate
2026-07-17,ev_t4_slope_kizir_3,kiziridis_2026,,flag,wrong_table,"carbon sequestration potential - potentially relevant to T6, but not practice suitability per se.",peetmate
2026-07-17,ev_t4_tcc_kizir_2,kiziridis_2026,,flag,speculative_evidence,section is about drivers of carbon sequestration potential are we certain this is equivocal to the NbS?,peetmate
2026-07-17,ev_t4_lc_kizir_1,kiziridis_2026,,flag,other,"technically correct, but how useable is this insight? we need to know WHAT land cover classes.",peetmate
2026-07-17,ev_t4_lc_kizir_2,kiziridis_2026,,flag,,"sure land cover is important, but what classes are in or out? how can this information be actioned?",peetmate
2026-07-17,ev_t4_temp_kizir_1,kiziridis_2026,scope,flag,other,variable should at least be counted even if there is no directionality or description of relationship with suitability,peetmate
2026-07-17,ev_t4_temp_kizir_2,kiziridis_2026,,drop,,,peetmate
2026-07-17,ev_t4_soc_kizir_1,kiziridis_2026,scope,flag,insufficient_context,I cannot interpret the table full the caption has been cropped off,peetmate
2026-07-17,ev_T4_slope_marinis22_1,marinis_2022,,drop,off_scope,"convoluted pathway, not enough context to understand how LUTs relate to agroforestry if at all.",peetmate
2026-07-17,ev_T4_slope_marinis22_2,marinis_2022,,drop,off_scope,these are sutiability for land uses? not agroforestry per se?,peetmate
2026-07-17,ev_t4_slope_moisa25_2,moisa_2025,,ok,confirmed_pass,,peetmate
2026-07-17,ev_t4_lc_mucida23_1,mucida_2023,mismatch,flag,insufficient_context,"I do not understand what PCU is, needs a definition if to be useful.",peetmate
2026-07-17,ev_t4_pa_mucida23_1,mucida_2023,,ok,other,"This is borderline, I think it is technically correct, but not terribly helpful.",peetmate
2026-07-17,ev_t4_precip_mushtaq2023_1,mushtaq_2023,mismatch,flag,insufficient_context,"table caption is cropped off, cannot correctly interpret table without it",peetmate
2026-07-17,ev_t4_soilph_mushtaq2023_1,mushtaq_2023,mismatch,flag,insufficient_context,"table caption is cropped, cannot interperet the table -> always retain the table caption",peetmate
2026-07-17,ev_t4_soildrain_mushtaq2023_1,mushtaq_2023,,drop,species_envelope,read the captions for the Table: Table 4  Normalized weight and area (%) for eight selected parameters based on AHP and rank assigned to their sub-classes based on mulberry suitability ->  it states this is Mulberry suitability not general agroforestry suitability.,peetmate
2026-07-17,ev_t4_soilph_mushtaq2023_2,mushtaq_2023,,drop,species_envelope,"this is mulberry agroforestry very obviously species specific and not general, it is concerning that this extract passed the instructions to agents need tightening, include this as an example of something that should have been excluded.",peetmate
2026-07-17,ev_t4_soilph_mushtaq2023_3,mushtaq_2023,,drop,species_envelope,,peetmate
2026-07-17,ev_t4_mat_mushtaq2023_2,mushtaq_2023,,flag,species_envelope,"the paper is about mulberry, ensure this reference is general not crop specific. The insight should not be generalized beyond it's context, clearly agroforestry in different contexts is perfectly viable in areas with rainfall <1200mm, the same is probably true of temperature (but I am not so sure on this).",peetmate
2026-07-17,ev_t4_precip_mushtaq2023_2,mushtaq_2023,,ok,other,,peetmate
2026-07-17,ev_t4_precip_mushtaq2023_3,mushtaq_2023,,drop,species_envelope,,peetmate
2026-07-17,ev_t4_slope_mushtaq2023_2,mushtaq_2023,,drop,species_envelope,,peetmate
2026-07-17,ev_t4_meanann_nath21_01,nath_2021,,ok,confirmed_pass,,peetmate
2026-07-17,ev_t4_annualp_nath21_02,nath_2021,,flag,other,"this precipitation amount must be very context specific to region/country/AEZ as there are vast areas of farmland that get <1000mm rainfall per year that are highly suitable for agroforestry elsewhere in the world. This is not a ""global"" generalizable number.",peetmate
2026-07-17,ev_t4_aridity_nath21_03,nath_2021,,flag,other,"be sure to note what aridity index they are using, there are different types and ultimately we will need to harmonize.",peetmate
2026-07-17,ev_t4_soilph_nath21_01,nath_2021,mismatch,flag,insufficient_context,I cannot see the full table the caption is cropped off.,peetmate
2026-07-17,ev_t4_soildra_nath21_01,nath_2021,,flag,other,"the soil drainage codes are not interpretable as ordinal values, more information is needed as to what exactly the codes refer to if we are going to be able to use this practically.

we need an issue that refers to this type of probelm",peetmate
2026-07-17,ev_t4_slope_nath21_01,nath_2021,,ok,confirmed_pass,,peetmate
2026-07-17,ev_t4_landcov_nath21_01,nath_2021,mismatch,flag,,ok needs correction to NVDI then,peetmate
2026-07-17,ev_t4_treecanopy_palma2007_02,palma_2007,,drop,,,peetmate
2026-07-17,ev_t4_market_palma2007_01,palma_2007,,flag,other,"This is an interesting finding, perhaps relevant to the next steps module of the toolkit, but the variable itself might need some more scrutiny. Market_value_chain does suggest there is  some way of selling timber from agroforestry so that is a start",peetmate
2026-07-17,ev_t4_finance_palma2007_01,palma_2007,,drop,other,"this is neither used in suitability analysis nor measured in any quantitative or qualitative way, it is a reflection and assumption that relates to something they think could be important but they do not know at present. Therefore we should reject this as the evidence is not strong enough, used or first (or even second) hand.",peetmate
2026-07-17,ev_T4_slope_seja2022_1,seja_2022,,flag,other,"I find it hard to understand this methodology, the slope is for different Land Use units they have identified, but the rationale for their selection is unclear, this may not represent the full potential for AF and the 8% min slope is a red flag. However the 72% upper bound is interesting too, although perhaps totally unfeasible. 

This is borderline.",peetmate
2026-07-17,ev_T4_temp_seja2022_2,seja_2022,,drop,off_scope,"I don't think this directly relates to agroforestry suitability, I think these are just zones for potential agroforestry implementation that are being described.",peetmate
2026-07-17,ev_T4_landcover_seja2022_1,seja_2022,,drop,,,peetmate
2026-07-17,ev_T4_tenure_singh24_1,singh_2024,,flag,other,is this T4 or T3 risk/enabling factors and next steps?,peetmate
2026-07-17,ev_T4_market_singh24_1,singh_2024,,flag,other,"T4 or T3/next steps?
must be linked to source [7]",peetmate
2026-07-17,ev_T4_extgov_singh24_1,singh_2024,,flag,other,is this T4 or T3 risk/enabling factors and next steps?,peetmate
2026-07-17,ev_t4_slope_sper24_2,sperandio_2024,,drop,off_scope,general discussion point not clearly linked to agroforestry.,peetmate
2026-07-17,ev_t4_precip_sper24_1,sperandio_2024,,drop,other,this just states 48% of an area was suitable. How is this useful?,peetmate
2026-07-17,ev_t4_precip_sper24_2,sperandio_2024,,drop,,,peetmate
2026-07-17,ev_t4_mat_sper24_1,sperandio_2024,,drop,,,peetmate
2026-07-17,ev_t4_soilph_sper24_1,sperandio_2024,,drop,,,peetmate
2026-07-17,ev_t4_soc_sper24_1,sperandio_2024,scope,flag,insufficient_context,the context is truncated as the text flows from the bottom of one column to the top of another and we are only showing the top.,peetmate
2026-07-17,ev_t4_lc_sper24_1,sperandio_2024,,drop,,,peetmate
2026-07-17,ev_T4_precip_unger2023_1,unger_2023,,drop,off_scope,this is about a study area not suitability!,peetmate
2026-07-17,ev_T4_lc_unger2023_1,unger_2023,,ok,,,peetmate
2026-07-17,ev_T4_lc_unger2023_2,unger_2023,,drop,other,,peetmate
2026-07-17,ev_T4_soil_unger2023_1,unger_2023,,drop,insufficient_context,standard soil values as a variable is uninterpretable,peetmate
2026-07-17,ev_T4_gov_unger2023_1,unger_2023,,drop,other,"Too high level and hand-wavy, indirect and assumed causation, no qualitative or quantitative evidence presented.",peetmate
2026-07-17,ev_T4_slope_wotlolan2021_1,wotlolan_2021,scope,flag,insufficient_context,"publications often have a two column format, this extraction fails to follow the bottom of column 1 to the top of column 2",peetmate
2026-07-17,ev_T4_soilph_wotlolan2021_6,wotlolan_2021,,drop,species_envelope,,peetmate
2026-07-17,ev_T4_mat_wotlolan2021_4,wotlolan_2021,,drop,species_envelope,,peetmate
2026-07-17,ev_T4_mat_wotlolan2021_5,wotlolan_2021,,drop,species_envelope,,peetmate
2026-07-17,ev_T4_mat_wotlolan2021_6,wotlolan_2021,,drop,species_envelope,,peetmate
2026-07-17,ev_T4_mat_wotlolan2021_7,wotlolan_2021,,drop,,,peetmate
2026-07-17,ev_T4_landcover_wotlolan2021_1,wotlolan_2021,,ok,confirmed_pass,,peetmate
2026-07-17,ev_t4_precip_yadav24_2,yadav_2024,mismatch,flag,insufficient_context,I cannot interpret the table properly the caption has been cropped off. Always show the full table.,peetmate
2026-07-17,ev_t4_soc_yadav24_3,yadav_2024,mismatch,drop,species_envelope,,peetmate
2026-07-17,ev_t4_precip_yadav24_5,yadav_2024,,ok,,,peetmate
2026-07-17,ev_t4_soc_yadav24_6,yadav_2024,,ok,,,peetmate
2026-07-17,ev_t4_soildrain_yadav24_9,yadav_2024,unsupported,flag,other,"bulk density should be counted as a contributing variable, but there is not obvious relationship with suitability specified.",peetmate
2026-07-17,ev_t4_sysfit_yadav24_13,yadav_2024,,drop,,,peetmate
2026-07-17,ev_tree_canopy_cover_abigaba24_table2_le50,abigaba_2024,,drop,species_envelope,,peetmate
2026-07-17,ev_tree_canopy_cover_abigaba24_shading_levels,abigaba_2024,,drop,wrong_table,"this is not structural suitability, it shows the ability of the NbS to reduce max temperatures which relates to T3 hazard response.",peetmate
2026-07-17,ev_tree_canopy_cover_abigaba24_temp_reduction,abigaba_2024,,flag,wrong_table,this is for T3 not T4,peetmate
2026-07-17,ev_mean_annual_temperature_abigaba24_arabica_seasonality,abigaba_2024,,drop,species_envelope,,peetmate
2026-07-17,ev_mean_annual_temperature_abigaba24_robusta_lowlands,abigaba_2024,,drop,species_envelope,robusta coffee -> this is species specific not general,peetmate
2026-07-17,ev_annual_precipitation_abigaba24_robusta,abigaba_2024,,drop,species_envelope,clearly about robusta coffee not a general agroforestry practice.,peetmate
2026-07-17,ev_annual_precipitation_abigaba24_banana,abigaba_2024,,drop,species_envelope,Crop suitability not agroforestry suitability.,peetmate
2026-07-17,ev_soil_ph_abigaba24_robusta,abigaba_2024,,ok,confirmed_pass,,peetmate
2026-07-17,ev_soil_ph_abigaba24_banana,abigaba_2024,,drop,species_envelope,coffee,peetmate
2026-07-17,ev_slope_affan24_table4,affan_2024,,drop,species_envelope,coffee,peetmate
2026-07-17,ev_soilph_affan24_table4,affan_2024,,drop,species_envelope,specific to coffee,peetmate
2026-07-17,ev_soilph_affan24_p5_ideal,affan_2024,,drop,species_envelope,"This is general discussion of the study context and some general information about crop preferences for coffee. So it should be dismissed as it is a species envelope not a general suitability characteristic of agroforestry,",peetmate
2026-07-17,ev_temp_affan24_table4,affan_2024,,drop,species_envelope,coffee,peetmate
2026-07-17,ev_temp_affan24_p4_dahlia,affan_2024,,drop,species_envelope,quote is specific to coffee.,peetmate
2026-07-17,ev_temp_affan24_p5_ideal,affan_2024,,drop,species_envelope,BAD. This is clearly a species envelope for single crop -> coffee.,peetmate
2026-07-17,ev_texture_affan24_table4,affan_2024,,drop,species_envelope,coffee,peetmate
2026-07-17,ev_soilph_affan24_p3_obs,affan_2024,,drop,species_envelope,specific to coffee,peetmate
2026-07-17,ev_land_cover_mantino26_01,mantino_2026,,drop,other,"Yes LULC is a variable used, but this information is too vague to be of any use, we need to know what LULC classes were included and how they were included. Suggest we add reason of ""Insufficent detail"" and refine the agents to deal with this. I suspect the information we need should be contained elsewhere in the paper.",peetmate
2026-07-17,ev_soil_ph_singh26,singh_2026,,ok,,,peetmate
2026-07-17,ev_soil_drainage_singh26,singh_2026,,flag,other,"there is some information on drainage, but agree is it is too qualitative to use. But you missed the directionality of the relationship which is a BIG miss.

Add issue for this type of error - directionality/relationship missed.",peetmate
2026-07-17,ev_soil_texture_singh26,singh_2026,,flag,other,"very high = fine texture, high = fine to couse, moderate - source -> missed",peetmate
2026-07-17,ev_slope_singh26,singh_2026,,flag,other,mathematical relationship missed,peetmate
2026-07-17,ev_mat_singh26,singh_2026,,flag,other,Suitability mathematical relationship missed,peetmate
2026-07-17,ev_precip_singh26,singh_2026,,flag,other,"Again there is relationship presented for suitability and the variable, this is VERY IMPORTANT TO CAPTURE AND HAS BEEN MISSED!",peetmate
2026-07-17,ev_dist_road_qual_singh26,singh_2026,,flag,,"THere are relationships for distance from forest, settlement, waterbody, cropland and road that is montotonically decreasing linear. This is an important relationship to capture and exactly th einformation we need for the suitability mapping.

Also note there is no reason that corresponds to this type of issues, please create one.",peetmate
2026-07-17,ev_dist_road_ml_singh26,singh_2026,,flag,other,where is the context to understand the variable importance or weight?? do we need to standardize to compare between studies?,peetmate
2026-07-17,ev_dist_settlement_qual_singh26,singh_2026,,flag,other,mathematical relationship missing,peetmate
2026-07-17,ev_dist_settlement_ml_singh26,singh_2026,,ok,,,peetmate
2026-07-17,ev_land_cover_singh26,singh_2026,,drop,other,"useless evidence description - landcover is far too vague.

again should be an issue that relate to this type of problem.",peetmate
2026-07-17,ev_slope_inab_aa_def,inab_landcap_guatemala,,drop,other,"difficult to udnerstand the context, poor quality publication.",peetmate
2026-07-17,ev_soildepth_inab_aa_def,inab_landcap_guatemala,,ok,,,peetmate
2026-07-17,ev_slope_inab_c1_aa,inab_landcap_guatemala,,drop,,not enough context for me to review,peetmate
2026-07-17,ev_soildepth_inab_c1_aa,inab_landcap_guatemala,,drop,,I cannot interpret this table there is no caption or context.,peetmate
2026-07-17,ev_slope_inab_c2_aa,inab_landcap_guatemala,,drop,other,"screngrab failed, not enough context to make judgement",peetmate
2026-07-17,ev_soildepth_inab_c2_aa,inab_landcap_guatemala,,drop,other,"table screengrab incorrect, not enough context to review.",peetmate
2026-07-17,ev_slope_inab_c3_aa,inab_landcap_guatemala,,drop,,"screngrab failed, not enough context to make judgement",peetmate
2026-07-17,ev_soildepth_inab_c3_aa,inab_landcap_guatemala,,drop,,Cannot interpret not enough context and no caption.,peetmate
2026-07-17,ev_slope_inab_c4_aa,inab_landcap_guatemala,,drop,,"screngrab failed, not enough context to make judgement",peetmate
2026-07-17,ev_soildepth_inab_c4_aa,inab_landcap_guatemala,,drop,,"cannot interpret, not enough context or, no caption, table screengrab just shows a small box saying CUADRO 4.",peetmate
2026-07-17,ev_slope_inab_c5_aa,inab_landcap_guatemala,,drop,,"screngrab failed, not enough context to make judgement",peetmate
2026-07-17,ev_soildepth_inab_c5_aa,inab_landcap_guatemala,,drop,other,"screen grab shows a tiny box saying cuadro only, no caption no context - cannot interpret.

add issue for ""not enough context to allow review""",peetmate
2026-07-17,ev_slope_inab_c6_aa,inab_landcap_guatemala,,drop,,"screngrab failed, not enough context to make judgement",peetmate
2026-07-17,ev_soildepth_inab_c6_aa,inab_landcap_guatemala,,drop,other,"screen grab shows a tiny box saying cuadro only, no caption no context - cannot interpret.

add issue for ""not enough context to allow review""",peetmate
2026-07-17,ev_slope_inab_c7_aa,inab_landcap_guatemala,,drop,other,not enough context to make judgement,peetmate
2026-07-17,ev_soildepth_inab_c7_aa,inab_landcap_guatemala,,drop,other,"no caption no context fro screengrabbed table - cannot interpret.

add issue for ""not enough context to allow review""",peetmate
2026-07-17,ev_slope_inab_p92_aa_example,inab_landcap_guatemala,,drop,other,not enough context to understand if this about suitability or a site specific description. What does Aa mean?,peetmate
2026-07-17,ev_soildepth_inab_p92_aa_example,inab_landcap_guatemala,,ok,other,"a rather site specific paper, note to review if this is too context specific to be useful or if the information should be given a regional/national flag.",peetmate
2026-07-17,EV_crs_fmnr_niger_2025_001,crs_fmnr_niger_2025,,flag,,"check for duplication, I swear I have already reviewed this.",peetmate
2026-07-17,EV_crs_fmnr_niger_2025_002,crs_fmnr_niger_2025,,flag,other,"This is factually correct,  but I wonder if making inferences from the general description of a practice is aligned with the overall synthetic review system?",peetmate
2026-07-17,EV_crs_fmnr_niger_2025_016,crs_fmnr_niger_2025,,drop,speculative_evidence,This is not strong direct evidence for a practice suitability relationship.,peetmate
2026-07-17,EV_crs_fmnr_niger_2025_017,crs_fmnr_niger_2025,,flag,,"soil texture -> sure but this is very vague, how would we use this information? are there more details in the rest of the manuscript?",peetmate
2026-07-17,ev_production_gap_saraheb3_tool,saraheb3_af_midwest,,ok,confirmed_pass,,peetmate
2026-07-17,ev_soil_erosion_risk_saraheb3_tool,saraheb3_af_midwest,,drop,insufficient_context,,peetmate
2026-07-17,ev_soil_erosion_risk_saraheb3_p1_water,saraheb3_af_map,,flag,other,the weight is useless without any context -> 5 out of what? how do we interpret the weight!?,peetmate
2026-07-17,ev_soil_erosion_wind_saraheb3_p1_wind,saraheb3_af_map,,flag,other,weighting has no context and cannot be interpreted,peetmate
2026-07-17,ev_carbon_sequestration_potential_saraheb3_p1_soil,saraheb3_af_map,,flag,other,missing context to interpret what weghting 5 means -> how will we standardize to interpret weightings between sources?,peetmate
2026-07-17,ev_soil_erosion_risk_saraheb3_p2_water,saraheb3_af_map,,ok,,,peetmate
2026-07-17,ev_soil_erosion_wind_saraheb3_p2_wind,saraheb3_af_map,,ok,,,peetmate
2026-07-17,ev_carbon_sequestration_potential_saraheb3_p2_soil,saraheb3_af_map,,ok,,,peetmate
2026-07-17,ev_soil_erosion_risk_saraheb3_p3_water,saraheb3_af_map,,drop,,,peetmate
2026-07-17,ev_soil_erosion_wind_saraheb3_p3_wind,saraheb3_af_map,,ok,,,peetmate
2026-07-17,ev_carbon_sequestration_potential_saraheb3_p3_soil,saraheb3_af_map,,ok,confirmed_pass,,peetmate
2026-07-17,ev_soil_erosion_risk_saraheb3_p4_water,saraheb3_af_map,,ok,,,peetmate
2026-07-17,ev_soil_erosion_wind_saraheb3_p4_wind,saraheb3_af_map,,ok,,,peetmate
2026-07-17,ev_carbon_sequestration_potential_saraheb3_p4_soil,saraheb3_af_map,,ok,,,peetmate
2026-07-17,ev_land_cover_saraheb3_cdl,saraheb3_af_map,,flag,other,"I do not know how to review this there is no encoded evidence to view...land_cover in itself not helpful, we need to know what classes are included or excluded",peetmate
2026-07-17,cgspace_singh_southasia_2020__soil_texture_hsg__01,cgspace_singh_southasia_2020,,drop,insufficient_context,,peetmate
2026-07-17,cgspace_singh_southasia_2020__soil_texture_hsg__02,cgspace_singh_southasia_2020,,ok,confirmed_pass,,peetmate
2026-07-17,cgspace_singh_southasia_2020__land_cover__01,cgspace_singh_southasia_2020,,flag,insufficient_context,"I cannot tell if the 1-4 and 5-7 classes top of left col of P73 correspond to the text in the right col of P73, there could be an error here.",peetmate
2026-07-17,cgspace_singh_southasia_2020__land_cover__02,cgspace_singh_southasia_2020,,drop,off_scope,This just a description of % of area that was suitable for Agroforestry it is not directly about sutiability,peetmate
2026-07-17,cgspace_singh_southasia_2020__tree_canopy_cover__01,cgspace_singh_southasia_2020,,drop,off_scope,not good enough this is vague inference that is most likely wrong. there is no direct link betwen agroforestry and a suitability variable.,peetmate
2026-07-17,EV_chomba_2020_001,chomba_2020,,drop,off_scope,This is the study context. THIS IS A BAD MISTAKE YOU HAVE BEEN TOLD MANY MANY TIMES NOT TO CONFUSE THE STUDY CONTEXT WITH VARIABLES FOR BIOPHYSICAL SUITABILITY MAPPING!!!!!,peetmate
2026-07-17,EV_chomba_2020_003,chomba_2020,,drop,off_scope,STUDY CONTEXT NOT SUITABILITY!!!! AGAIN!!! FIX THE AGENTS NOT TO INCLUDE THIS.,peetmate
2026-07-17,EV_chomba_2020_006,chomba_2020,,drop,off_scope,study site description.,peetmate
2026-07-17,EV_chomba_2020_008,chomba_2020,,drop,unusable_value,"how are we supposed to use this for suitability mapping? it is not helpful, there is no variable what I am supposed to do with evidence with no variables?",peetmate
2026-07-17,EV_lohbeck_2020_001,lohbeck_2020,,flag,other,the statement is secondary and has no reference. Is this information available elsewhere in the paper with reference? if so we can drop without issue.,peetmate
2026-07-17,EV_lohbeck_2020_003,lohbeck_2020,,flag,speculative_evidence,"secondary data with no reference, is this information available with a reference or evidence? it is borderline",peetmate
2026-07-17,EV_lohbeck_2020_004,lohbeck_2020,,drop,wrong_table,"this is not sutiability, this is soil improvement which is T6",peetmate
2026-07-17,EV_researchsquare_fmnr_2025_002,researchsquare_fmnr_2025,,drop,off_scope,"badly wrong. this is just a figure showing rainfall and coutnries, why on earth would you consider this suitable for inclusion. BAD BAD BAD you must not include data such as this it undermines the evidence base and trust in the AI extraction system completely.",peetmate
2026-07-17,EV_ijbcs_rna_mali_2020_001,ijbcs_rna_mali_2020,,drop,off_scope,study context,peetmate
2026-07-17,EV_weston_2015_001,weston_2015,,ok,,,peetmate
2026-07-17,EV_weston_2015_003,weston_2015,,drop,off_scope,"this is descriptive of where FMNR was done, it is akin to the study context and directly suited as a variable for suitabilty mapping.",peetmate
2026-07-17,EV_wri_regreening_2015_001,wri_regreening_2015,,flag,other,why is rainfall not included as the variable in the encoded variable?,peetmate
2026-07-17,EV_wri_regreening_2015_004,wri_regreening_2015,,drop,other,"this is information for the next steps, but completey unsuitable for T4!",peetmate
2026-07-17,EV_fao_anr_2019_003,fao_anr_2019,,ok,,,peetmate
2026-07-17,EV_eld_fmnr_2020_002,eld_fmnr_2020,,drop,unusable_value,"no variable, no mechanism for using this in suitability analysis, impractical and useless",peetmate
2026-07-17,EV_eld_fmnr_2020_003,eld_fmnr_2020,,drop,unusable_value,this not useful for suitability mapping,peetmate
2026-07-17,EV_wocat_507_2019_001,wocat_507_2019,,drop,unusable_value,,peetmate
2026-07-17,EV_wocat_507_2019_003,wocat_507_2019,,flag,unusable_value,i don't think the encoded value is very useable it is just a direction there is no variable or anything....how are we supposed to use this?,peetmate
2026-07-17,EV_wocat_507_2019_005,wocat_507_2019,,flag,insufficient_context,need more infomation on what the table is showing (include caption - this could be as text in the quote or elsewhere),peetmate
2026-07-17,EV_wocat_507_2019_008,wocat_507_2019,,ok,,not wrong but not teribly useful either,peetmate
2026-07-17,EV_wocat_1358_2017_001,wocat_1358_2017,,flag,insufficient_context,"the table has no caption, I cannot interpret without it.",peetmate
2026-07-17,EV_wocat_1358_2017_003,wocat_1358_2017,,flag,insufficient_context,there is not explanation of what this table is showing me! there is no caption I cannot interpret it. the same goes for all evidence from this table.,peetmate
2026-07-17,EV_wocat_1358_2017_004,wocat_1358_2017,,flag,insufficient_context,"the table has no caption, I cannot interpret without it.",peetmate
2026-07-17,EV_wocat_1358_2017_005,wocat_1358_2017,,flag,insufficient_context,"I cannot interpret the table without a caption or explanation, it is out of context. I assume it is about FMNR, but I will have to open the pdf to check.",peetmate
2026-08-06,ev_tree_canopy_cover_sprenkle24_1,sprenkle_hyppolite_2024,,ok,,,Namita-J
2026-08-06,ev_tree_canopy_cover_sprenkle24_4,sprenkle_hyppolite_2024,,ok,confirmed_pass,,Namita-J
2026-08-06,ev_conflict_fragility_index_fsrp22_1,wb_fsrp_2022,,ok,,,Namita-J
2026-08-06,ev_tenure_security_kcsap16_1,wb_kcsap_2016,,drop,,,Namita-J
2026-08-06,ev_land_cover_kcsap16_1,wb_kcsap_2016,,drop,insufficient_context,,Namita-J
2026-08-06,ev_land_cover_zomer14_1,zomer_2014,,drop,,,Namita-J
2026-08-06,ev_aridity_index_zomer14_2,zomer_2014,,drop,,,Namita-J
2026-08-06,ev_t3_fire_freq_batcheler24_3,batcheler_silvopasture_2024,,ok,confirmed_pass,,Namita-J
2026-08-06,ev_t3_flood_importance_quandt17_9,quandt_resilience_2017,,drop,insufficient_context,,Namita-J
2026-08-06,ev_t6_ecosvc_firewood_castle21_12,castle_sr_2021,,ok,confirmed_pass,,Namita-J
2026-08-06,ev_t6_adoption_place_castle21_13,castle_sr_2021,,ok,confirmed_pass,,Namita-J
2026-08-06,ev_t6_carbon_mitigation_potential_zomer14_5,zomer_2014,,drop,off_scope,,Namita-J
2026-08-06,ev_t4_slope_ahmad17_1,ahmad_2017,,drop,smuggled_number,,Namita-J
2026-08-06,ev_t3_soilwater_ahmad17_1,ahmad_2017,,ok,confirmed_pass,,Namita-J
2026-08-06,ev_T4_soc_ahmad2018_1,ahmad_2018,,ok,confirmed_pass,,Namita-J
2026-08-06,ev_T4_slope_chuma21_1,chuma_2021,,ok,confirmed_pass,,Namita-J
2026-08-06,ev_T6_ecosystem_service_chuma21_1,chuma_2021,,ok,confirmed_pass,,Namita-J
2026-08-06,ev_T4_slope_haile2024_2,haile_2024,,ok,,,Namita-J
2026-08-06,ev_T4_precip_haile2024_1,haile_2024,,drop,off_scope,,Namita-J
2026-08-06,ev_t4_slope_kizir_1,kiziridis_2026,,ok,,,Namita-J
2026-08-06,ev_t4_slope_kizir_2,kiziridis_2026,,ok,confirmed_pass,,Namita-J
2026-08-06,ev_t6_carbon_kizir_3,kiziridis_2026,,ok,confirmed_pass,,Namita-J
2026-08-06,ev_T4_slope_marinis22_2,marinis_2022,,drop,insufficient_context,,Namita-J
2026-08-06,ev_t4_precip_mushtaq2023_2,mushtaq_2023,,ok,,,Namita-J
2026-08-06,ev_t6_ecosyste_nath21_01,nath_2021,,ok,confirmed_pass,,Namita-J
2026-08-06,ev_annual_precipitation_batcheler24_1,batcheler_silvopasture_2024,,ok,,,Namita-J
2026-08-06,ev_soil_ph_abigaba24_robusta,abigaba_2024,,ok,confirmed_pass,,Namita-J
2026-08-06,ev_tree_canopy_cover_mantino26_03,mantino_2026,,ok,confirmed_pass,,Namita-J
2026-08-06,ev_soil_drainage_singh26,singh_2026,,ok,confirmed_pass,,Namita-J
2026-08-06,ev_dist_settlement_qual_singh26,singh_2026,,ok,confirmed_pass,,Namita-J
2026-08-06,ev_slope_inab_c2_ss,inab_landcap_guatemala,,drop,insufficient_context,,Namita-J
2026-08-06,EV_crs_fmnr_niger_2025_012,crs_fmnr_niger_2025,,ok,confirmed_pass,,Namita-J
2026-08-06,ev_soil_erosion_risk_saraheb3_p2_water,saraheb3_af_map,,ok,,,Namita-J
2026-08-06,ev_soil_erosion_wind_saraheb3_p2_wind,saraheb3_af_map,,ok,,,Namita-J
2026-08-06,ev_soil_erosion_wind_saraheb3_p3_wind,saraheb3_af_map,,ok,,,Namita-J
2026-08-06,ev_soil_erosion_wind_saraheb3_p4_wind,saraheb3_af_map,,ok,,,Namita-J
2026-08-06,cgspace_singh_southasia_2020__soil_texture_hsg__01,cgspace_singh_southasia_2020,,ok,confirmed_pass,,Namita-J
2026-08-06,EV_chomba_2020_003,chomba_2020,,ok,,,Namita-J
2026-08-06,EV_lohbeck_2020_002,lohbeck_2020,,flag,,do not constrain FMNR to a hard 950mm per year range.,Namita-J
2026-08-06,EV_researchsquare_fmnr_2025_002,researchsquare_fmnr_2025,,drop,speculative_evidence,,Namita-J
2026-08-06,EV_eld_fmnr_2020_003,eld_fmnr_2020,,ok,,,Namita-J
2026-08-06,EV_wocat_507_2019_008,wocat_507_2019,,ok,,,Namita-J
2026-08-06,EV_wocat_1358_2017_004,wocat_1358_2017,,ok,,,Namita-J
