source_id,nbs_id,family,tables,citation,doi,url,access_status,blocker,access_route,target_library_path,status,assigned,date_added,note,doi_verified
ijecc_anr_niger_2023,agroforestry,regeneration_farmland,T4|T6,Boukary et al. (2023). How does Assisted Natural Regeneration (ANR) Improve  Soil Fertility and Plant Cover  in the Simiri Commune in Niger?. International Journal of Environment and Climate Change.,10.9734/ijecc/2023/v13i113205,https://journalijecc.com/index.php/IJECC/article/view/3205,oa,OA (websearch:publisher-OA/high),OA — browser/repository download (no institutional access needed),D591_Rural-Scan_NBS/2_Technical_&_Data/library/1_Agroforestry/ijecc_anr_niger_2023.pdf,pending,Namita-J,2026-07-27,gold OA; browser download works | free PDF via publisher-OA [high]: https://journalijecc.com/index.php/IJECC/article/view/3205,true
esj_rna_millet_2020,agroforestry,regeneration_farmland,T6|T3,Manssour et al. (2020). Impact De La Combinaison Regeneration Naturelle Assistee (Rna) Et Engrais En Microdose Sur La Productivite Du Mil (Pennisetum Glaucum (L.) R. Br.) Au Niger. European Scientific Journal ESJ.,10.19044/esj.2020.v16n9p82,https://eujournal.org/index.php/esj/article/download/12774/12487,oa,OA (websearch:publisher-OA/high),OA — browser/repository download (no institutional access needed),D591_Rural-Scan_NBS/2_Technical_&_Data/library/1_Agroforestry/esj_rna_millet_2020.pdf,pending,Namita-J,2026-07-27,gold OA; French | free PDF via publisher-OA [high]: https://eujournal.org/index.php/esj/article/download/12774/12487,true
kessler_1994,agroforestry,regeneration_farmland,T4,"Gijsbers et al. (1994). Dynamics and natural regeneration of woody species in farmed parklands in the Sahel region (Province of Passore, Burkina Faso). Forest Ecology and Management.",10.1016/0378-1127(94)90122-8,https://research.wur.nl/en/publications/dynamics-and-natural-regeneration-of-woody-species-in-farmed-park,oa,OA (Unpaywall:repository),OA — browser/repository download (no institutional access needed),D591_Rural-Scan_NBS/2_Technical_&_Data/library/1_Agroforestry/kessler_1994.pdf,pending,Namita-J,2026-07-27,seminal parkland-regeneration field study | OA via Unpaywall (repository),true
ldd_anr_arid_2024,agroforestry,regeneration_farmland,T4,del Mar González et al. (2024). How much can assisted natural regeneration contribute to ecological restoration in arid lands?. Land Degradation &amp; Development.,10.1002/ldr.5212,https://doi.org/10.1002/ldr.5212,paywalled,wiley_paywall,Institutional access (Wiley) via CGIAR library,D591_Rural-Scan_NBS/2_Technical_&_Data/library/1_Agroforestry/ldd_anr_arid_2024.pdf,pending,Namita-J,2026-07-27,aridity envelope for ANR (High tier) | web-searched 2026-08: no free copy (institutional); check ResearchGate manually.,true
haglund_2011,agroforestry,regeneration_farmland,T6|T3,Haglund et al. (2011). Dry land tree management for improved household livelihoods: Farmer managed natural regeneration in Niger. Journal of Environmental Management.,10.1016/j.jenvman.2011.01.027,https://oar.icrisat.org/1659/,oa,OA (websearch:agency-repo/med),OA — browser/repository download (no institutional access needed),D591_Rural-Scan_NBS/2_Technical_&_Data/library/1_Agroforestry/haglund_2011.pdf,pending,Namita-J,2026-07-27,measured yield/livelihood outcomes Niger (High) | free PDF via agency-repo [med]: https://oar.icrisat.org/1659/,true
binam_2015,agroforestry,regeneration_farmland,T6,Binam et al. (2015). Effects of farmer managed natural regeneration on livelihoods in semi-arid West Africa. Environmental Economics and Policy Studies.,10.1007/s10018-015-0107-4,https://www.cifor-icraf.org/knowledge/publication/31701/,oa,OA (websearch:cifor/med),OA — browser/repository download (no institutional access needed),D591_Rural-Scan_NBS/2_Technical_&_Data/library/1_Agroforestry/binam_2015.pdf,pending,Namita-J,2026-07-27,econometric FMNR income effect (High) | free PDF via cifor [med]: https://www.cifor-icraf.org/knowledge/publication/31701/,true
peri_patagonia_waterbalance_2002,agroforestry,silvopastoral,T4,Gyenge et al. (2002). Silvopastoral systems in Northwestern Patagonia II: water balance and water potential in a stand of Pinus ponderosa and native grassland. Agroforestry Systems.,10.1023/A:1020269432671,https://doi.org/10.1023/A:1020269432671,paywalled,springer_paywall,Institutional access (Springer) via CGIAR library,D591_Rural-Scan_NBS/2_Technical_&_Data/library/1_Agroforestry/peri_patagonia_waterbalance_2002.pdf,pending,Namita-J,2026-08-04,F3 T4 water/aridity envelope for silvopasture (unique signal; not covered by OA Brazilian density papers) | web-searched 2026-08: no free copy (institutional); check ResearchGate manually.,true
pasture_tree_density_atlantic_2007,agroforestry,silvopastoral,T4,Rozados-Lorenzo et al. (2007). Pasture production under different tree species and densities in an Atlantic silvopastoral system. Agroforestry Systems.,10.1007/s10457-007-9032-2,https://doi.org/10.1007/s10457-007-9032-2,paywalled,springer_paywall,Institutional access (Springer) via CGIAR library,D591_Rural-Scan_NBS/2_Technical_&_Data/library/1_Agroforestry/pasture_tree_density_atlantic_2007.pdf,pending,Namita-J,2026-08-04,F3 T4 tree-density -> forage-production threshold (strengthens density consensus alongside OA SciELO/AGEE Brazilian papers) | web-searched 2026-08: no free copy (institutional); check ResearchGate manually.,true
bayala2015_parkland_processes_sahel,agroforestry,planted_silvoarable,T4,"Bayala et al. (2015). Advances in knowledge of processes in soil–tree–crop interactions in parkland systems in the West African Sahel: A review. Agriculture, Ecosystems &amp; Environment.",10.1016/j.agee.2015.02.018,https://repo.mel.cgiar.org/items/4e9e660e-2889-44d2-b502-0592bd7d63d1,oa,OA (websearch:cgiar-mel/med),OA — browser/repository download (no institutional access needed),D591_Rural-Scan_NBS/2_Technical_&_Data/library/1_Agroforestry/bayala2015_parkland_processes_sahel.pdf,pending,Namita-J,2026-08-05,CGIAR institutional access likely (ICRAF authorship). Practice-level parkland biophysical review; core T4 F1 source. | free PDF via cgiar-mel [med]: https://repo.mel.cgiar.org/items/4e9e660e-2889-44d2-b502-0592bd7d63d1,true
bayala2014_trees_preferential_flow_parkland,agroforestry,planted_silvoarable,T4,Bargués Tobella et al. (2014). The effect of trees on preferential flow and soil infiltrability in an agroforestry parkland in semiarid Burkina Faso. Water Resources Research.,10.1002/2013wr015197,https://pmc.ncbi.nlm.nih.gov/articles/PMC4302979,oa,OA (websearch:publisher-OA/PMC/high),OA — browser/repository download (no institutional access needed),D591_Rural-Scan_NBS/2_Technical_&_Data/library/1_Agroforestry/bayala2014_trees_preferential_flow_parkland.pdf,pending,Namita-J,2026-08-05,Soil-hydrology suitability mechanism; med priority. | free PDF via publisher-OA/PMC [high]: https://pmc.ncbi.nlm.nih.gov/articles/PMC4302979,true
india_fao_agroforestry_suitability_mapping_2017,agroforestry,planted_silvoarable,T4,"Ahmad et al. (2017). FAO guidelines and geospatial application for agroforestry suitability mapping: case study of Ranchi, Jharkhand state of India. Agroforestry Systems.",10.1007/s10457-017-0145-y,https://www.academia.edu/34984989/FAO_guidelines_and_geospatial_application_for_agroforestry_suitability_mapping_case_study_of_Ranchi_Jharkhand_state_of_India,oa,OA (websearch:academia/researchgate/high),OA — browser/repository download (no institutional access needed),D591_Rural-Scan_NBS/2_Technical_&_Data/library/1_Agroforestry/india_fao_agroforestry_suitability_mapping_2017.pdf,pending,Namita-J,2026-08-05,Explicit FAO-based criteria set + weights for agroforestry suitability in an LMIC — high-value T4 method reference. Confirm silvoarable/alley scoping vs generic agroforestry on full text. | free PDF via academia/researchgate [high]: https://www.academia.edu/34984989/FAO_guidelines_and_geospatial_application_for_agroforestry_suitability_mapping_case_study_of_Ranchi_Jharkhand_state_of_India,true
lal_alley_erosion_hilly_philippines_1995,agroforestry,planted_silvoarable,T3,Paningbatan et al. (1995). Alley cropping for managing soil erosion of hilly lands in the Philippines. Soil Technology.,10.1016/0933-3630(95)00019-4,https://doi.org/10.1016/0933-3630(95)00019-4,paywalled,"paywalled (Elsevier, closed)",Institutional access via CGIAR library,D591_Rural-Scan_NBS/2_Technical_&_Data/library/1_Agroforestry/lal_alley_erosion_hilly_philippines_1995.pdf,pending,Namita-J,2026-08-05,High-priority LMIC erosion-control F1 benchmark; CGIAR institutional access. | web-searched 2026-08: no free copy (institutional); check ResearchGate manually.,true
kang_econ_erosion_alley_notill_nigeria_1990,agroforestry,planted_silvoarable,T3,"Ehui et al. (1990). Economic analysis of soil erosion effects in alley cropping, no-till and bush fallow systems in South Western Nigeria. Agricultural Systems.",10.1016/0308-521x(90)90013-g,https://doi.org/10.1016/0308-521x(90)90013-g,paywalled,"paywalled (Elsevier, closed)",Institutional access via CGIAR library,D591_Rural-Scan_NBS/2_Technical_&_Data/library/1_Agroforestry/kang_econ_erosion_alley_notill_nigeria_1990.pdf,pending,Namita-J,2026-08-05,IITA/Nigeria seminal erosion-response evidence. | possible free copy (LOW conf-verify): https://www.ilri.org/knowledge/publications/economic-analysis-soil-erosion-effects-alley-cropping-no-till-and-bush,true
antecedent_soilmoist_runoff_erosion_alley_2007,agroforestry,planted_silvoarable,T3,Wei et al. (2007). Effects of antecedent soil moisture on runoff and soil erosion in alley cropping systems. Agricultural Water Management.,10.1016/j.agwat.2007.08.007,https://doi.org/10.1016/j.agwat.2007.08.007,paywalled,"paywalled (Elsevier, closed)",Institutional access via CGIAR library,D591_Rural-Scan_NBS/2_Technical_&_Data/library/1_Agroforestry/antecedent_soilmoist_runoff_erosion_alley_2007.pdf,pending,Namita-J,2026-08-05,Highest-cited true hit; runoff/erosion response. | web-searched 2026-08: no free copy (institutional); check ResearchGate manually.,true
alley_oilpalm_microclimate_moderation_2019,agroforestry,planted_silvoarable,T3,Ashraf et al. (2019). Alley-cropping system increases vegetation heterogeneity and moderates extreme microclimates in oil palm plantations. Agricultural and Forest Meteorology.,10.1016/j.agrformet.2019.107632,https://www.semanticscholar.org/paper/Alley-cropping-system-increases-vegetation-and-in-Ashraf-Sanusi/f0ad48857b3e6a2da6e1b077160709880d965999,oa,OA (websearch:semanticscholar/med),OA — browser/repository download (no institutional access needed),D591_Rural-Scan_NBS/2_Technical_&_Data/library/1_Agroforestry/alley_oilpalm_microclimate_moderation_2019.pdf,pending,Namita-J,2026-08-05,Indonesia LMIC; heat/microclimate buffering evidence. | free PDF via semanticscholar [med]: https://www.semanticscholar.org/paper/Alley-cropping-system-increases-vegetation-and-in-Ashraf-Sanusi/f0ad48857b3e6a2da6e1b077160709880d965999,true
walnut_alley_drought_shade_winterpea_2021,agroforestry,planted_silvoarable,T3,Blanchet et al. (2021). Interactions between drought and shade on the productivity of winter pea grown in a 25‐year‐old walnut‐based alley cropping system. Journal of Agronomy and Crop Science.,10.1111/jac.12488,https://agritrop.cirad.fr/597986/,oa,OA (websearch:agency-CIRAD-Agritrop/med),OA — browser/repository download (no institutional access needed),D591_Rural-Scan_NBS/2_Technical_&_Data/library/1_Agroforestry/walnut_alley_drought_shade_winterpea_2021.pdf,pending,Namita-J,2026-08-05,Drought x shade productivity response. | free PDF via agency-CIRAD-Agritrop [med]: https://agritrop.cirad.fr/597986/,true
bayard2006_haiti_alleycrop_econ,agroforestry,planted_silvoarable,T6,Bayard et al. (2007). The economics of adoption and management of alley cropping in Haiti. Journal of Environmental Management.,10.1016/j.jenvman.2006.05.001,https://doi.org/10.1016/j.jenvman.2006.05.001,paywalled,paywalled_elsevier,Institutional access via CGIAR library,D591_Rural-Scan_NBS/2_Technical_&_Data/library/1_Agroforestry/bayard2006_haiti_alleycrop_econ.pdf,pending,Namita-J,2026-08-05,High-value LMIC adoption + management economics for alley cropping (T6). Needs CGIAR institutional access -> Namita-J. | web-searched 2026-08: no free copy (institutional); check ResearchGate manually.,true
mugendi1999_kenya_alleycrop_maize,agroforestry,planted_silvoarable,T6,Mugendi et al. (1999). Alley cropping of maize with calliandra and leucaena in the subhumid highlands of Kenya: Part 2. Soil-fertility changes and maize yield. Agroforestry Systems.,10.1023/a:1006288301044,https://ir-library.ku.ac.ke/server/api/core/bitstreams/702a3873-aded-41f7-ab1e-25b204b89d70/content,oa,OA (websearch:university-repo/med),OA — browser/repository download (no institutional access needed),D591_Rural-Scan_NBS/2_Technical_&_Data/library/1_Agroforestry/mugendi1999_kenya_alleycrop_maize.pdf,pending,Namita-J,2026-08-05,Seminal LMIC alley-cropping maize-yield trial (T6 yield). Needs institutional access -> Namita-J. | free PDF via university-repo [med]: https://ir-library.ku.ac.ke/server/api/core/bitstreams/702a3873-aded-41f7-ab1e-25b204b89d70/content,true
gomes2020_microclimate_soil_water_loss_coffee_af,agroforestry,shaded_perennial,T3,de Carvalho et al. (2020). Microclimate and soil and water loss in shaded and unshaded agroforestry coffee systems. Agroforestry Systems.,10.1007/s10457-020-00567-6,https://www.researchgate.net/profile/Mayara-Daher/publication/346325001_Microclimate_and_soil_and_water_loss_in_shaded_and_unshaded_agroforestry_coffee_systems/links/5fbe6702a6fdcc6cc6656cf2/Microclimate-and-soil-and-water-loss-in-shaded-and-unshaded-agroforestry-coffee-systems.pdf,oa,OA (websearch:researchgate/high),OA — browser/repository download (no institutional access needed),D591_Rural-Scan_NBS/2_Technical_&_Data/library/1_Agroforestry/gomes2020_microclimate_soil_water_loss_coffee_af.pdf,pending,Namita-J,2026-08-05,Screened-in for erosion/soil-water hazard-response. Needs CGIAR institutional download (Namita-J). Do not place PDF in git; upload to SharePoint library on acquisition and set SRC.library_path. | free PDF via researchgate [high]: https://www.researchgate.net/profile/Mayara-Daher/publication/346325001_Microclimate_and_soil_and_water_loss_in_shaded_and_unshaded_agroforestry_coffee_systems/links/5fbe6702a6fdcc6cc6656cf2/Microclimate-and-soil-and-water-loss-in-shaded-and-unshaded-agroforestry-coffee-systems.pdf,true
vaast2016_double_dividend,agroforestry,shaded_perennial,T6,Vaast P. & Somarriba E. (2014/2016). Shaded coffee and cocoa – double dividend for biodiversity and small-scale farmers. Ecological Economics / Agroforestry Systems.,,https://www.cifor.org/knowledge/publication/5553,oa,OA (Unpaywall:repository),OA — browser/repository download (no institutional access needed),D591_Rural-Scan_NBS/2_Technical_&_Data/library/1_Agroforestry/vaast2016_double_dividend.pdf,pending,Namita-J,2026-08-05,F5-core biodiversity + smallholder income synthesis. CGIAR institutional download for Namita-J. Verify exact DOI/venue on retrieval (Elsevier). | OA via Unpaywall (repository) | DOI FAILED verification (title_mismatch); original DOI blanked — acquire by TITLE.,false
philpott2005_biodiv_yield_certification,agroforestry,shaded_perennial,T6,Baumgärtner (2006). The ecological economics of biodiversity methods and policy applications. Ecological Economics.,10.1016/j.ecolecon.2005.09.028,https://sites.evergreen.edu/politicalshakespeares/wp-content/uploads/sites/263/2017/02/Perfecto-et-al._2005_Biodiversity-yield-coffee.pdf,oa,OA (websearch:university-repo/high),OA — browser/repository download (no institutional access needed),D591_Rural-Scan_NBS/2_Technical_&_Data/library/1_Agroforestry/philpott2005_biodiv_yield_certification.pdf,pending,Namita-J,2026-08-05,Seminal certification/yield/biodiversity trade-off. Institutional download. | free PDF via university-repo [high]: https://sites.evergreen.edu/politicalshakespeares/wp-content/uploads/sites/263/2017/02/Perfecto-et-al._2005_Biodiversity-yield-coffee.pdf,true
wartenberg2024_lowemission_profitable_cocoa_ghana,agroforestry,shaded_perennial,T6,"Wartenberg A. et al. (2024). Low-emissions and profitable cocoa through moderate-shade agroforestry: insights from Ghana. Agriculture, Ecosystems & Environment.",,https://www.sciencedirect.com/science/article/pii/S0167880924000793,oa,OA (websearch:publisher-OA/med),OA — browser/repository download (no institutional access needed),D591_Rural-Scan_NBS/2_Technical_&_Data/library/1_Agroforestry/wartenberg2024_lowemission_profitable_cocoa_ghana.pdf,pending,Namita-J,2026-08-05,Profitability + cost_per_tCO2e-relevant. Confirm DOI on retrieval; may have green OA copy — check repository before institutional pull. | free PDF via publisher-OA [med]: https://www.sciencedirect.com/science/article/pii/S0167880924000793 | DOI FAILED verification (doi_unresolved); original DOI blanked — acquire by TITLE.,false
shade_vs_intensification_2023_profitability,agroforestry,shaded_perennial,T6,(2023). Shade versus intensification: trade-off or synergy for profitability in coffee agroforestry systems? (OpenAlex W4389586869).,,https://gala.gre.ac.uk/id/eprint/45113/13/45113_LALANI_%20Shade_versus_intensification_Trade_off_or_synergy.pdf,oa,OA (websearch:university-repo/high),OA — browser/repository download (no institutional access needed),D591_Rural-Scan_NBS/2_Technical_&_Data/library/1_Agroforestry/shade_vs_intensification_2023_profitability.pdf,pending,Namita-J,2026-08-05,Resolve DOI via OpenAlex record; check for hybrid OA / green copy before institutional download. | free PDF via university-repo [high]: https://gala.gre.ac.uk/id/eprint/45113/13/45113_LALANI_%20Shade_versus_intensification_Trade_off_or_synergy.pdf,
asare2018_cocoa_yield_canopy_ghana,agroforestry,shaded_perennial,T6,Asare R. et al. (2018). On-farm cocoa yields increase with canopy cover of shade trees in two agro-ecological zones in Ghana. Climate and Development / Agroforestry Systems.,,https://cgspace.cgiar.org/server/api/core/bitstreams/9b3ec873-fe78-4e47-8224-e1e6136620e8/content,oa,OA (websearch:cgspace/high),OA — browser/repository download (no institutional access needed),D591_Rural-Scan_NBS/2_Technical_&_Data/library/1_Agroforestry/asare2018_cocoa_yield_canopy_ghana.pdf,pending,Namita-J,2026-08-05,"Yield-vs-canopy dose response, LMIC. Resolve DOI; likely green OA copy exists — check before institutional pull. | free PDF via cgspace [high]: https://cgspace.cgiar.org/server/api/core/bitstreams/9b3ec873-fe78-4e47-8224-e1e6136620e8/content",
brandle_windbreak_crop_benefits_1988,agroforestry,linear_boundary,T3,"Kort (1988). 9. Benefits of windbreaks to field and forage crops. Agriculture, Ecosystems &amp; Environment.",10.1016/0167-8809(88)90017-5,https://doi.org/10.1016/0167-8809(88)90017-5,paywalled,"Elsevier paywall (1988, pre-OA)",Institutional access via CGIAR library,D591_Rural-Scan_NBS/2_Technical_&_Data/library/1_Agroforestry/brandle_windbreak_crop_benefits_1988.pdf,pending,Namita-J,2026-08-05,Seminal F4 crop-microclimate/yield mechanism - CGIAR institutional access via Namita-J. | web-searched 2026-08: no free copy (institutional); check ResearchGate manually.,true
cleugh_windbreak_airflow_microclimate_1998,agroforestry,linear_boundary,T3,"Cleugh (1998). Effects of windbreaks on airflow, microclimates and crop yields. Agroforestry Systems.",10.1023/a:1006019805109,https://www.academia.edu/23058386/Effects_of_windbreaks_on_airflow_microclimates_and_crop_yields,oa,OA (websearch:academia/med),OA — browser/repository download (no institutional access needed),D591_Rural-Scan_NBS/2_Technical_&_Data/library/1_Agroforestry/cleugh_windbreak_airflow_microclimate_1998.pdf,pending,Namita-J,2026-08-05,Core barrier-porosity vs sheltered-zone response review. | free PDF via academia [med]: https://www.academia.edu/23058386/Effects_of_windbreaks_on_airflow_microclimates_and_crop_yields,true
cornelis_optimal_windbreak_wind_erosion_2004,agroforestry,linear_boundary,T3,Cornelis et al. (2005). Optimal windbreak design for wind-erosion control. Journal of Arid Environments.,10.1016/j.jaridenv.2004.10.005,https://www.academia.edu/31660178/Optimal_windbreak_design_for_wind_erosion_control,oa,OA (websearch:academia/med),OA — browser/repository download (no institutional access needed),D591_Rural-Scan_NBS/2_Technical_&_Data/library/1_Agroforestry/cornelis_optimal_windbreak_wind_erosion_2004.pdf,pending,Namita-J,2026-08-05,Arid-land F4 x wind-erosion; good LMIC transferability. | free PDF via academia [med]: https://www.academia.edu/31660178/Optimal_windbreak_design_for_wind_erosion_control,true
hedgerow_erosion_loess_plateau_2019,agroforestry,linear_boundary,T3,"Yang et al. (2019). Erosion control of hedgerows under soils affected by disturbed soil accumulation in the slopes of loess plateau, China. CATENA.",10.1016/j.catena.2019.104079,https://doi.org/10.1016/j.catena.2019.104079,paywalled,Elsevier paywall,Institutional access via CGIAR library,D591_Rural-Scan_NBS/2_Technical_&_Data/library/1_Agroforestry/hedgerow_erosion_loess_plateau_2019.pdf,pending,Namita-J,2026-08-05,LMIC (China) contour-hedgerow water-erosion response on slopes. | web-searched 2026-08: no free copy (institutional); check ResearchGate manually.,true
windbreak_efficiency_wind_erosion_pm_2020,agroforestry,linear_boundary,T3,"Chang et al. (2021). Windbreak efficiency in controlling wind erosion and particulate matter concentrations from farmlands. Agriculture, Ecosystems &amp; Environment.",10.1016/j.agee.2020.107269,https://doi.org/10.1016/j.agee.2020.107269,paywalled,Elsevier paywall,Institutional access via CGIAR library,D591_Rural-Scan_NBS/2_Technical_&_Data/library/1_Agroforestry/windbreak_efficiency_wind_erosion_pm_2020.pdf,pending,Namita-J,2026-08-05,F4 wind-erosion efficiency; PM angle partly off-scope. | web-searched 2026-08: no free copy (institutional); check ResearchGate manually.,true
amichev2020_shelterbelt_fuzzy_suitability_sask,agroforestry,linear_boundary,T4,"Amichev et al. (2020). Shelterbelt systems establishment in Saskatchewan, Canada: a multi-criteria fuzzy logic approach to land suitability mapping. New Forests.",10.1007/s11056-019-09766-1,https://doi.org/10.1007/s11056-019-09766-1,paywalled,"paywalled (Springer, closed)",Institutional access via CGIAR library,D591_Rural-Scan_NBS/2_Technical_&_Data/library/1_Agroforestry/amichev2020_shelterbelt_fuzzy_suitability_sask.pdf,pending,Namita-J,2026-08-05,PRIORITY. Directly models F4 land suitability via multi-criteria fuzzy logic — the exact T4 structure (criteria set + membership functions + weights). Needs CGIAR institutional access -> Namita-J. | web-searched 2026-08: no free copy (institutional); check ResearchGate manually.,true
brandle2004_windbreaks_na_ag,agroforestry,linear_boundary,T4,Brandle et al. (2004). Windbreaks in North American agricultural systems. Agroforestry Systems.,10.1023/b:agfo.0000028990.31801.62,https://www.researchgate.net/publication/262826465_Windbreaks_in_North_American_agricultural_systems_New_visitas_in_Agroforestry,oa,OA (websearch:researchgate/med),OA — browser/repository download (no institutional access needed),D591_Rural-Scan_NBS/2_Technical_&_Data/library/1_Agroforestry/brandle2004_windbreaks_na_ag.pdf,pending,Namita-J,2026-08-05,"Seminal review of windbreak siting geometry, protected-zone extent, orientation. Needs institutional download. | free PDF via researchgate [med]: https://www.researchgate.net/publication/262826465_Windbreaks_in_North_American_agricultural_systems_New_visitas_in_Agroforestry",true
cornelis2004_windbreak_design,agroforestry,linear_boundary,T4,Cornelis et al. (2005). Optimal windbreak design for wind-erosion control. Journal of Arid Environments.,10.1016/j.jaridenv.2004.10.005,https://www.academia.edu/31660178/Optimal_windbreak_design_for_wind_erosion_control,oa,OA (websearch:academia/med),OA — browser/repository download (no institutional access needed),D591_Rural-Scan_NBS/2_Technical_&_Data/library/1_Agroforestry/cornelis2004_windbreak_design.pdf,pending,Namita-J,2026-08-05,Quantitative porosity/geometry optimum for wind-erosion-control windbreaks — biophysical siting envelope. Institutional download. | free PDF via academia [med]: https://www.academia.edu/31660178/Optimal_windbreak_design_for_wind_erosion_control,true
zhang_2019_threenorth_shelterbelt_carbon,agroforestry,linear_boundary,T6,"Chu et al. (2019). Assessment on forest carbon sequestration in the Three-North Shelterbelt Program region, China. Journal of Cleaner Production.",10.1016/j.jclepro.2018.12.296,https://doi.org/10.1016/j.jclepro.2018.12.296,paywalled,closed access (Elsevier),Institutional access via CGIAR library,D591_Rural-Scan_NBS/2_Technical_&_Data/library/1_Agroforestry/zhang_2019_threenorth_shelterbelt_carbon.pdf,pending,Namita-J,2026-08-05,"T6 carbon outcome, shelterbelt, China. CGIAR institutional download → SharePoint library/agroforestry/. | web-searched 2026-08: no free copy (institutional); check ResearchGate manually.",true
zheng_2015_shelterbelt_cropyield_ne_china,agroforestry,linear_boundary,T6,Zheng et al. (2016). Assessment of the effects of shelterbelts on crop yields at the regional scale in Northeast China. Agricultural Systems.,10.1016/j.agsy.2015.12.008,https://doi.org/10.1016/j.agsy.2015.12.008,paywalled,closed access (Elsevier),Institutional access via CGIAR library,D591_Rural-Scan_NBS/2_Technical_&_Data/library/1_Agroforestry/zheng_2015_shelterbelt_cropyield_ne_china.pdf,pending,Namita-J,2026-08-05,Core shelterbelt yield-effect T6 evidence. CGIAR download for Namita-J. | web-searched 2026-08: no free copy (institutional); check ResearchGate manually.,true
chan_2020_livingfences_livestock_cambodia,agroforestry,linear_boundary,T6,"Gill et al. (2020). Living fences for improved smallholder livestock systems in Cambodia. Forests, Trees and Livelihoods.",10.1080/14728028.2020.1827049,https://www.researchgate.net/publication/346086076_Living_fences_for_improved_smallholder_livestock_systems_in_Cambodia,oa,OA (websearch:researchgate/med),OA — browser/repository download (no institutional access needed),D591_Rural-Scan_NBS/2_Technical_&_Data/library/1_Agroforestry/chan_2020_livingfences_livestock_cambodia.pdf,pending,Namita-J,2026-08-05,High-value LMIC smallholder living-fence outcome+adoption evidence. Institutional access. | free PDF via researchgate [med]: https://www.researchgate.net/publication/346086076_Living_fences_for_improved_smallholder_livestock_systems_in_Cambodia,true
harvey_2013_livefences_windbreaks_biodiversity_tropical,agroforestry,linear_boundary,T6,"Harvey et al. (2013). Live Fences, Isolated Trees, and Windbreaks: Tools for Conserving Biodiversity in Fragmented Tropical Landscapes. Agroforestry and Biodiversity Conservation in Tropical Landscapes.",10.2307/jj.41003705.18,https://doi.org/10.2307/jj.41003705.18,paywalled,"closed access (book chapter, Princeton UP)",Institutional access via CGIAR library,D591_Rural-Scan_NBS/2_Technical_&_Data/library/1_Agroforestry/harvey_2013_livefences_windbreaks_biodiversity_tropical.pdf,pending,Namita-J,2026-08-05,Seminal tropical biodiversity-outcome evidence for F4. Book chapter — may need library/ILL rather than journal download. | possible free copy (LOW conf-verify): https://www.researchgate.net/publication/325128589_Live_Fences_Isolated_Trees_and_Windbreaks_Tools_for_Conserving_Biodiversity_in_Fragmented_Tropical_Landscapes,true
shrestha2003_florida_sps_adoption,agroforestry,silvopastoral,T6,Shrestha et al. (2004). Exploring the potential for silvopasture adoption in south-central Florida: an application of SWOT–AHP method. Agricultural Systems.,10.1016/j.agsy.2003.09.004,https://doi.org/10.1016/j.agsy.2003.09.004,paywalled,"paywalled (Elsevier, OA status closed)",Institutional access via CGIAR library,D591_Rural-Scan_NBS/2_Technical_&_Data/library/1_Agroforestry/shrestha2003_florida_sps_adoption.pdf,pending,Namita-J,2026-08-05,Seminal adoption/SWOT-AHP; CGIAR institutional download for Namita-J. | web-searched 2026-08: no free copy (institutional); check ResearchGate manually.,true
dagang2003_centralamerica_sps_adoption,agroforestry,silvopastoral,T6,Dagang et al. (2003). Silvopastoral research and adoption in Central America: recent findings and recommendations for future directions. Agroforestry Systems.,10.1023/a:1026394019808,https://www.proquest.com/openview/8b79815c344d2fc351d20ed1e7c3e34a/1.pdf?pq-origsite=gscholar&cbl=54133,oa,OA (websearch:proquest/med),OA — browser/repository download (no institutional access needed),D591_Rural-Scan_NBS/2_Technical_&_Data/library/1_Agroforestry/dagang2003_centralamerica_sps_adoption.pdf,pending,Namita-J,2026-08-05,LMIC Central America adoption synthesis. | free PDF via proquest [med]: https://www.proquest.com/openview/8b79815c344d2fc351d20ed1e7c3e34a/1.pdf?pq-origsite=gscholar&cbl=54133,true
giraldo2010_colombia_dungbeetle,agroforestry,silvopastoral,T6,GIRALDO et al. (2010). The adoption of silvopastoral systems promotes the recovery of ecological processes regulated by dung beetles in the Colombian Andes. Insect Conservation and Diversity.,10.1111/j.1752-4598.2010.00112.x,https://doi.org/10.1111/j.1752-4598.2010.00112.x,paywalled,"paywalled (Wiley, closed)",Institutional access via CGIAR library,D591_Rural-Scan_NBS/2_Technical_&_Data/library/1_Agroforestry/giraldo2010_colombia_dungbeetle.pdf,pending,Namita-J,2026-08-05,Colombia biodiversity outcome of SPS adoption. | web-searched 2026-08: no free copy (institutional); check ResearchGate manually.,true
garbach2012_nicaragua_pes,agroforestry,silvopastoral,T6,"Garbach et al. (2012). Payment for Ecosystem Services: The roles of positive incentives and information sharing in stimulating adoption of silvopastoral conservation practices. Agriculture, Ecosystems &amp; Environment.",10.1016/j.agee.2012.04.017,https://doi.org/10.1016/j.agee.2012.04.017,paywalled,"paywalled (Elsevier, closed)",Institutional access via CGIAR library,D591_Rural-Scan_NBS/2_Technical_&_Data/library/1_Agroforestry/garbach2012_nicaragua_pes.pdf,pending,Namita-J,2026-08-05,Nicaragua PES-driven adoption / cost-incentive. | web-searched 2026-08: no free copy (institutional); check ResearchGate manually.,true
orefice2016_forage_profitability,agroforestry,silvopastoral,T6,"Orefice et al. (2016). Forage productivity and profitability in newly-established open pasture, silvopasture, and thinned forest production systems. Agroforestry Systems.",10.1007/s10457-016-0052-7,https://www.researchgate.net/publication/311237671_Forage_productivity_and_profitability_in_newly-established_open_pasture_silvopasture_and_thinned_forest_production_systems,oa,OA (websearch:researchgate/med),OA — browser/repository download (no institutional access needed),D591_Rural-Scan_NBS/2_Technical_&_Data/library/1_Agroforestry/orefice2016_forage_profitability.pdf,pending,Namita-J,2026-08-05,Direct yield+profitability comparison (T6 cost-effectiveness). | free PDF via researchgate [med]: https://www.researchgate.net/publication/311237671_Forage_productivity_and_profitability_in_newly-established_open_pasture_silvopasture_and_thinned_forest_production_systems,true
olayamontes2020_colombia_soilcarbon,agroforestry,silvopastoral,T6,Olaya‐Montes et al. (2020). Restoring soil carbon and chemical properties through silvopastoral adoption in the Colombian Amazon region. Land Degradation &amp; Development.,10.1002/ldr.3832,https://doi.org/10.1002/ldr.3832,paywalled,"paywalled (Wiley, closed)",Institutional access via CGIAR library,D591_Rural-Scan_NBS/2_Technical_&_Data/library/1_Agroforestry/olayamontes2020_colombia_soilcarbon.pdf,pending,Namita-J,2026-08-05,Colombian Andes (LMIC) carbon outcome of SPS adoption; secondary carbon candidate if carbon T6 rows are thin. | web-searched 2026-08: no free copy (institutional); check ResearchGate manually.,true
guevara2008_soilmoisture_nz,agroforestry,silvopastoral,T3,Pollock et al. (2008). Soil moisture and water use by pastures and silvopastures in a sub-humid temperate climate in New Zealand. Agroforestry Systems.,10.1007/s10457-008-9172-z,https://doi.org/10.1007/s10457-008-9172-z,paywalled,paywalled (Springer),Institutional access via CGIAR library,D591_Rural-Scan_NBS/2_Technical_&_Data/library/1_Agroforestry/guevara2008_soilmoisture_nz.pdf,pending,Namita-J,2026-08-05,Drought/water-balance buffering mechanism (temperate baseline). CGIAR institutional access via Namita-J. | possible free copy (LOW conf-verify): https://www.researchgate.net/publication/225975712_Soil_moisture_and_water_use_by_pastures_and_silvopastures_in_a_sub-humid_temperate_climate_in_New_Zealand,true
argentina2024_forage_drought,agroforestry,silvopastoral,T3,Peri et al. (2024). Response of forage production to drought in silvopastoral systems in Argentina. Agroforestry Systems.,10.1007/s10457-024-00986-9,https://doi.org/10.1007/s10457-024-00986-9,paywalled,paywalled (Springer),Institutional access via CGIAR library,D591_Rural-Scan_NBS/2_Technical_&_Data/library/1_Agroforestry/argentina2024_forage_drought.pdf,pending,Namita-J,2026-08-05,"Direct drought x forage response, LMIC (Argentina), recent. Priority T3 acquisition. | web-searched 2026-08: no free copy (institutional); check ResearchGate manually.",true
caatinga2022_thermalcomfort_arrangements,agroforestry,silvopastoral,T3,dos Santos Neto et al. (2022). Microclimate and animal thermal comfort indexes in different silvopastoral system arrangements in Caatinga. International Journal of Biometeorology.,10.1007/s00484-021-02182-1,https://doi.org/10.1007/s00484-021-02182-1,paywalled,paywalled (Springer),Institutional access via CGIAR library,D591_Rural-Scan_NBS/2_Technical_&_Data/library/1_Agroforestry/caatinga2022_thermalcomfort_arrangements.pdf,pending,Namita-J,2026-08-05,"Heat/thermal-comfort response by tree arrangement, Brazil semi-arid Caatinga (LMIC). Config-dependent hazard-response variable. | web-searched 2026-08: no free copy (institutional); check ResearchGate manually.",true
beefcattle2024_heatstress,agroforestry,silvopastoral,T3,Goncherenko et al. (2024). Silvopastoral systems as a strategy to attenuate the negative effects of heat stress on productivity of beef cows grazing natural grassland. Agroforestry Systems.,10.1007/s10457-024-01081-9,https://doi.org/10.1007/s10457-024-01081-9,paywalled,paywalled (Springer),Institutional access via CGIAR library,D591_Rural-Scan_NBS/2_Technical_&_Data/library/1_Agroforestry/beefcattle2024_heatstress.pdf,pending,Namita-J,2026-08-05,"Heat-stress attenuation x cattle productivity; recent, screened-in T3 (heat hazard). Acquire via CGIAR. | web-searched 2026-08: no free copy (institutional); check ResearchGate manually.",true
roshetko_2002_indonesia_homegarden_carbon,agroforestry,homegardens_proximity,T6,Roshetko et al. (2002). Carbon stocks in Indonesian homegarden systems: Can smallholder systems be targeted for increased carbon storage?. American Journal of Alternative Agriculture.,10.1079/ajaa200116,https://repository.ipb.ac.id/handle/123456789/27907,oa,OA (websearch:university-repo/med),OA — browser/repository download (no institutional access needed),D591_Rural-Scan_NBS/2_Technical_&_Data/library/1_Agroforestry/roshetko_2002_indonesia_homegarden_carbon.pdf,pending,Namita-J,2026-08-05,"High-cite (~190) carbon + smallholder-income foundation for homegardens, Indonesia in-scope. CGIAR institutional access likely (Roshetko = ICRAF); check ICRAF repository for an OA copy first. | free PDF via university-repo [med]: https://repository.ipb.ac.id/handle/123456789/27907",true
fernandes_nair_1984_chagga_homegardens,agroforestry,homegardens_proximity,T6,Fernandes et al. (1984). The Chagga homegardens: a multistoried agroforestry cropping system on Mt. Kilimanjaro (Northern Tanzania). Agroforestry Systems.,10.1007/bf00131267,https://www.academia.edu/25922383/The_Chagga_homegardens_a_multistoried_agroforestry_cropping_system_on_Mt._Kilimanjaro_Northern_Tanzania_,oa,OA (websearch:academia/med),OA — browser/repository download (no institutional access needed),D591_Rural-Scan_NBS/2_Technical_&_Data/library/1_Agroforestry/fernandes_nair_1984_chagga_homegardens.pdf,pending,Namita-J,2026-08-05,Seminal descriptive homegarden production/structure paper (~176 cites). CGIAR institutional Springer access. | free PDF via academia [med]: https://www.academia.edu/25922383/The_Chagga_homegardens_a_multistoried_agroforestry_cropping_system_on_Mt._Kilimanjaro_Northern_Tanzania_,true
homegarden_carbon_storage_2022,agroforestry,homegardens_proximity,T6,"Lowe et al. (2022). Homegardens as a modern carbon storage: Assessment of tree diversity and above-ground biomass of homegardens in Matale district, Sri Lanka. Urban Forestry &amp; Urban Greening.",10.1016/j.ufug.2022.127671,https://doi.org/10.1016/j.ufug.2022.127671,paywalled,paywalled (Elsevier),Institutional access via CGIAR library,D591_Rural-Scan_NBS/2_Technical_&_Data/library/1_Agroforestry/homegarden_carbon_storage_2022.pdf,pending,Namita-J,2026-08-05,Secondary carbon-outcome source; acquire only if Roshetko/OA carbon coverage proves thin. CGIAR ScienceDirect access. | web-searched 2026-08: no free copy (institutional); check ResearchGate manually.,true
kumar_nair_2004_enigma,agroforestry,homegardens_proximity,T4,Kumar et al. (2004). The enigma of tropical homegardens. Agroforestry Systems.,10.1023/b:agfo.0000028995.13227.ca,https://www.researchgate.net/publication/289754300_The_enigma_of_tropical_homegardens,oa,OA (websearch:researchgate/med),OA — browser/repository download (no institutional access needed),D591_Rural-Scan_NBS/2_Technical_&_Data/library/1_Agroforestry/kumar_nair_2004_enigma.pdf,pending,Namita-J,2026-08-05,Screened-in high-priority stock review. Route to Namita-J via CGIAR institutional access; upload PDF to SharePoint library agroforestry/ and set SRC.library_path. | free PDF via researchgate [med]: https://www.researchgate.net/publication/289754300_The_enigma_of_tropical_homegardens,true
fernandes_nair_1986_structure,agroforestry,homegardens_proximity,T4,Fernandes et al. (1986). An evaluation of the structure and function of tropical homegardens. Agricultural Systems.,10.1016/0308-521x(86)90104-6,https://doi.org/10.1016/0308-521x(86)90104-6,paywalled,"paywalled (Elsevier, closed access)",Institutional access via CGIAR library,D591_Rural-Scan_NBS/2_Technical_&_Data/library/1_Agroforestry/fernandes_nair_1986_structure.pdf,pending,Namita-J,2026-08-05,Seminal structural typology; screened-in. CGIAR institutional retrieval via Namita-J -> SharePoint + SRC.library_path. | web-searched 2026-08: no free copy (institutional); check ResearchGate manually.,true
torquebiau_1992_sustainable,agroforestry,homegardens_proximity,T4,"Torquebiau (1992). Are tropical agroforestry home gardens sustainable?. Agriculture, Ecosystems &amp; Environment.",10.1016/0167-8809(92)90109-o,https://doi.org/10.1016/0167-8809(92)90109-o,paywalled,"paywalled (Elsevier, closed access)",Institutional access via CGIAR library,D591_Rural-Scan_NBS/2_Technical_&_Data/library/1_Agroforestry/torquebiau_1992_sustainable.pdf,pending,Namita-J,2026-08-05,Medium-priority stock item; retrieve only if biophysical-envelope evidence is still thin after the two Nair reviews. CGIAR institutional access via Namita-J. | web-searched 2026-08: no free copy (institutional); check ResearchGate manually.,true
buchmann_cuban_homegardens_resilience_2009,agroforestry,homegardens_proximity,T3,Buchmann (2009). Cuban Home Gardens and Their Role in Social–Ecological Resilience. Human Ecology.,10.1007/s10745-009-9283-9,https://www.researchgate.net/publication/225397178_Cuban_Home_Gardens_and_Their_Role_in_Social-Ecological_Resilience,oa,OA (websearch:researchgate/med),OA — browser/repository download (no institutional access needed),D591_Rural-Scan_NBS/2_Technical_&_Data/library/1_Agroforestry/buchmann_cuban_homegardens_resilience_2009.pdf,pending,Namita-J,2026-08-05,Seminal T3 resilience source; high priority. CGIAR institutional access via Namita-J. | free PDF via researchgate [med]: https://www.researchgate.net/publication/225397178_Cuban_Home_Gardens_and_Their_Role_in_Social-Ecological_Resilience,true
fernandes_nair_chagga_homegardens_kilimanjaro_1984,agroforestry,homegardens_proximity,T3,Fernandes et al. (1984). The Chagga homegardens: a multistoried agroforestry cropping system on Mt. Kilimanjaro (Northern Tanzania). Agroforestry Systems.,10.1007/bf00131267,https://www.academia.edu/25922383/The_Chagga_homegardens_a_multistoried_agroforestry_cropping_system_on_Mt._Kilimanjaro_Northern_Tanzania_,oa,OA (websearch:academia/med),OA — browser/repository download (no institutional access needed),D591_Rural-Scan_NBS/2_Technical_&_Data/library/1_Agroforestry/fernandes_nair_chagga_homegardens_kilimanjaro_1984.pdf,pending,Namita-J,2026-08-05,Seminal structural reference; med T3 priority (microclimate buffering). | free PDF via academia [med]: https://www.academia.edu/25922383/The_Chagga_homegardens_a_multistoried_agroforestry_cropping_system_on_Mt._Kilimanjaro_Northern_Tanzania_,true
microclimate_regulation_rural_homegarden_2019,agroforestry,homegardens_proximity,T3,"Liu et al. (2019). Microclimate regulation efficiency of the rural homegarden agroforestry system in the Western Sichuan Plain, China. Journal of Mountain Science.",10.1007/s11629-018-5112-1,https://jms.imde.ac.cn/en/article/pdf/preview/10.1007/s11629-018-5112-1.pdf,oa,OA (websearch:publisher-OA/high),OA — browser/repository download (no institutional access needed),D591_Rural-Scan_NBS/2_Technical_&_Data/library/1_Agroforestry/microclimate_regulation_rural_homegarden_2019.pdf,pending,Namita-J,2026-08-05,Quantified microclimate/heat buffering - high-value validated metric for T3. CGIAR institutional access. | free PDF via publisher-OA [high]: https://jms.imde.ac.cn/en/article/pdf/preview/10.1007/s11629-018-5112-1.pdf,true
verchot_2007_adapt_mitigation_af,agroforestry,cross_family,T3,Verchot et al. (2007). Climate change: linking adaptation and mitigation through agroforestry. Mitigation and Adaptation Strategies for Global Change.,10.1007/s11027-007-9105-6,https://www.landscapealliance.org/publications/downloads/Publications/PDFS/ja07159.pdf,oa,OA (websearch:project-site/high),OA — browser/repository download (no institutional access needed),D591_Rural-Scan_NBS/2_Technical_&_Data/library/1_Agroforestry/verchot_2007_adapt_mitigation_af.pdf,pending,Namita-J,2026-08-05,Seminal cross-family T3 anchor (784 cites). Namita-J to acquire via CGIAR institutional access; upload to SharePoint library/agroforestry/ + set SRC.library_path. | free PDF via project-site [high]: https://www.landscapealliance.org/publications/downloads/Publications/PDFS/ja07159.pdf,true
lin_2007_microclimate_extremes,agroforestry,cross_family,T3,Lin (2007). Agroforestry management as an adaptive strategy against potential microclimate extremes in coffee agriculture. Agricultural and Forest Meteorology.,10.1016/j.agrformet.2006.12.009,https://doi.org/10.1016/j.agrformet.2006.12.009,paywalled,paywalled (Elsevier; OpenAlex is_oa=false),Institutional access via CGIAR library,D591_Rural-Scan_NBS/2_Technical_&_Data/library/1_Agroforestry/lin_2007_microclimate_extremes.pdf,pending,Namita-J,2026-08-05,"Core microclimate-buffering mechanism (453 cites). NOTE: case study is coffee-based - check at extraction that hazard-buffering claims are stated at cross-practice level, else route to shaded-perennial (F5) family, not cross_family. CGIAR institutional acquire. | possible free copy (LOW conf-verify): https://www.researchgate.net/publication/238371821_Agroforestry_management_as_an_adaptive_strategy_against_potential_microclimate_extremes_in_coffee_agriculture",true
pattanayak2003_af_adoption_stock,agroforestry,cross_family,T6,Pattanayak et al. (2003). Taking stock of agroforestry adoption studies. Agroforestry Systems.,10.1023/a:1024809108210,https://research.fs.usda.gov/treesearch/20297,oa,OA (websearch:usda-forestservice/high),OA — browser/repository download (no institutional access needed),D591_Rural-Scan_NBS/2_Technical_&_Data/library/1_Agroforestry/pattanayak2003_af_adoption_stock.pdf,pending,Namita-J,2026-08-05,Seminal cross-family adoption stocktake. CGIAR institutional access likely. Hand to Namita-J. | free PDF via usda-forestservice [high]: https://research.fs.usda.gov/treesearch/20297,true
destefano2018_af_soc_meta,agroforestry,cross_family,T6,De Stefano et al. (2017). Soil carbon sequestration in agroforestry systems: a meta-analysis. Agroforestry Systems.,10.1007/s10457-017-0147-9,https://www.researchgate.net/publication/320693130_Soil_carbon_sequestration_in_agroforestry_systems_a_meta-analysis,oa,OA (websearch:researchgate/med),OA — browser/repository download (no institutional access needed),D591_Rural-Scan_NBS/2_Technical_&_Data/library/1_Agroforestry/destefano2018_af_soc_meta.pdf,pending,Namita-J,2026-08-05,Quantitative cross-family SOC outcome effect sizes. Springer; CGIAR access. Hand to Namita-J. | free PDF via researchgate [med]: https://www.researchgate.net/publication/320693130_Soil_carbon_sequestration_in_agroforestry_systems_a_meta-analysis,true
wocat_slm_economics_giger2015,agroforestry,cross_family,T6,Giger et al. (2015). Economic Benefits and Costs of Sustainable Land Management Technologies: An Analysis of WOCAT's Global Data. Land Degradation &amp; Development.,10.1002/ldr.2429,https://doi.org/10.1002/ldr.2429,paywalled,paywalled,Institutional access via CGIAR library,D591_Rural-Scan_NBS/2_Technical_&_Data/library/1_Agroforestry/wocat_slm_economics_giger2015.pdf,pending,Namita-J,2026-08-05,"Peer-reviewed analysis of WOCAT global cost/benefit data (median establishment ~US$150/ha, BCR distribution) underpinning the open grey datasets. Wiley; CGIAR access. Hand to Namita-J. | web-searched 2026-08: no free copy (institutional); check ResearchGate manually.",true
nair1997_biophys_interactions,agroforestry,cross_family,T4,Rao et al. (1997). Biophysical interactions in tropical agroforestry systems. Agroforestry Systems.,10.1023/A:1005971525590,https://www.cifor-icraf.org/knowledge/publication/33842/,oa,OA (websearch:agency-CIFOR-ICRAF/med),OA — browser/repository download (no institutional access needed),D591_Rural-Scan_NBS/2_Technical_&_Data/library/1_Agroforestry/nair1997_biophys_interactions.pdf,pending,Namita-J,2026-08-05,Seminal cross-family biophysical envelope. Screened IN. Hand to Namita-J for CGIAR institutional access; cache PDF to .cache/corpus + upload to SharePoint library before extraction. | free PDF via agency-CIFOR-ICRAF [med]: https://www.cifor-icraf.org/knowledge/publication/33842/,true
anr_carbon_costeffective_2015,agroforestry,regeneration_farmland,T6,Evans et al. (2015). Carbon farming via assisted natural regeneration as a cost-effective mechanism for restoring biodiversity in agricultural landscapes. Environmental Science &amp; Policy.,10.1016/j.envsci.2015.02.003,https://www.researchgate.net/publication/273389245_Carbon_farming_via_assisted_natural_regeneration_as_a_cost-effective_mechanism_for_restoring_biodiversity_in_agricultural_landscapes,oa,OA (websearch:researchgate/med),OA — browser/repository download (no institutional access needed),D591_Rural-Scan_NBS/2_Technical_&_Data/library/1_Agroforestry/anr_carbon_costeffective_2015.pdf,pending,Namita-J,2026-08-05,F2 T6 ANR carbon cost-effectiveness (cost_per_tCO2e); screened-in stock | free PDF via researchgate [med]: https://www.researchgate.net/publication/273389245_Carbon_farming_via_assisted_natural_regeneration_as_a_cost-effective_mechanism_for_restoring_biodiversity_in_agricultural_landscapes,true
brazil_biomes_carbon_biodiv_meta_2023,forest_restoration,assisted_regeneration,T6,"Meta-analysis of carbon stocks and biodiversity outcomes across Brazilian restored biomes, Science of the Total Environment (2023), S0048969723061855",,https://papers.ssrn.com/sol3/papers.cfm?abstract_id=4510899,oa,OA (websearch:ssrn/med),OA — browser/repository download (no institutional access needed),D591_Rural-Scan_NBS/2_Technical_&_Data/library/2_ForestRestoration/brazil_biomes_carbon_biodiv_meta_2023.pdf,pending,Namita-J,2026-08-05,Screened IN for T6: carbon stock + biodiversity recovery outcomes across restoration approaches (incl. natural/assisted regeneration) in Brazilian biomes — LMIC. Hand to Namita-J for CGIAR institutional access; verify exact DOI on retrieval. Never propose the PDF into git — cache to .cache/corpus on | free PDF via ssrn [med]: https://papers.ssrn.com/sol3/papers.cfm?abstract_id=4510899 | DOI FAILED verification (title_mismatch); original DOI blanked — acquire by TITLE.,false
crouzeilles_2016_natregen_biodiversity_meta,forest_restoration,assisted_regeneration,T4,Latawiec et al. (2016). Natural regeneration and biodiversity: a global meta‐analysis and implications for spatial planning. Biotropica.,10.1111/btp.12386,https://doi.org/10.1111/btp.12386,paywalled,paywalled (Wiley/Biotropica; OpenAlex is_oa=false),Institutional access via CGIAR library,D591_Rural-Scan_NBS/2_Technical_&_Data/library/2_ForestRestoration/crouzeilles_2016_natregen_biodiversity_meta.pdf,pending,Namita-J,2026-08-05,High T4 value: global spatial-planning framing of natural regen. Hand to Namita-J for CGIAR institutional access; cache PDF to SharePoint library/forest_restoration/ before any extraction. | web-searched 2026-08: no free copy (institutional); check ResearchGate manually.,true
anr_automating_tropical_2016,forest_restoration,assisted_regeneration,T4,Elliott (2016). The potential for automating assisted natural regeneration of tropical forest ecosystems. Biotropica.,10.1111/btp.12387,https://cdn.forru.org/publication-files/forru-0000088-0001-en.pdf,oa,OA (websearch:agency/project-repo/high),OA — browser/repository download (no institutional access needed),D591_Rural-Scan_NBS/2_Technical_&_Data/library/2_ForestRestoration/anr_automating_tropical_2016.pdf,pending,Namita-J,2026-08-05,ANR practice + spatial site targeting. CGIAR institutional access via Namita-J. | free PDF via agency/project-repo [high]: https://cdn.forru.org/publication-files/forru-0000088-0001-en.pdf,true
landscape_regen_after_disturbance_2018,forest_restoration,assisted_regeneration,T4,Shive et al. (2018). From the stand scale to the landscape scale: predicting the spatial patterns of forest regeneration after disturbance. Ecological Applications.,10.1002/eap.1756,https://research.fs.usda.gov/download/treesearch/57074.pdf,oa,OA (websearch:agency/high),OA — browser/repository download (no institutional access needed),D591_Rural-Scan_NBS/2_Technical_&_Data/library/2_ForestRestoration/landscape_regen_after_disturbance_2018.pdf,pending,Namita-J,2026-08-05,Transferable distance-to-seed-source regen model; temperate (lower priority). Acquire only if tropical evidence saturates below cap. | free PDF via agency [high]: https://research.fs.usda.gov/download/treesearch/57074.pdf,true
shono_2007_anr_degraded_forestlands,forest_restoration,assisted_regeneration,T3,Shono et al. (2007). Application of Assisted Natural Regeneration to Restore Degraded Tropical Forestlands. Restoration Ecology.,10.1111/j.1526-100X.2007.00274.x,http://formad-environnement.org/RNA_Restoration-Ecology_Shono-et-al2007.pdf,oa,OA (websearch:project-site/high),OA — browser/repository download (no institutional access needed),D591_Rural-Scan_NBS/2_Technical_&_Data/library/2_ForestRestoration/shono_2007_anr_degraded_forestlands.pdf,pending,Namita-J,2026-08-05,Seminal ANR practice source; fire/grazing/logging suppression = core T3 hazard-barrier content. ResearchGate copy exists (227679376) but not a citable provenance source. Hand to Namita-J (CGIAR institutional access) -> SharePoint library/forest_restoration/ + set SRC.library_path. | free PDF via project-site [high]: http://formad-environnement.org/RNA_Restoration-Ecology_Shono-et-al2007.pdf,true
naturerev_2025_drivers_natural_regeneration,forest_restoration,assisted_regeneration,T3,Chazdon et al. (2025). Drivers and benefits of natural regeneration in tropical forests. Nature Reviews Biodiversity.,10.1038/s44358-025-00043-y,https://research.wur.nl/en/publications/drivers-and-benefits-of-natural-regeneration-in-tropical-forests,oa,OA (Unpaywall:repository),OA — browser/repository download (no institutional access needed),D591_Rural-Scan_NBS/2_Technical_&_Data/library/2_ForestRestoration/naturerev_2025_drivers_natural_regeneration.pdf,pending,Namita-J,2026-08-05,Recent review; climate/drought + disturbance drivers of regeneration potential. Namita-J CGIAR access -> library + library_path. | OA via Unpaywall (repository),true
williams_2024_natregen_potential_model,forest_restoration,assisted_regeneration,T3,Williams et al. (2024). Global potential for natural regeneration in deforested tropical regions. Nature.,10.1038/s41586-024-08106-4,https://pmc.ncbi.nlm.nih.gov/articles/PMC11618091/,oa,OA (websearch:publisher-OA/high),OA — browser/repository download (no institutional access needed),D591_Rural-Scan_NBS/2_Technical_&_Data/library/2_ForestRestoration/williams_2024_natregen_potential_model.pdf,pending,Namita-J,2026-08-05,Paper itself is OA via PMC (no PDF acquisition needed). Blocker is the MODEL CODE: 'available on request from hawthornebeyer@gmail.com' — needed for tool-style file:line + commit_sha evidencing of hardcoded predictors/thresholds. Data rasters already OA on Zenodo (record 7428804). Namita/Pete to req | free PDF via publisher-OA [high]: https://pmc.ncbi.nlm.nih.gov/articles/PMC11618091/,true
reforestation_planting_methods_2023,forest_restoration,active_planting,T6,"Reforestation success can be enhanced by improving tree planting methods. Journal of Environmental Management, 2023 (PubMed 36871451; PII S0301479723004334).",,https://researchers.cdu.edu.au/files/72716695/Preece_et_al_2023_JEnvMgt.pdf,oa,OA (websearch:university-repo/high),OA — browser/repository download (no institutional access needed),D591_Rural-Scan_NBS/2_Technical_&_Data/library/2_ForestRestoration/reforestation_planting_methods_2023.pdf,pending,Namita-J,2026-08-05,For Namita-J via CGIAR institutional access. Core T6 active-planting survival/success synthesis. DOI to be confirmed on retrieval (PubMed 36871451). | free PDF via university-repo [high]: https://researchers.cdu.edu.au/files/72716695/Preece_et_al_2023_JEnvMgt.pdf,
costeff_regen_vs_plantation_ncc_2024,forest_restoration,active_planting,T6,Busch et al. (2024). Cost-effectiveness of natural forest regeneration and plantations for climate mitigation. Nature Climate Change.,10.1038/s41558-024-02068-1,https://www.researchgate.net/publication/382526398_Cost-effectiveness_of_natural_forest_regeneration_and_plantations_for_climate_mitigation,oa,OA (websearch:researchgate/med),OA — browser/repository download (no institutional access needed),D591_Rural-Scan_NBS/2_Technical_&_Data/library/2_ForestRestoration/costeff_regen_vs_plantation_ncc_2024.pdf,pending,Namita-J,2026-08-05,For Namita-J via CGIAR institutional access. High-value T6 spatial cost_per_tCO2e comparing active planting vs natural regen; also informs F2/F3 split. | free PDF via researchgate [med]: https://www.researchgate.net/publication/382526398_Cost-effectiveness_of_natural_forest_regeneration_and_plantations_for_climate_mitigation,true
cdm_afforestation_land_suitability_2008,forest_restoration,active_planting,T4,"Zomer et al. (2008) Climate change mitigation: A spatial analysis of global land suitability for clean development mechanism afforestation and reforestation. Agriculture, Ecosystems & Environment.",,https://cgiarcsi.community/wp-content/uploads/2019/01/zomer-et-al-2008-a-spatial-analysis-of-global-land-suitability-for-clean-development-mechanism-affresotation-and-reforestation.pdf,oa,OA (websearch:agency/high),OA — browser/repository download (no institutional access needed),D591_Rural-Scan_NBS/2_Technical_&_Data/library/2_ForestRestoration/cdm_afforestation_land_suitability_2008.pdf,pending,Namita-J,2026-08-05,High priority. Resolve DOI via OpenAlex W2107620525 after budget reset. CGIAR institutional access likely. Core global T4 planting-suitability source. | free PDF via agency [high]: https://cgiarcsi.community/wp-content/uploads/2019/01/zomer-et-al-2008-a-spatial-analysis-of-global-land-suitability-for-clean-development-mechanism-affresotation-and-reforestation.pdf,
excessive_afforestation_arid_china_2010,forest_restoration,active_planting,T4,Cao et al. (2010) Excessive reliance on afforestation in China's arid and semi-arid regions: Lessons in ecological restoration. Earth-Science Reviews.,,https://openalex.org/W2067123747,paywalled,closed access (paywalled),Institutional access via CGIAR library,D591_Rural-Scan_NBS/2_Technical_&_Data/library/2_ForestRestoration/excessive_afforestation_arid_china_2010.pdf,pending,Namita-J,2026-08-05,Do-no-harm / dryland water-limit constraint evidence. Resolve DOI via OpenAlex ID. | web-searched 2026-08: no free copy (institutional); check ResearchGate manually.,
portfolio_theory_reforestation_climate_2008,forest_restoration,active_planting,T4,Crowe & Parker (2008) Using portfolio theory to guide reforestation and restoration under climate change scenarios. Climatic Change.,,https://rngr.net/publications/assisted-migration/using-portfolio-theory-to-guide-reforestation-and-restoration-under-climate-change-scenarios,oa,OA (websearch:agency/semanticscholar/high),OA — browser/repository download (no institutional access needed),D591_Rural-Scan_NBS/2_Technical_&_Data/library/2_ForestRestoration/portfolio_theory_reforestation_climate_2008.pdf,pending,Namita-J,2026-08-05,Species/site selection under climate uncertainty. Resolve DOI via OpenAlex ID. | free PDF via agency/semanticscholar [high]: https://rngr.net/publications/assisted-migration/using-portfolio-theory-to-guide-reforestation-and-restoration-under-climate-change-scenarios,
farmland_afforestation_hotspots_scotland_2007,forest_restoration,active_planting,T4,(2007) Mapping hotspots of multiple landscape functions: a case study on farmland afforestation in Scotland. Landscape Ecology.,,https://www.academia.edu/14539390/Mapping_hotspots_of_multiple_landscape_functions_a_case_study_on_farmland_afforestation_in_Scotland,oa,OA (websearch:academia/med),OA — browser/repository download (no institutional access needed),D591_Rural-Scan_NBS/2_Technical_&_Data/library/2_ForestRestoration/farmland_afforestation_hotspots_scotland_2007.pdf,pending,Namita-J,2026-08-05,Afforestation multi-criteria suitability mapping. Lower priority (temperate). Resolve DOI via OpenAlex ID. | free PDF via academia [med]: https://www.academia.edu/14539390/Mapping_hotspots_of_multiple_landscape_functions_a_case_study_on_farmland_afforestation_in_Scotland,
optimizing_afforestation_reforestation_degraded_2024,forest_restoration,active_planting,T4,(2024) Optimizing afforestation and reforestation strategies to enhance ecosystem services in critically degraded regions. (Elsevier).,,https://www.sciencedirect.com/science/article/pii/S2666719324002073,oa,OA (websearch:publisher-OA/high),OA — browser/repository download (no institutional access needed),D591_Rural-Scan_NBS/2_Technical_&_Data/library/2_ForestRestoration/optimizing_afforestation_reforestation_degraded_2024.pdf,pending,Namita-J,2026-08-05,Recent; degraded-land targeting. CGIAR/institutional access. DOI on article page. | free PDF via publisher-OA [high]: https://www.sciencedirect.com/science/article/pii/S2666719324002073,
large_seedling_survival_restorations_worldwide_2021,forest_restoration,active_planting,T3,Climate and species stress resistance modulate the higher survival of large seedlings in forest restorations worldwide (2021),,https://www.fs.usda.gov/rm/pubs_journals/2021/rmrs_2021_andivia_e001.pdf,oa,OA (websearch:agency/high),OA — browser/repository download (no institutional access needed),D591_Rural-Scan_NBS/2_Technical_&_Data/library/2_ForestRestoration/large_seedling_survival_restorations_worldwide_2021.pdf,pending,Namita-J,2026-08-05,"Global high-relevance stock pick. Search for OA/green copy first; if none, CGIAR institutional access. DOI to be resolved from PubMed. | free PDF via agency [high]: https://www.fs.usda.gov/rm/pubs_journals/2021/rmrs_2021_andivia_e001.pdf",
ecological_restoration_age_of_apocalypse_2023,forest_restoration,active_planting,T3,Svejcar et al. (2023). Ecological restoration in the age of apocalypse. Global Change Biology.,10.1111/gcb.16809,https://fwcs.oregonstate.edu/sites/agscid7/files/1094_ecological_restoration_in_the_age_of_apocalypse.pdf,oa,OA (websearch:university-repo/high),OA — browser/repository download (no institutional access needed),D591_Rural-Scan_NBS/2_Technical_&_Data/library/2_ForestRestoration/ecological_restoration_age_of_apocalypse_2023.pdf,pending,Namita-J,2026-08-05,High-relevance T3 hazard-to-establishment framing. CGIAR institutional (Wiley). | free PDF via university-repo [high]: https://fwcs.oregonstate.edu/sites/agscid7/files/1094_ecological_restoration_in_the_age_of_apocalypse.pdf,true
seedling_field_performance_hot_dry_restoration_2025,forest_restoration,active_planting,T3,"Grossnickle et al. (2026). Seedling field performance on hot, dry forest restoration sites: influence of plant attributes. New Forests.",10.1007/s11056-025-10140-7,https://link.springer.com/article/10.1007/s11056-025-10140-7,paywalled,paywall_springer,Institutional access via CGIAR library,D591_Rural-Scan_NBS/2_Technical_&_Data/library/2_ForestRestoration/seedling_field_performance_hot_dry_restoration_2025.pdf,pending,Namita-J,2026-08-05,Direct planted-seedling drought/heat survival. CGIAR institutional (Springer). | possible free copy (LOW conf-verify): https://www.researchgate.net/publication/400041254_Seedling_field_performance_on_hot_dry_forest_restoration_sites_influence_of_plant_attributes,true
reforestation_failure_project_scale_mediterranean_dryland_2021,forest_restoration,active_planting,T3,Assessing reforestation failure at the project scale ... a case study in a Mediterranean Dryland. Science of the Total Environment (2021),,https://www.sciencedirect.com/science/article/abs/pii/S0048969721040249,paywalled,paywall_elsevier,Institutional access via CGIAR library,D591_Rural-Scan_NBS/2_Technical_&_Data/library/2_ForestRestoration/reforestation_failure_project_scale_mediterranean_dryland_2021.pdf,pending,Namita-J,2026-08-05,Project-scale dryland reforestation failure. CGIAR institutional (Elsevier). Resolve DOI from ScienceDirect. | web-searched 2026-08: no free copy (institutional); check ResearchGate manually.,
iufro_stanturf_climate_adaptive_restoration_reforestation_guidelines,forest_restoration,active_planting,T3,"Stanturf et al., Guidelines for Climate Adaptive Forest Restoration and Reforestation Projects. IUFRO/Elsevier (book)",,https://www.iufro.org/publication/guidelines-for-climate-adaptive-forest-restoration-and-reforestation-projects,oa,OA (websearch:publisher-OA/med),OA — browser/repository download (no institutional access needed),D591_Rural-Scan_NBS/2_Technical_&_Data/library/2_ForestRestoration/iufro_stanturf_climate_adaptive_restoration_reforestation_guidelines.pdf,pending,Namita-J,2026-08-05,Book - may only be acquirable as chapter/summary; check IUFRO open version or library. Lower priority than the journal items. | free PDF via publisher-OA [med]: https://www.iufro.org/publication/guidelines-for-climate-adaptive-forest-restoration-and-reforestation-projects,
chazdon_guariguata_2016_natreg_flr,forest_restoration,passive_regeneration,T4,Chazdon et al. (2016). Natural regeneration in the context of large‐scale forest and landscape restoration in the tropics. Biotropica.,10.1111/btp.12409,https://partners-rcn.org/wp-content/uploads/2019/08/Chazdon-andUriarte-2016.pdf,oa,OA (websearch:project-site/high),OA — browser/repository download (no institutional access needed),D591_Rural-Scan_NBS/2_Technical_&_Data/library/2_ForestRestoration/chazdon_guariguata_2016_natreg_flr.pdf,pending,Namita-J,2026-08-05,Seminal T4 regeneration-potential synthesis. Hand to Namita-J for CGIAR institutional access. | free PDF via project-site [high]: https://partners-rcn.org/wp-content/uploads/2019/08/Chazdon-andUriarte-2016.pdf,true
strassburg_2020_global_priority_restoration,forest_restoration,passive_regeneration,T4,Strassburg et al. (2020). Global priority areas for ecosystem restoration. Nature.,10.1038/s41586-020-2784-9,https://edepot.wur.nl/535069,oa,OA (websearch:university-repo/high),OA — browser/repository download (no institutional access needed),D591_Rural-Scan_NBS/2_Technical_&_Data/library/2_ForestRestoration/strassburg_2020_global_priority_restoration.pdf,pending,Namita-J,2026-08-05,MCDA/opportunity-space method template. CGIAR access via Namita-J; check WUR/IIASA green-OA copy legitimacy. | free PDF via university-repo [high]: https://edepot.wur.nl/535069,true
poorter_2016_biomass_resilience_secondary,forest_restoration,passive_regeneration,T4,Poorter et al. (2016). Biomass resilience of Neotropical secondary forests. Nature.,10.1038/nature16512,http://www.iies.unam.mx/laboratorios/ecologia-manejo-bosques-tropicales/wp-content/uploads/2016/09/Poorter_et_al_2016-Nature-online.pdf,oa,OA (websearch:university-repo/high),OA — browser/repository download (no institutional access needed),D591_Rural-Scan_NBS/2_Technical_&_Data/library/2_ForestRestoration/poorter_2016_biomass_resilience_secondary.pdf,pending,Namita-J,2026-08-05,Biophysical recovery-rate gradient (water availability) for T4. CGIAR institutional access. | free PDF via university-repo [high]: http://www.iies.unam.mx/laboratorios/ecologia-manejo-bosques-tropicales/wp-content/uploads/2016/09/Poorter_et_al_2016-Nature-online.pdf,true
cookpatton_2020_regrowth_carbon_map,forest_restoration,passive_regeneration,T4,Cook-Patton et al. (2020). Mapping carbon accumulation potential from global natural forest regrowth. Nature.,10.1038/s41586-020-2686-x,https://escholarship.org/uc/item/09f6k3zb,oa,OA (websearch:university-repo/high),OA — browser/repository download (no institutional access needed),D591_Rural-Scan_NBS/2_Technical_&_Data/library/2_ForestRestoration/cookpatton_2020_regrowth_carbon_map.pdf,pending,Namita-J,2026-08-05,Prioritise acquiring the OA dataset + methods; article body via CGIAR access for the model spec. | free PDF via university-repo [high]: https://escholarship.org/uc/item/09f6k3zb,true
crouzeilles_2016_btp_nr_tool,forest_restoration,passive_regeneration,T6,Chazdon et al. (2016). Natural regeneration as a tool for large‐scale forest restoration in the tropics: prospects and challenges. Biotropica.,10.1111/btp.12381,https://cgspace.cgiar.org/items/be93ad69-4a1b-4ef3-9749-b35ae25ed448,oa,OA (websearch:agency-repo/med),OA — browser/repository download (no institutional access needed),D591_Rural-Scan_NBS/2_Technical_&_Data/library/2_ForestRestoration/crouzeilles_2016_btp_nr_tool.pdf,pending,Namita-J,2026-08-05,Hand to Namita-J for CGIAR institutional access. Most-cited passive-NR synthesis; needed for T6 outcome+cost saturation. Cache PDF to .cache/corpus + SharePoint library/forest_restoration/ before any extraction. | free PDF via agency-repo [med]: https://cgspace.cgiar.org/items/be93ad69-4a1b-4ef3-9749-b35ae25ed448,true
bukoski_2024_ncc_cost_effectiveness,forest_restoration,passive_regeneration,T6,Busch et al. (2024). Cost-effectiveness of natural forest regeneration and plantations for climate mitigation. Nature Climate Change.,10.1038/s41558-024-02068-1,https://www.researchgate.net/publication/382526398_Cost-effectiveness_of_natural_forest_regeneration_and_plantations_for_climate_mitigation,oa,OA (websearch:researchgate/med),OA — browser/repository download (no institutional access needed),D591_Rural-Scan_NBS/2_Technical_&_Data/library/2_ForestRestoration/bukoski_2024_ncc_cost_effectiveness.pdf,pending,Namita-J,2026-08-05,Hand to Namita-J (CGIAR). Primary cost_per_tCO2e evidence across 138 LMICs. A ResearchGate PDF and ScienceOpen record were seen in search - verify OA legality before caching; else institutional pull. | free PDF via researchgate [med]: https://www.researchgate.net/publication/382526398_Cost-effectiveness_of_natural_forest_regeneration_and_plantations_for_climate_mitigation,true
nat_rev_biodiv_nr_drivers,forest_restoration,passive_regeneration,T3,Chazdon et al. (2025). Drivers and benefits of natural regeneration in tropical forests. Nature Reviews Biodiversity.,10.1038/s44358-025-00043-y,https://research.wur.nl/en/publications/drivers-and-benefits-of-natural-regeneration-in-tropical-forests/,oa,OA (websearch:wur/med),OA — browser/repository download (no institutional access needed),D591_Rural-Scan_NBS/2_Technical_&_Data/library/2_ForestRestoration/nat_rev_biodiv_nr_drivers.pdf,pending,Namita-J,2026-08-05,Highest-value F1 T3 anchor (review of NR practice incl. resilience/benefit + climate-stress barriers). Hand to Namita-J for CGIAR institutional access; upload PDF to SharePoint library/forest_restoration/ and set SRC.library_path. DOI is inferred from OpenAlex slug — confirm on retrieval. | free PDF via wur [med]: https://research.wur.nl/en/publications/drivers-and-benefits-of-natural-regeneration-in-tropical-forests/,true
spruce_drought_succession,forest_restoration,passive_regeneration,T3,"Svobodová et al. (2019). Increased sensitivity to drought across successional stages in natural Norway spruce (Picea abies (L.) Karst.) forests of the Calimani Mountains, Romania. Trees.",10.1007/s00468-019-01862-1,https://www.academia.edu/113425782/Increased_sensitivity_to_drought_across_successional_stages_in_natural_Norway_spruce_Picea_abies_L_Karst_forests_of_the_Calimani_Mountains_Romania,oa,OA (websearch:academia/med),OA — browser/repository download (no institutional access needed),D591_Rural-Scan_NBS/2_Technical_&_Data/library/2_ForestRestoration/spruce_drought_succession.pdf,pending,Namita-J,2026-08-05,Drought vulnerability across natural successional stages. Temperate/single-genus — med weight. CGIAR institutional retrieval via Namita-J. | free PDF via academia [med]: https://www.academia.edu/113425782/Increased_sensitivity_to_drought_across_successional_stages_in_natural_Norway_spruce_Picea_abies_L_Karst_forests_of_the_Calimani_Mountains_Romania,true
sierra_planting_vs_natural_1978,forest_restoration,passive_regeneration,T3,Bock et al. (1978). A Comparison of Planting and Natural Succession After a Forest Fire in the Northern Sierra Nevada. The Journal of Applied Ecology.,10.2307/2402613,https://doi.org/10.2307/2402613,paywalled,"paywalled (JSTOR/Wiley); 1978, may need archive retrieval",Institutional access via CGIAR library,D591_Rural-Scan_NBS/2_Technical_&_Data/library/2_ForestRestoration/sierra_planting_vs_natural_1978.pdf,pending,Namita-J,2026-08-05,"Passive post-fire natural succession vs planting. Low priority (old, US) — only fetch if T3 fire-response corpus stays thin. | web-searched 2026-08: no free copy (institutional); check ResearchGate manually.",true
percolation_tanks_mar_south_india_2014,water_harvesting_conservation,runoff_catchment,T3,Massuel et al. (2014). Managed aquifer recharge in South India: What to expect from small percolation tanks in hard rock?. Journal of Hydrology.,10.1016/j.jhydrol.2014.02.062,https://hal.science/hal-01174963/,oa,OA (websearch:HAL/high),OA — browser/repository download (no institutional access needed),D591_Rural-Scan_NBS/2_Technical_&_Data/library/3_WaterHarvesting/percolation_tanks_mar_south_india_2014.pdf,pending,Namita-J,2026-08-05,"Namita-J CGIAR institutional access. High-priority T3 recharge/drought-buffering, LMIC India dryland. | free PDF via HAL [high]: https://hal.science/hal-01174963/",true
checkdam_runoff_sediment_semiarid_2014,water_harvesting_conservation,runoff_catchment,T3,"Polyakov et al. (2014). Effect of check dams on runoff, sediment yield, and retention on small semiarid watersheds. Journal of Soil and Water Conservation.",10.2489/jswc.69.5.414,https://doi.org/10.2489/jswc.69.5.414,paywalled,paywalled (JSWC / SWCS),Institutional access via CGIAR library,D591_Rural-Scan_NBS/2_Technical_&_Data/library/3_WaterHarvesting/checkdam_runoff_sediment_semiarid_2014.pdf,pending,Namita-J,2026-08-05,Namita-J CGIAR access. Semiarid erosion/siltation hazard buffering. | web-searched 2026-08: no free copy (institutional); check ResearchGate manually.,true
checkdams_runoff_sediment_loess_2019,water_harvesting_conservation,runoff_catchment,T3,Shi et al. (2019). Land-use changes and check dams reducing runoff and sediment yield on the Loess Plateau of China. Science of The Total Environment.,10.1016/j.scitotenv.2019.01.430,https://doi.org/10.1016/j.scitotenv.2019.01.430,paywalled,paywalled (Elsevier),Institutional access via CGIAR library,D591_Rural-Scan_NBS/2_Technical_&_Data/library/3_WaterHarvesting/checkdams_runoff_sediment_loess_2019.pdf,pending,Namita-J,2026-08-05,Namita-J CGIAR access. Verify siting content survives screening before extraction (may be pure attribution modelling). | web-searched 2026-08: no free copy (institutional); check ResearchGate manually.,true
recharge_dam_performance_arid_satellite_2023,water_harvesting_conservation,runoff_catchment,T3,"Arunakumaren et al. (2023). Assessment of recharge dam performance in arid regions based on satellite data, case study: Jalajil and Rawdah Dams. International Journal of Hydrology Science and Technology.",10.1504/ijhst.2023.10059786,https://doi.org/10.1504/ijhst.2023.10059786,paywalled,paywalled (Inderscience),Institutional access via CGIAR library,D591_Rural-Scan_NBS/2_Technical_&_Data/library/3_WaterHarvesting/recharge_dam_performance_arid_satellite_2023.pdf,pending,Namita-J,2026-08-05,Namita-J CGIAR access. Recharge-dam siltation/performance (hazard-to-structure). | web-searched 2026-08: no free copy (institutional); check ResearchGate manually.,true
sanddam_siting_guidelines_kenya_2020,water_harvesting_conservation,runoff_catchment,T3,Ngugi et al. (2020). Back to the drawing board: assessing siting guidelines for sand dams in Kenya. Sustainable Water Resources Management.,10.1007/s40899-020-00417-4,https://avrdc.org/download/project-support/v4pp/training-trainers/1-3-water-mgmt/Sand-dams_Kenya-1.pdf,oa,OA (websearch:project-site/high),OA — browser/repository download (no institutional access needed),D591_Rural-Scan_NBS/2_Technical_&_Data/library/3_WaterHarvesting/sanddam_siting_guidelines_kenya_2020.pdf,pending,Namita-J,2026-08-05,"Namita-J - prefer publisher PDF; ResearchGate copy is fallback (repo access, verify final version). | free PDF via project-site [high]: https://avrdc.org/download/project-support/v4pp/training-trainers/1-3-water-mgmt/Sand-dams_Kenya-1.pdf",true
khan_maharjan_2005_checkdam_syi_morphometric,water_harvesting_conservation,runoff_catchment,T4,Nooka Ratnam et al. (2005). Check dam positioning by prioritization of micro-watersheds using SYI model and morphometric analysis — Remote sensing and GIS perspective. Journal of the Indian Society of Remote Sensing.,10.1007/bf02989988,https://www.researchgate.net/publication/227252340_Check_dam_positioning_by_prioritization_of_micro-watersheds_using_SYI_model_and_morphometric_analysis_-_Remote_sensing_and_GIS_perspective,oa,OA (websearch:researchgate/med),OA — browser/repository download (no institutional access needed),D591_Rural-Scan_NBS/2_Technical_&_Data/library/3_WaterHarvesting/khan_maharjan_2005_checkdam_syi_morphometric.pdf,pending,Namita-J,2026-08-05,High priority seminal F3 morphometric check-dam siting. Namita-J via CGIAR institutional access. | free PDF via researchgate [med]: https://www.researchgate.net/publication/227252340_Check_dam_positioning_by_prioritization_of_micro-watersheds_using_SYI_model_and_morphometric_analysis_-_Remote_sensing_and_GIS_perspective,true
ammar_2016_mcda_wh_artificial_recharge_iran,water_harvesting_conservation,runoff_catchment,T4,Singh et al. (2017). Multi-criteria analysis and GIS modeling for identifying prospective water harvesting and artificial recharge sites for sustainable water supply. Journal of Cleaner Production.,10.1016/j.jclepro.2016.11.163,https://doi.org/10.1016/j.jclepro.2016.11.163,paywalled,"paywalled (Elsevier, closed)",Institutional access via CGIAR library,D591_Rural-Scan_NBS/2_Technical_&_Data/library/3_WaterHarvesting/ammar_2016_mcda_wh_artificial_recharge_iran.pdf,pending,Namita-J,2026-08-05,WH + artificial-recharge MCDA siting criteria. Namita-J CGIAR access. | web-searched 2026-08: no free copy (institutional); check ResearchGate manually.,true
mahmoud_2021_checkdam_suitability_topo_drainage_morocco,water_harvesting_conservation,runoff_catchment,T4,"Ettazarini (2021). GIS-based land suitability assessment for check dam site location, using topography and drainage information: a case study from Morocco. Environmental Earth Sciences.",10.1007/s12665-021-09881-3,https://doi.org/10.1007/s12665-021-09881-3,paywalled,"paywalled (Springer, closed)",Institutional access via CGIAR library,D591_Rural-Scan_NBS/2_Technical_&_Data/library/3_WaterHarvesting/mahmoud_2021_checkdam_suitability_topo_drainage_morocco.pdf,pending,Namita-J,2026-08-05,LMIC dryland check-dam siting; topography + drainage limiter. Namita-J CGIAR access. | web-searched 2026-08: no free copy (institutional); check ResearchGate manually.,true
singh_2019_fuzzy_wh_structure_rainfed,water_harvesting_conservation,runoff_catchment,T4,Vema et al. (2019). Fuzzy inference system for site suitability evaluation of water harvesting structures in rainfed regions. Agricultural Water Management.,10.1016/j.agwat.2019.03.028,https://doi.org/10.1016/j.agwat.2019.03.028,paywalled,"paywalled (Elsevier, closed)",Institutional access via CGIAR library,D591_Rural-Scan_NBS/2_Technical_&_Data/library/3_WaterHarvesting/singh_2019_fuzzy_wh_structure_rainfed.pdf,pending,Namita-J,2026-08-05,Fuzzy-membership suitability curves for WH structures; aligns with framework primitives. Namita-J CGIAR access. | web-searched 2026-08: no free copy (institutional); check ResearchGate manually.,true
percolation_tank_south_india_2014,water_harvesting_conservation,runoff_catchment,T6,Massuel et al. (2014). Managed aquifer recharge in South India: What to expect from small percolation tanks in hard rock?. Journal of Hydrology.,10.1016/j.jhydrol.2014.02.062,https://hal.science/hal-01174963/,oa,OA (websearch:HAL/high),OA — browser/repository download (no institutional access needed),D591_Rural-Scan_NBS/2_Technical_&_Data/library/3_WaterHarvesting/percolation_tank_south_india_2014.pdf,pending,Namita-J,2026-08-05,"CGIAR institutional access (Namita-J). High-value recharge-outcome anchor for percolation tanks, hard-rock India. | free PDF via HAL [high]: https://hal.science/hal-01174963/",true
sand_dam_ethiopia_climate_2013,water_harvesting_conservation,runoff_catchment,T6,Lasage et al. (2013). The role of small scale sand dams in securing water supply under climate change in Ethiopia. Mitigation and Adaptation Strategies for Global Change.,10.1007/s11027-013-9493-8,https://doi.org/10.1007/s11027-013-9493-8,paywalled,Springer paywall,Institutional access via CGIAR library,D591_Rural-Scan_NBS/2_Technical_&_Data/library/3_WaterHarvesting/sand_dam_ethiopia_climate_2013.pdf,pending,Namita-J,2026-08-05,"CGIAR institutional access (Namita-J). Sand-dam water-security outcome, dryland Ethiopia. | web-searched 2026-08: no free copy (institutional); check ResearchGate manually.",true
checkdam_recharge_rajasthan_farmers_2017,water_harvesting_conservation,runoff_catchment,T6,"Dashora et al. (2017). A simple method using farmers’ measurements applied to estimate check dam recharge in Rajasthan, India. Sustainable Water Resources Management.",10.1007/s40899-017-0185-5,https://recharge.iah.org/files/2018/09/2018-p301-316-Dashora-et-al.pdf,oa,OA (websearch:agency/high),OA — browser/repository download (no institutional access needed),D591_Rural-Scan_NBS/2_Technical_&_Data/library/3_WaterHarvesting/checkdam_recharge_rajasthan_farmers_2017.pdf,pending,Namita-J,2026-08-05,"CGIAR institutional access (Namita-J). Per-structure recharge-volume quantification, dryland India. | free PDF via agency [high]: https://recharge.iah.org/files/2018/09/2018-p301-316-Dashora-et-al.pdf",true
farm_pond_design_yield_2020,water_harvesting_conservation,runoff_catchment,T6,Vico et al. (2020). Designing on-farm irrigation ponds for high and stable yield for different climates and risk-coping attitudes. Journal of Hydrology.,10.1016/j.jhydrol.2020.124634,https://publications.slu.se/?file=publ/show&id=105248,oa,OA (websearch:university-repo/med),OA — browser/repository download (no institutional access needed),D591_Rural-Scan_NBS/2_Technical_&_Data/library/3_WaterHarvesting/farm_pond_design_yield_2020.pdf,pending,Namita-J,2026-08-05,CGIAR institutional access (Namita-J). Farm-pond design->yield/risk outcome; medium priority. | free PDF via university-repo [med]: https://publications.slu.se/?file=publ/show&id=105248,true
boers_1986_mcwh_arid,water_harvesting_conservation,micro_catchment,T4|T3,Boers et al. (1986). Micro-Catchment-Water-Harvesting (MCWH) for arid zone development. Agricultural Water Management.,10.1016/0378-3774(86)90003-x,https://doi.org/10.1016/0378-3774(86)90003-x,paywalled,"paywalled (Elsevier, closed)",Institutional access via CGIAR library,D591_Rural-Scan_NBS/2_Technical_&_Data/library/3_WaterHarvesting/boers_1986_mcwh_arid.pdf,pending,Namita-J,2026-08-05,CGIAR institutional access. Foundational MCWH design/ratio source for F2 T4. | web-searched 2026-08: no free copy (institutional); check ResearchGate manually.,true
boers_1986_linreg_soilwater_design,water_harvesting_conservation,micro_catchment,T4,Boers et al. (1986). A linear regression model combined with a soil water balance model to design micro-catchments for water harvesting in arid zones. Agricultural Water Management.,10.1016/0378-3774(86)90038-7,https://doi.org/10.1016/0378-3774(86)90038-7,paywalled,"paywalled (Elsevier, closed)",Institutional access via CGIAR library,D591_Rural-Scan_NBS/2_Technical_&_Data/library/3_WaterHarvesting/boers_1986_linreg_soilwater_design.pdf,pending,Namita-J,2026-08-05,CGIAR institutional access. Micro-catchment sizing/ratio + soil-water-balance. | web-searched 2026-08: no free copy (institutional); check ResearchGate manually.,true
prinz_2004_microcatchment_swc,water_harvesting_conservation,micro_catchment,T4,Schiettecatte et al. (2005). Impact of water harvesting techniques on soil and water conservation: a case study on a micro catchment in southeastern Tunisia. Journal of Arid Environments.,10.1016/j.jaridenv.2004.09.022,https://doi.org/10.1016/j.jaridenv.2004.09.022,paywalled,"paywalled (Elsevier, closed)",Institutional access via CGIAR library,D591_Rural-Scan_NBS/2_Technical_&_Data/library/3_WaterHarvesting/prinz_2004_microcatchment_swc.pdf,pending,Namita-J,2026-08-05,CGIAR institutional access. Micro-catchment WH slope/soil/runoff case study. | web-searched 2026-08: no free copy (institutional); check ResearchGate manually.,true
mahmoud_2016_mcda_gis_wh_recharge,water_harvesting_conservation,micro_catchment,T4,Singh et al. (2017). Multi-criteria analysis and GIS modeling for identifying prospective water harvesting and artificial recharge sites for sustainable water supply. Journal of Cleaner Production.,10.1016/j.jclepro.2016.11.163,https://doi.org/10.1016/j.jclepro.2016.11.163,paywalled,"paywalled (Elsevier, closed)",Institutional access via CGIAR library,D591_Rural-Scan_NBS/2_Technical_&_Data/library/3_WaterHarvesting/mahmoud_2016_mcda_gis_wh_recharge.pdf,pending,Namita-J,2026-08-05,CGIAR institutional access. High-cite GIS-MCDA WH siting criteria + weights. | web-searched 2026-08: no free copy (institutional); check ResearchGate manually.,true
fuzzy_ahp_2017_wh_zones,water_harvesting_conservation,micro_catchment,T4,"Al-Abadi et al. (2017). A GIS-Based Integrated Fuzzy Logic and Analytic Hierarchy Process Model for Assessing Water-Harvesting Zones in Northeastern Maysan Governorate, Iraq. Arabian Journal for Science and Engineering.",10.1007/s13369-017-2487-1,https://www.academia.edu/39628692/A_GIS_Based_Integrated_Fuzzy_Logic_and_Analytic_Hierarchy_Process_Model_for_Assessing_Water_Harvesting_Zones_in_Northeastern_Maysan_Governorate_Iraq,oa,OA (websearch:academia/med),OA — browser/repository download (no institutional access needed),D591_Rural-Scan_NBS/2_Technical_&_Data/library/3_WaterHarvesting/fuzzy_ahp_2017_wh_zones.pdf,pending,Namita-J,2026-08-05,CGIAR institutional access. Fuzzy-membership + AHP weights (aligns with framework primitives). | free PDF via academia [med]: https://www.academia.edu/39628692/A_GIS_Based_Integrated_Fuzzy_Logic_and_Analytic_Hierarchy_Process_Model_for_Assessing_Water_Harvesting_Zones_in_Northeastern_Maysan_Governorate_Iraq,true
schiettecatte_2004_microcatchment_swc,water_harvesting_conservation,micro_catchment,T3,Schiettecatte et al. (2005). Impact of water harvesting techniques on soil and water conservation: a case study on a micro catchment in southeastern Tunisia. Journal of Arid Environments.,10.1016/j.jaridenv.2004.09.022,https://doi.org/10.1016/j.jaridenv.2004.09.022,paywalled,paywalled (Elsevier),Institutional access via CGIAR library,D591_Rural-Scan_NBS/2_Technical_&_Data/library/3_WaterHarvesting/schiettecatte_2004_microcatchment_swc.pdf,pending,Namita-J,2026-08-05,Micro-catchment SWC + siltation/erosion. CGIAR institutional access. | web-searched 2026-08: no free copy (institutional); check ResearchGate manually.,true
qiwang_2007_microwh_ridge_furrow,water_harvesting_conservation,micro_catchment,T3,"Wang et al. (2007). Runoff Efficiency and the Technique of Micro-water Harvesting with Ridges and Furrows, for Potato Production in Semi-arid Areas. Water Resources Management.",10.1007/s11269-007-9235-3,http://ir.lzu.edu.cn/handle/262010/114630,oa,OA (Unpaywall:repository),OA — browser/repository download (no institutional access needed),D591_Rural-Scan_NBS/2_Technical_&_Data/library/3_WaterHarvesting/qiwang_2007_microwh_ridge_furrow.pdf,pending,Namita-J,2026-08-05,Check for green-OA/repository copy before institutional request. | OA via Unpaywall (repository),true
dewinnaar_2007_gis_runoff_thukela,water_harvesting_conservation,micro_catchment,T3,"de Winnaar et al. (2007). A GIS-based approach for identifying potential runoff harvesting sites in the Thukela River basin, South Africa. Physics and Chemistry of the Earth, Parts A/B/C.",10.1016/j.pce.2007.07.009,https://doi.org/10.1016/j.pce.2007.07.009,paywalled,paywalled (Elsevier),Institutional access via CGIAR library,D591_Rural-Scan_NBS/2_Technical_&_Data/library/3_WaterHarvesting/dewinnaar_2007_gis_runoff_thukela.pdf,pending,Namita-J,2026-08-05,T3/T4-border runoff-harvesting siting. CGIAR institutional access. | web-searched 2026-08: no free copy (institutional); check ResearchGate manually.,true
karimi_2019_runoff_map_rwh_zones,water_harvesting_conservation,micro_catchment,T3,Karimi et al. (2019). Integrating runoff map of a spatially distributed model and thematic layers for identifying potential rainwater harvesting suitability sites using GIS techniques. Geocarto International.,10.1080/10106049.2019.1608590,https://doi.org/10.1080/10106049.2019.1608590,paywalled,paywalled (Taylor & Francis),Institutional access via CGIAR library,D591_Rural-Scan_NBS/2_Technical_&_Data/library/3_WaterHarvesting/karimi_2019_runoff_map_rwh_zones.pdf,pending,Namita-J,2026-08-05,Runoff-driven RWH siting. CGIAR institutional access. | web-searched 2026-08: no free copy (institutional); check ResearchGate manually.,true
turkey_ridgefurrow_redpepper_2021,water_harvesting_conservation,micro_catchment,T6,Yildirim et al. (2022). The effect of mulched ridge and furrow micro catchment water harvesting on red pepper yield and quality features in Bafra Plain of Northern Turkey. Agricultural Water Management.,10.1016/j.agwat.2021.107305,https://doi.org/10.1016/j.agwat.2021.107305,paywalled,Elsevier paywall - no OA copy found.,Institutional access via CGIAR library,D591_Rural-Scan_NBS/2_Technical_&_Data/library/3_WaterHarvesting/turkey_ridgefurrow_redpepper_2021.pdf,pending,Namita-J,2026-08-05,Namita-J via CGIAR institutional (ScienceDirect). High-value T6 micro-catchment WH yield datum. | web-searched 2026-08: no free copy (institutional); check ResearchGate manually.,true
ethiopia_eshewa_microcatchment_adoption_2020,water_harvesting_conservation,micro_catchment,T6,"Farmers' Perceptions and Adoption of Micro Catchments for Improved Establishment of Agroforestry Trees in East Shewa Zone, Ethiopia (2020).",,https://openalex.org/W3129354866,paywalled,No DOI in OpenAlex; publisher/host unresolved - likely paywalled or repository-hosted.,Institutional access via CGIAR library,D591_Rural-Scan_NBS/2_Technical_&_Data/library/3_WaterHarvesting/ethiopia_eshewa_microcatchment_adoption_2020.pdf,pending,Namita-J,2026-08-05,"Namita-J: resolve host via OpenAlex primary_location, then CGIAR access or OA copy. Strong LMIC adoption/dis-adoption T6 source. | web-searched 2026-08: no free copy (institutional); check ResearchGate manually.",
microcatchment_rehab_soil_microbial_2021,water_harvesting_conservation,micro_catchment,T6,"Tatsumi et al. (2021). Micro-catchment water harvesting-based rehabilitation ameliorated soil microbial abundance, diversity and function in a degraded dryland. Applied Soil Ecology.",10.1016/j.apsoil.2021.103938,https://repo.mel.cgiar.org/items/2fe31d3d-ff79-433d-bbf5-325bf3e03592,oa,OA (websearch:agency-CGIAR-MEL/med),OA — browser/repository download (no institutional access needed),D591_Rural-Scan_NBS/2_Technical_&_Data/library/3_WaterHarvesting/microcatchment_rehab_soil_microbial_2021.pdf,pending,Namita-J,2026-08-05,"Namita-J via CGIAR. Borderline T6 (soil-function/rehab outcome, not yield/cost) - acquire only if T6 soil-moisture/recharge rows are thin after core set. | free PDF via agency-CGIAR-MEL [med]: https://repo.mel.cgiar.org/items/2fe31d3d-ff79-433d-bbf5-325bf3e03592",true
terracing_water_erosion_metaanalysis_china_2017,water_harvesting_conservation,terracing,T3,Chen et al. (2017). Effects of terracing practices on water erosion control in China: A meta-analysis. Earth-Science Reviews.,10.1016/j.earscirev.2017.08.007,https://doi.org/10.1016/j.earscirev.2017.08.007,paywalled,"paywalled (Elsevier, closed access)",Institutional access via CGIAR library,D591_Rural-Scan_NBS/2_Technical_&_Data/library/3_WaterHarvesting/terracing_water_erosion_metaanalysis_china_2017.pdf,pending,Namita-J,2026-08-05,High-tier meta-analysis of terracing erosion-hazard control - anchor synthesis for T3. Namita-J via CGIAR institutional access. | web-searched 2026-08: no free copy (institutional); check ResearchGate manually.,true
terrace_soilmoisture_metaanalysis_china_2019,water_harvesting_conservation,terracing,T3,Chen et al. (2020). How can terracing impact on soil moisture variation in China? A meta-analysis. Agricultural Water Management.,10.1016/j.agwat.2019.105849,https://doi.org/10.1016/j.agwat.2019.105849,paywalled,"paywalled (Elsevier, closed access)",Institutional access via CGIAR library,D591_Rural-Scan_NBS/2_Technical_&_Data/library/3_WaterHarvesting/terrace_soilmoisture_metaanalysis_china_2019.pdf,pending,Namita-J,2026-08-05,Meta-analysis of terrace -> soil-moisture / drought-buffering magnitude. Namita-J via CGIAR institutional. | web-searched 2026-08: no free copy (institutional); check ResearchGate manually.,true
terraces_mitigate_2015_drought_ethiopia_2018,water_harvesting_conservation,terracing,T3,(2018) Soil water management practices (terraces) helped to mitigate the 2015 drought in Ethiopia. Agricultural Water Management.,,https://pmc.ncbi.nlm.nih.gov/articles/PMC5985715/,oa,OA (websearch:publisher-OA/PMC/high),OA — browser/repository download (no institutional access needed),D591_Rural-Scan_NBS/2_Technical_&_Data/library/3_WaterHarvesting/terraces_mitigate_2015_drought_ethiopia_2018.pdf,pending,Namita-J,2026-08-05,"Top T3 drought-buffering pick, LMIC dryland. Check hybrid free version first; queue institutional as fallback. Namita-J. | free PDF via publisher-OA/PMC [high]: https://pmc.ncbi.nlm.nih.gov/articles/PMC5985715/ | DOI FAILED verification (doi_unresolved); original DOI blanked — acquire by TITLE.",false
terrace_failure_connectivity_runoff_semiarid_2009,water_harvesting_conservation,terracing,T3,Meerkerk et al. (2009). Application of connectivity theory to model the impact of terrace failure on runoff in semi‐arid catchments. Hydrological Processes.,10.1002/hyp.7376,https://doi.org/10.1002/hyp.7376,paywalled,"paywalled (Wiley, closed access)",Institutional access via CGIAR library,D591_Rural-Scan_NBS/2_Technical_&_Data/library/3_WaterHarvesting/terrace_failure_connectivity_runoff_semiarid_2009.pdf,pending,Namita-J,2026-08-05,Hazard-to-structure (terrace failure) evidence for T3 failure-risk side. Namita-J via CGIAR institutional. | web-searched 2026-08: no free copy (institutional); check ResearchGate manually.,true
runoff_soilloss_rainfed_terraces_nepal_2003,water_harvesting_conservation,terracing,T3,Gardner et al. (2003). Runoff and soil erosion on cultivated rainfed terraces in the Middle Hills of Nepal. Applied Geography.,10.1016/s0143-6228(02)00069-3,https://doi.org/10.1016/s0143-6228(02)00069-3,paywalled,"paywalled (Elsevier, closed access)",Institutional access via CGIAR library,D591_Rural-Scan_NBS/2_Technical_&_Data/library/3_WaterHarvesting/runoff_soilloss_rainfed_terraces_nepal_2003.pdf,pending,Namita-J,2026-08-05,LMIC (Nepal) rainfed-terrace runoff/erosion; med relevance. Lower priority. Namita-J. | web-searched 2026-08: no free copy (institutional); check ResearchGate manually.,true
stone_terraces_tigray_yield_profit_1999,water_harvesting_conservation,terracing,T6,"Gebremedhin et al. (1999). Effects of stone terraces on crop yields and farm profitability: Results of on-farm research in Tigray, northern Ethiopia. Journal of Soil and Water Conservation.",10.1080/00224561.1999.12457282,https://doi.org/10.1080/00224561.1999.12457282,paywalled,paywalled (Taylor & Francis / JSWC),Institutional access via CGIAR library,D591_Rural-Scan_NBS/2_Technical_&_Data/library/3_WaterHarvesting/stone_terraces_tigray_yield_profit_1999.pdf,pending,Namita-J,2026-08-05,Namita-J via CGIAR institutional access. High-value T6 yield+profitability on-farm dataset for stone terraces. | web-searched 2026-08: no free copy (institutional); check ResearchGate manually.,true
stone_bund_terraces_yield_swethiopia_2021,water_harvesting_conservation,terracing,T6,Wolka et al. (2021). Spatial variation in soil properties and crop yield on stone bund terraces in southwest Ethiopia. Soil Use and Management.,10.1111/sum.12777,https://oar.icrisat.org/12993/1/Soil%20Use%20Manage_38_1736-1748_2022.pdf,oa,OA (websearch:agency-repo/high),OA — browser/repository download (no institutional access needed),D591_Rural-Scan_NBS/2_Technical_&_Data/library/3_WaterHarvesting/stone_bund_terraces_yield_swethiopia_2021.pdf,pending,Namita-J,2026-08-05,Namita-J via CGIAR access. Yield + soil-moisture across terrace positions; complements OA Gumara 2020. | free PDF via agency-repo [high]: https://oar.icrisat.org/12993/1/Soil%20Use%20Manage_38_1736-1748_2022.pdf,true
swc_terraces_potato_yields_2019,water_harvesting_conservation,terracing,T6,Liang et al. (2019). Estimated potential impacts of soil and water conservation terraces on potato yields under different climate conditions. Journal of Soil and Water Conservation.,10.2489/jswc.74.3.225,https://doi.org/10.2489/jswc.74.3.225,paywalled,paywalled (SWCS/Taylor & Francis),Institutional access via CGIAR library,D591_Rural-Scan_NBS/2_Technical_&_Data/library/3_WaterHarvesting/swc_terraces_potato_yields_2019.pdf,pending,Namita-J,2026-08-05,Namita-J via CGIAR access. Modelled yield impacts — lower priority; acquire only if OA candidates under-cover the crop-water-availability angle. | web-searched 2026-08: no free copy (institutional); check ResearchGate manually.,true
dahlke_2012_terrace_soils_yemen_suitability,water_harvesting_conservation,terracing,T4,"Pietsch et al. (2012). Terrace soils in the Yemen Highlands: Using physical, chemical and radiometric data to assess their suitability for agriculture and their vulnerability to degradation. Geoderma.",10.1016/j.geoderma.2012.03.027,https://edoc.unibas.ch/entities/publication/ce47457e-51ec-420f-bfc2-29d513ab3dae,oa,OA (websearch:university-repo/med),OA — browser/repository download (no institutional access needed),D591_Rural-Scan_NBS/2_Technical_&_Data/library/3_WaterHarvesting/dahlke_2012_terrace_soils_yemen_suitability.pdf,pending,Namita-J,2026-08-05,"Screened-in high-relevance terrace soil-suitability (depth/texture/WHC), MENA dryland. Namita-J retrieve via CGIAR institutional access; upload PDF to SharePoint library/water_harvesting/ and set SRC.library_path. | free PDF via university-repo [med]: https://edoc.unibas.ch/entities/publication/ce47457e-51ec-420f-bfc2-29d513ab3dae",true
beckers_2019_runoff_terraced_wadi_gis,water_harvesting_conservation,terracing,T4,Bruins et al. (2019). GIS-based hydrological modelling to assess runoff yields in ancient-agricultural terraced wadi fields (central Negev desert). Journal of Arid Environments.,10.1016/j.jaridenv.2019.02.010,https://doi.org/10.1016/j.jaridenv.2019.02.010,paywalled,Elsevier paywall (closed access),Institutional access via CGIAR library,D591_Rural-Scan_NBS/2_Technical_&_Data/library/3_WaterHarvesting/beckers_2019_runoff_terraced_wadi_gis.pdf,pending,Namita-J,2026-08-05,Screened-in: GIS runoff-yield siting of terraced wadi WH fields (drylands). Namita-J CGIAR institutional access; SharePoint upload + SRC.library_path. | web-searched 2026-08: no free copy (institutional); check ResearchGate manually.,true
wh_insitu_rwh_landscape_africa_2009,water_harvesting_conservation,in_situ,T3,"Vohland et al. (2009). A review of in situ rainwater harvesting (RWH) practices modifying landscape functions in African drylands. Agriculture, Ecosystems &amp; Environment.",10.1016/j.agee.2009.01.010,https://cgspace.cgiar.org/items/2851dd53-6c1a-4ebb-9c27-9713f434af3a,oa,OA (websearch:cgiar-cgspace/high),OA — browser/repository download (no institutional access needed),D591_Rural-Scan_NBS/2_Technical_&_Data/library/3_WaterHarvesting/wh_insitu_rwh_landscape_africa_2009.pdf,pending,Namita-J,2026-08-05,High-priority T3 review; Namita-J via CGIAR institutional access. | free PDF via cgiar-cgspace [high]: https://cgspace.cgiar.org/items/2851dd53-6c1a-4ebb-9c27-9713f434af3a,true
wh_insitu_arid_suitability_method_2014,water_harvesting_conservation,in_situ,T3,Oweis T. et al. / de Winnaar (2014). The potential of in situ rainwater harvesting in arid regions: developing a methodology to identify suitable areas.,,https://openalex.org/W2000960672,paywalled,paywalled (closed access); DOI to confirm on retrieval,Institutional access via CGIAR library,D591_Rural-Scan_NBS/2_Technical_&_Data/library/3_WaterHarvesting/wh_insitu_arid_suitability_method_2014.pdf,pending,Namita-J,2026-08-05,Suitability-siting method + T3 aridity context; CGIAR institutional access. | web-searched 2026-08: no free copy (institutional); check ResearchGate manually.,
wh_insitu_tied_ridge_yield_stability_2017,water_harvesting_conservation,in_situ,T3,"(2017). Minimum tillage, tied ridging and mulching for better maize yield and yield stability in the Central Highlands.",,https://openalex.org/W2624799388,paywalled,paywalled (closed access),Institutional access via CGIAR library,D591_Rural-Scan_NBS/2_Technical_&_Data/library/3_WaterHarvesting/wh_insitu_tied_ridge_yield_stability_2017.pdf,pending,Namita-J,2026-08-05,89 cites; yield-stability-under-variability = T3. Screened-in but paywalled; CGIAR access. | web-searched 2026-08: no free copy (institutional); check ResearchGate manually.,
swc_adoption_impact_switching_ethiopia_2013,water_harvesting_conservation,in_situ,T6,Abdulai et al. (2013). The Adoption and Impact of Soil and Water Conservation Technology: An Endogenous Switching Regression Application. Land Economics.,10.3368/le.90.1.26,https://doi.org/10.3368/le.90.1.26,paywalled,paywalled (Land Economics / UW Press),Institutional access via CGIAR library,D591_Rural-Scan_NBS/2_Technical_&_Data/library/3_WaterHarvesting/swc_adoption_impact_switching_ethiopia_2013.pdf,pending,Namita-J,2026-08-05,Top-cited T6 adoption+yield-impact anchor (Ethiopia). CGIAR institutional access via Namita-J. | web-searched 2026-08: no free copy (institutional); check ResearchGate manually.,true
kassie_csa_adoption_drylands_2016,water_harvesting_conservation,in_situ,T6,Kpadonou et al. (2017). Advancing climate-smart-agriculture in developing drylands: Joint analysis of the adoption of multiple on-farm soil and water conservation technologies in West African Sahel. Land Use Policy.,10.1016/j.landusepol.2016.10.050,https://www.sciencedirect.com/science/article/am/pii/S0264837716300187,oa,OA (websearch:publisher-OA/high),OA — browser/repository download (no institutional access needed),D591_Rural-Scan_NBS/2_Technical_&_Data/library/3_WaterHarvesting/kassie_csa_adoption_drylands_2016.pdf,pending,Namita-J,2026-08-05,Dryland multi-practice SWC adoption. CGIAR institutional access. | free PDF via publisher-OA [high]: https://www.sciencedirect.com/science/article/am/pii/S0264837716300187,true
swc_yield_runoff_soilloss_ssa_meta_2018,water_harvesting_conservation,in_situ,T6,"Wolka et al. (2018). Effects of soil and water conservation techniques on crop yield, runoff and soil loss in Sub-Saharan Africa: A review. Agricultural Water Management.",10.1016/j.agwat.2018.05.016,https://doi.org/10.1016/j.agwat.2018.05.016,paywalled,paywalled (Elsevier),Institutional access via CGIAR library,D591_Rural-Scan_NBS/2_Technical_&_Data/library/3_WaterHarvesting/swc_yield_runoff_soilloss_ssa_meta_2018.pdf,pending,Namita-J,2026-08-05,SSA SWC yield/runoff meta-analysis - high-value T6. Check for OA green copy; else CGIAR access. | web-searched 2026-08: no free copy (institutional); check ResearchGate manually.,true
swc_adoption_burkina_faso_2004,water_harvesting_conservation,in_situ,T6,Sidibé (2005). Farm-level adoption of soil and water conservation techniques in northern Burkina Faso. Agricultural Water Management.,10.1016/j.agwat.2004.09.002,https://www.academia.edu/34734056/Farm_level_adoption_of_soil_and_water_conservation_techniques_in_northern_Burkina_Faso,oa,OA (websearch:academia/med),OA — browser/repository download (no institutional access needed),D591_Rural-Scan_NBS/2_Technical_&_Data/library/3_WaterHarvesting/swc_adoption_burkina_faso_2004.pdf,pending,Namita-J,2026-08-05,Seminal Sahel adoption study. CGIAR institutional access. | free PDF via academia [med]: https://www.academia.edu/34734056/Farm_level_adoption_of_soil_and_water_conservation_techniques_in_northern_Burkina_Faso,true
nyamadzawo_contour_ridges_zimbabwe_2013,water_harvesting_conservation,in_situ,T6,"Assessing crop yield benefits from in situ rainwater harvesting through contour ridges in semi-arid Zimbabwe. Physics and Chemistry of the Earth, 2013.",,https://www.sciencedirect.com/science/article/abs/pii/S1474706513001253,paywalled,paywalled (Elsevier),Institutional access via CGIAR library,D591_Rural-Scan_NBS/2_Technical_&_Data/library/3_WaterHarvesting/nyamadzawo_contour_ridges_zimbabwe_2013.pdf,pending,Namita-J,2026-08-05,"In-situ contour ridges yield benefit, LMIC dryland. DOI to confirm on acquire. | web-searched 2026-08: no free copy (institutional); check ResearchGate manually. | DOI FAILED verification (title_mismatch); original DOI blanked — acquire by TITLE.",false
conservation_tillage_maize_global_meta_2022,water_harvesting_conservation,in_situ,T6,Zhang et al. (2022). Conservation tillage or plastic film mulching? A comprehensive global meta-analysis based on maize yield and nitrogen use efficiency. Science of The Total Environment.,10.1016/j.scitotenv.2022.154869,https://doi.org/10.1016/j.scitotenv.2022.154869,paywalled,paywalled (Elsevier),Institutional access via CGIAR library,D591_Rural-Scan_NBS/2_Technical_&_Data/library/3_WaterHarvesting/conservation_tillage_maize_global_meta_2022.pdf,pending,Namita-J,2026-08-05,Global tillage yield meta. Med relevance (geography-mixed). Lower acquisition priority. | web-searched 2026-08: no free copy (institutional); check ResearchGate manually.,true
conservation_tillage_semiarid_loess_wue_2020,water_harvesting_conservation,in_situ,T6,Peng et al. (2020). Conservation tillage increases yield and precipitation use efficiency of wheat on the semi-arid Loess Plateau of China. Agricultural Water Management.,10.1016/j.agwat.2020.106024,https://doi.org/10.1016/j.agwat.2020.106024,paywalled,paywalled (Elsevier),Institutional access via CGIAR library,D591_Rural-Scan_NBS/2_Technical_&_Data/library/3_WaterHarvesting/conservation_tillage_semiarid_loess_wue_2020.pdf,pending,Namita-J,2026-08-05,Semi-arid in-situ tillage yield+WUE. Med relevance (China-temperate). Lower priority. | web-searched 2026-08: no free copy (institutional); check ResearchGate manually.,true
wolka2018_swc_ssa_meta,water_harvesting_conservation,in_situ,T4,"Wolka et al. (2018). Effects of soil and water conservation techniques on crop yield, runoff and soil loss in Sub-Saharan Africa: A review. Agricultural Water Management.",10.1016/j.agwat.2018.05.016,https://doi.org/10.1016/j.agwat.2018.05.016,paywalled,Elsevier paywall (closed access),Institutional access via CGIAR library,D591_Rural-Scan_NBS/2_Technical_&_Data/library/3_WaterHarvesting/wolka2018_swc_ssa_meta.pdf,pending,Namita-J,2026-08-05,High-priority: SSA in-situ/cross-slope SWC x slope x runoff meta-analysis. Namita-J via CGIAR institutional access. | web-searched 2026-08: no free copy (institutional); check ResearchGate manually.,true
gismcda_swc_siting_2014,water_harvesting_conservation,in_situ,T4,"Krois et al. (2014). GIS-based multi-criteria evaluation to identify potential sites for soil and water conservation techniques in the Ronquillo watershed, northern Peru. Applied Geography.",10.1016/j.apgeog.2014.04.006,https://doi.org/10.1016/j.apgeog.2014.04.006,paywalled,Elsevier paywall (closed access),Institutional access via CGIAR library,D591_Rural-Scan_NBS/2_Technical_&_Data/library/3_WaterHarvesting/gismcda_swc_siting_2014.pdf,pending,Namita-J,2026-08-05,Direct SWC siting MCDA weights+criteria. Namita-J via CGIAR institutional access. | web-searched 2026-08: no free copy (institutional); check ResearchGate manually.,true
kahinda2008_sa_rwh_suitability,water_harvesting_conservation,in_situ,T4,"Kahinda et al. (2008). Developing suitability maps for rainwater harvesting in South Africa. Physics and Chemistry of the Earth, Parts A/B/C.",10.1016/j.pce.2008.06.047,https://doi.org/10.1016/j.pce.2008.06.047,paywalled,Elsevier paywall (closed access),Institutional access via CGIAR library,D591_Rural-Scan_NBS/2_Technical_&_Data/library/3_WaterHarvesting/kahinda2008_sa_rwh_suitability.pdf,pending,Namita-J,2026-08-05,In-field (in-situ) vs ex-field RWH suitability criteria. Namita-J via CGIAR institutional access. | web-searched 2026-08: no free copy (institutional); check ResearchGate manually.,true
kadam2012_scscn_india_rwh,water_harvesting_conservation,in_situ,T4,"Kadam et al. (2012). Identifying Potential Rainwater Harvesting Sites of a Semi-arid, Basaltic Region of Western India, Using SCS-CN Method. Water Resources Management.",10.1007/s11269-012-0031-3,https://www.academia.edu/99568766/Identifying_Potential_Rainwater_Harvesting_Sites_of_a_Semi_arid_Basaltic_Region_of_Western_India_Using_SCS_CN_Method,oa,OA (websearch:academia/med),OA — browser/repository download (no institutional access needed),D591_Rural-Scan_NBS/2_Technical_&_Data/library/3_WaterHarvesting/kadam2012_scscn_india_rwh.pdf,pending,Namita-J,2026-08-05,"SCS-CN runoff + siting, semi-arid India. Partial-scope (leans storage structures); acquire to extract runoff/CN + slope thresholds. Namita-J via CGIAR. | free PDF via academia [med]: https://www.academia.edu/99568766/Identifying_Potential_Rainwater_Harvesting_Sites_of_a_Semi_arid_Basaltic_Region_of_Western_India_Using_SCS_CN_Method",true
cook_patton_2020_mapping_regrowth_potential,forest_restoration,passive_regeneration,T4,Cook-Patton et al. (2020). Mapping carbon accumulation potential from global natural forest regrowth. Nature.,10.1038/s41586-020-2686-x,https://escholarship.org/uc/item/09f6k3zb,oa,OA (websearch:university-repo/high),OA — browser/repository download (no institutional access needed),D591_Rural-Scan_NBS/2_Technical_&_Data/library/2_ForestRestoration/cook_patton_2020_mapping_regrowth_potential.pdf,pending,Namita-J,2026-08-05,Nature paywall. Flagship global regeneration-potential surface - high priority acquire (Namita-J). Supplementary data layers likely open on figshare; check for free spatial layer. | free PDF via university-repo [high]: https://escholarship.org/uc/item/09f6k3zb,true
cloud_forest_active_vs_passive_pasture_2018,forest_restoration,passive_regeneration,T4,"Trujillo-Miranda et al. (2018). Active versus passive restoration: Recovery of cloud forest structure, diversity and soil condition in abandoned pastures. Ecological Engineering.",10.1016/j.ecoleng.2018.03.011,https://www.academia.edu/74838465/Active_versus_passive_restoration_Recovery_of_cloud_forest_structure_diversity_and_soil_condition_in_abandoned_pastures,oa,OA (websearch:academia/med),OA — browser/repository download (no institutional access needed),D591_Rural-Scan_NBS/2_Technical_&_Data/library/2_ForestRestoration/cloud_forest_active_vs_passive_pasture_2018.pdf,pending,Namita-J,2026-08-05,Elsevier paywall. Medium priority (site-level supporting evidence). Namita-J. | free PDF via academia [med]: https://www.academia.edu/74838465/Active_versus_passive_restoration_Recovery_of_cloud_forest_structure_diversity_and_soil_condition_in_abandoned_pastures,true
crouzeilles_2016_natregen_biodiversity_spatial_planning,forest_restoration,passive_regeneration,T4,Latawiec et al. (2016). Natural regeneration and biodiversity: a global meta‐analysis and implications for spatial planning. Biotropica.,10.1111/btp.12386,https://doi.org/10.1111/btp.12386,paywalled,closed_access,Institutional access via CGIAR library,D591_Rural-Scan_NBS/2_Technical_&_Data/library/2_ForestRestoration/crouzeilles_2016_natregen_biodiversity_spatial_planning.pdf,pending,Namita-J,2026-08-05,Wiley paywall. High priority - spatial-planning meta-analysis. Namita-J. | possible free copy (LOW conf-verify): https://www.researchgate.net/publication/310630808_Natural_regeneration_and_biodiversity_a_global_meta-analysis_and_implications_for_spatial_planning,true
chazdon_guariguata_2016_natregen_tool,forest_restoration,passive_regeneration,T6,Chazdon et al. (2016). Natural regeneration as a tool for large‐scale forest restoration in the tropics: prospects and challenges. Biotropica.,10.1111/btp.12381,https://cgspace.cgiar.org/items/be93ad69-4a1b-4ef3-9749-b35ae25ed448,oa,OA (websearch:agency/high),OA — browser/repository download (no institutional access needed),D591_Rural-Scan_NBS/2_Technical_&_Data/library/2_ForestRestoration/chazdon_guariguata_2016_natregen_tool.pdf,pending,Namita-J,2026-08-05,Wiley/Biotropica paywalled; no OA copy found via OpenAlex. Route to Namita-J for institutional/library retrieval; a green PDF may exist on ResearchGate/CIFOR repository. Seminal T6 source for this family - acquire before extraction. | free PDF via agency [high]: https://cgspace.cgiar.org/items/be93ad69-4a1b-4ef3-9749-b35ae25ed448,true
atlantic_rainforest_recovery_time_2008,forest_restoration,passive_regeneration,T3,Liebsch et al. (2008). How long does the Atlantic Rain Forest take to recover after a disturbance? Changes in species composition and ecological features during secondary succession. Biological Conservation.,10.1016/j.biocon.2008.04.013,https://uenf.br/posgraduacao/ecologia-recursosnaturais/wp-content/uploads/sites/7/2019/05/Liebsch-et-al-2008-prova-de-conhecimentos-em-ecologia.pdf,oa,OA (websearch:university-repo/high),OA — browser/repository download (no institutional access needed),D591_Rural-Scan_NBS/2_Technical_&_Data/library/2_ForestRestoration/atlantic_rainforest_recovery_time_2008.pdf,pending,Namita-J,2026-08-05,"Screened-in stock candidate; passive recovery-timescale evidence (Atlantic Forest, LMIC). Needs institutional/SharePoint acquisition by Namita-J. | free PDF via university-repo [high]: https://uenf.br/posgraduacao/ecologia-recursosnaturais/wp-content/uploads/sites/7/2019/05/Liebsch-et-al-2008-prova-de-conhecimentos-em-ecologia.pdf",true
sec_regrowth_resilience_slashburn_amazon_2005,forest_restoration,passive_regeneration,T3,Gehring et al. (2005). Resilience of secondary forest regrowth after slash-and-burn agriculture in central Amazonia. Journal of Tropical Ecology.,10.1017/s0266467405002543,https://doi.org/10.1017/s0266467405002543,paywalled,"paywalled (Cambridge Core, closed access)",Institutional access via CGIAR library,D591_Rural-Scan_NBS/2_Technical_&_Data/library/2_ForestRestoration/sec_regrowth_resilience_slashburn_amazon_2005.pdf,pending,Namita-J,2026-08-05,"Screened-in stock candidate; fire-disturbance regrowth resilience (Amazonia, LMIC). Needs institutional/SharePoint acquisition by Namita-J. | web-searched 2026-08: no free copy (institutional); check ResearchGate manually.",true
more_than_just_trees_reforestation_success_ldc_2011,forest_restoration,active_planting,T6,Le et al. (2012). More than just trees: Assessing reforestation success in tropical developing countries. Journal of Rural Studies.,10.1016/j.jrurstud.2011.07.006,https://doi.org/10.1016/j.jrurstud.2011.07.006,paywalled,"paywalled (Elsevier, closed access)",Institutional access via CGIAR library,D591_Rural-Scan_NBS/2_Technical_&_Data/library/2_ForestRestoration/more_than_just_trees_reforestation_success_ldc_2011.pdf,pending,Namita-J,2026-08-05,High-relevance LMIC reforestation-success T6 source; needs library acquisition (Namita-J). | web-searched 2026-08: no free copy (institutional); check ResearchGate manually.,true
lowcost_co2_removal_tropical_reforestation_2019,forest_restoration,active_planting,T6,Busch et al. (2019). Potential for low-cost carbon dioxide removal through tropical reforestation. Nature Climate Change.,10.1038/s41558-019-0485-x,https://doi.org/10.1038/s41558-019-0485-x,paywalled,"paywalled (Springer Nature, closed access)",Institutional access via CGIAR library,D591_Rural-Scan_NBS/2_Technical_&_Data/library/2_ForestRestoration/lowcost_co2_removal_tropical_reforestation_2019.pdf,pending,Namita-J,2026-08-05,Direct cost_per_tCO2e evidence with spatial cost surfaces; acquire for T6 cost lane (Namita-J). | web-searched 2026-08: no free copy (institutional); check ResearchGate manually.,true
carbon_accumulation_afforestation_metaanalysis_2009,forest_restoration,active_planting,T6,LAGANIÈRE et al. (2009). Carbon accumulation in agricultural soils after afforestation: a meta‐analysis. Global Change Biology.,10.1111/j.1365-2486.2009.01930.x,https://www.academia.edu/14499241/Carbon_accumulation_in_agricultural_soils_after_afforestation_a_meta_analysis,oa,OA (websearch:academia/med),OA — browser/repository download (no institutional access needed),D591_Rural-Scan_NBS/2_Technical_&_Data/library/2_ForestRestoration/carbon_accumulation_afforestation_metaanalysis_2009.pdf,pending,Namita-J,2026-08-05,Carbon-outcome meta-analysis; med priority (soil-carbon accounting). Acquire only if carbon-magnitude ranges needed (Namita-J). | free PDF via academia [med]: https://www.academia.edu/14499241/Carbon_accumulation_in_agricultural_soils_after_afforestation_a_meta_analysis,true
fr_zomer_cdm_afforestation_suit_2008,forest_restoration,active_planting,T4,"Zomer et al. (2008). Climate change mitigation: A spatial analysis of global land suitability for clean development mechanism afforestation and reforestation. Agriculture, Ecosystems &amp; Environment.",10.1016/j.agee.2008.01.014,https://cgiarcsi.community/wp-content/uploads/2019/01/zomer-et-al-2008-a-spatial-analysis-of-global-land-suitability-for-clean-development-mechanism-affresotation-and-reforestation.pdf,oa,OA (websearch:agency/high),OA — browser/repository download (no institutional access needed),D591_Rural-Scan_NBS/2_Technical_&_Data/library/2_ForestRestoration/fr_zomer_cdm_afforestation_suit_2008.pdf,pending,Namita-J,2026-08-05,High-priority seminal global A/R suitability. Check for CIFOR/ICRAF green OA copy before purchase. | free PDF via agency [high]: https://cgiarcsi.community/wp-content/uploads/2019/01/zomer-et-al-2008-a-spatial-analysis-of-global-land-suitability-for-clean-development-mechanism-affresotation-and-reforestation.pdf,true
fr_semiarid_reforestation_spatial_planning_2026,forest_restoration,active_planting,T4,Oliveira et al. (2026). Optimizing reforestation for soil conservation in semi-arid landscapes: A heuristic-based spatial planning framework. Journal of Environmental Management.,10.1016/j.jenvman.2026.129374,https://doi.org/10.1016/j.jenvman.2026.129374,paywalled,"paywalled (Elsevier, oa_status=closed)",Institutional access via CGIAR library,D591_Rural-Scan_NBS/2_Technical_&_Data/library/2_ForestRestoration/fr_semiarid_reforestation_spatial_planning_2026.pdf,pending,Namita-J,2026-08-05,Recent spatial-planning method for reforestation siting; strong T4 fit. | web-searched 2026-08: no free copy (institutional); check ResearchGate manually.,true
fr_nucleation_seedling_planting_2024,forest_restoration,active_planting,T4,Fonseca et al. (2024). Complementing seedling planting with nucleation techniques increases forest restoration potential in areas around bauxite mining. Land Degradation &amp; Development.,10.1002/ldr.5118,https://doi.org/10.1002/ldr.5118,paywalled,"paywalled (Wiley, oa_status=closed)",Institutional access via CGIAR library,D591_Rural-Scan_NBS/2_Technical_&_Data/library/2_ForestRestoration/fr_nucleation_seedling_planting_2024.pdf,pending,Namita-J,2026-08-05,Active-planting + distance-to-remnant regeneration-potential proxy. Med priority. | web-searched 2026-08: no free copy (institutional); check ResearchGate manually.,true
reforest_water_yield_drought_risk_2022,forest_restoration,active_planting,T3,Teo et al. (2022). Large‐scale reforestation can increase water yield and reduce drought risk for water‐insecure regions in the <scp>Asia‐Pacific</scp>. Global Change Biology.,10.1111/gcb.16404,https://doi.org/10.1111/gcb.16404,paywalled,"paywalled (closed, Wiley)",Institutional access via CGIAR library,D591_Rural-Scan_NBS/2_Technical_&_Data/library/2_ForestRestoration/reforest_water_yield_drought_risk_2022.pdf,pending,Namita-J,2026-08-05,Namita-J: institutional access; high-priority (high T3 drought-risk relevance). | web-searched 2026-08: no free copy (institutional); check ResearchGate manually.,true
reforestation_flood_wetspa_hornad_2006,forest_restoration,active_planting,T3,"Bahremand et al. (2006). WetSpa Model Application for Assessing Reforestation Impacts on Floods in Margecany–Hornad Watershed, Slovakia. Water Resources Management.",10.1007/s11269-006-9089-0,https://www.researchgate.net/publication/225650894_WetSpa_Model_Application_for_Assessing_Reforestation_Impacts_on_Floods_in_Margecany-Hornad_Watershed_Slovakia,oa,OA (websearch:researchgate/med),OA — browser/repository download (no institutional access needed),D591_Rural-Scan_NBS/2_Technical_&_Data/library/2_ForestRestoration/reforestation_flood_wetspa_hornad_2006.pdf,pending,Namita-J,2026-08-05,Namita-J: institutional access; flood-cover hazard evidence. | free PDF via researchgate [med]: https://www.researchgate.net/publication/225650894_WetSpa_Model_Application_for_Assessing_Reforestation_Impacts_on_Floods_in_Margecany-Hornad_Watershed_Slovakia,true
afforestation_erosion_sediment_catchments_2009,forest_restoration,active_planting,T3,Porto et al. (2009). Investigating the effects of afforestation on soil erosion and sediment mobilisation in two small catchments in Southern Italy. CATENA.,10.1016/j.catena.2009.01.007,https://doi.org/10.1016/j.catena.2009.01.007,paywalled,"paywalled (closed, Elsevier)",Institutional access via CGIAR library,D591_Rural-Scan_NBS/2_Technical_&_Data/library/2_ForestRestoration/afforestation_erosion_sediment_catchments_2009.pdf,pending,Namita-J,2026-08-05,Namita-J: institutional access; erosion-control hazard evidence. | web-searched 2026-08: no free copy (institutional); check ResearchGate manually.,true
enrichment_planting_seedling_survival_tradeoffs_2018,forest_restoration,active_planting,T3,"Laughlin et al. (2018). Tree Seedling Survival Depends on Canopy Age, Cover and Initial Composition: Trade-offs in Forest Restoration Enrichment Planting. Ecological Restoration.",10.3368/er.36.1.52,https://doi.org/10.3368/er.36.1.52,paywalled,"paywalled (closed, UW Press)",Institutional access via CGIAR library,D591_Rural-Scan_NBS/2_Technical_&_Data/library/2_ForestRestoration/enrichment_planting_seedling_survival_tradeoffs_2018.pdf,pending,Namita-J,2026-08-05,Namita-J: high-priority; direct F3 enrichment-planting survival. | web-searched 2026-08: no free copy (institutional); check ResearchGate manually.,true
reforestation_drought_west_africa_2017,forest_restoration,active_planting,T3,Diasso et al. (2017). Future impacts of global warming and reforestation on drought patterns over West Africa. Theoretical and Applied Climatology.,10.1007/s00704-017-2209-3,https://doi.org/10.1007/s00704-017-2209-3,paywalled,"paywalled (closed, Springer)",Institutional access via CGIAR library,D591_Rural-Scan_NBS/2_Technical_&_Data/library/2_ForestRestoration/reforestation_drought_west_africa_2017.pdf,pending,Namita-J,2026-08-05,Namita-J: LMIC (West Africa) drought evidence; institutional access. | web-searched 2026-08: no free copy (institutional); check ResearchGate manually.,true
anr_carbon_farming_cost_2015,forest_restoration,assisted_regeneration,T6,Evans et al. (2015). Carbon farming via assisted natural regeneration as a cost-effective mechanism for restoring biodiversity in agricultural landscapes. Environmental Science &amp; Policy.,10.1016/j.envsci.2015.02.003,https://www.researchgate.net/publication/273389245_Carbon_farming_via_assisted_natural_regeneration_as_a_cost-effective_mechanism_for_restoring_biodiversity_in_agricultural_landscapes,oa,OA (websearch:researchgate/med),OA — browser/repository download (no institutional access needed),D591_Rural-Scan_NBS/2_Technical_&_Data/library/2_ForestRestoration/anr_carbon_farming_cost_2015.pdf,pending,Namita-J,2026-08-05,High-priority seminal T6 cost/carbon-effectiveness. Namita-J to acquire via institutional access -> SharePoint library/forest_restoration/. | free PDF via researchgate [med]: https://www.researchgate.net/publication/273389245_Carbon_farming_via_assisted_natural_regeneration_as_a_cost-effective_mechanism_for_restoring_biodiversity_in_agricultural_landscapes,true
anr_success_drone_field_2019,forest_restoration,assisted_regeneration,T6,"Pérez et al. (2019). Evaluating success of various restorative interventions through drone‐ and field‐collected data, using six putative framework species in Argentinian Patagonia. Restoration Ecology.",10.1111/rec.13025,https://www.researchgate.net/publication/335776882_Evaluating_success_of_various_restorative_interventions_through_drone-and_field-collected_data_using_six_putative_framework_species_in_Argentinian_Patagonia,oa,OA (websearch:researchgate/med),OA — browser/repository download (no institutional access needed),D591_Rural-Scan_NBS/2_Technical_&_Data/library/2_ForestRestoration/anr_success_drone_field_2019.pdf,pending,Namita-J,2026-08-05,T6 restoration-success + spatial monitoring content. Namita-J to acquire if drone-based success metrics needed; med priority. | free PDF via researchgate [med]: https://www.researchgate.net/publication/335776882_Evaluating_success_of_various_restorative_interventions_through_drone-and_field-collected_data_using_six_putative_framework_species_in_Argentinian_Patagonia,true
anr_degraded_seasonal_forest_1997,forest_restoration,assisted_regeneration,T3,Hardwick et al. (1997). Understanding and assisting natural regeneration processes in degraded seasonal evergreen forests in northern Thailand. Forest Ecology and Management.,10.1016/s0378-1127(97)00206-5,https://cdn.forru.org/publication-files/forru-0000101-0001-en.pdf,oa,OA (websearch:agency/high),OA — browser/repository download (no institutional access needed),D591_Rural-Scan_NBS/2_Technical_&_Data/library/2_ForestRestoration/anr_degraded_seasonal_forest_1997.pdf,pending,Namita-J,2026-08-05,Seminal ANR-process source; paywalled Elsevier. Namita-J to acquire via institutional access + upload to SharePoint library/forest_restoration/. | free PDF via agency [high]: https://cdn.forru.org/publication-files/forru-0000101-0001-en.pdf,true
framework_sp_seedling_recruit_dryforest_2009,forest_restoration,assisted_regeneration,T3,Wydhayagarn et al. (2009). Bird communities and seedling recruitment in restoring seasonally dry forest using the framework species method in Northern Thailand. New Forests.,10.1007/s11056-009-9133-z,https://www.researchgate.net/publication/226968766_Bird_communities_and_seedling_recruitment_in_restoring_seasonally_dry_forest_using_the_framework_species_method_in_Northern_Thailand,oa,OA (websearch:researchgate/med),OA — browser/repository download (no institutional access needed),D591_Rural-Scan_NBS/2_Technical_&_Data/library/2_ForestRestoration/framework_sp_seedling_recruit_dryforest_2009.pdf,pending,Namita-J,2026-08-05,Springer paywall. LMIC dry-forest drought relevance for T3. Namita-J to acquire. | free PDF via researchgate [med]: https://www.researchgate.net/publication/226968766_Bird_communities_and_seedling_recruitment_in_restoring_seasonally_dry_forest_using_the_framework_species_method_in_Northern_Thailand,true
survival_nr_ecological_restoration_2021,forest_restoration,assisted_regeneration,T3,"Loureiro et al. (2021). Survival, seedlings growth and natural regeneration in areas under ecological restoration in a sandy coastal plain (restinga) of southeastern Brazil. Austral Ecology.",10.1111/aec.13114,https://www.researchgate.net/publication/355177761_Survival_seedlings_growth_and_natural_regeneration_in_areas_under_ecological_restoration_in_a_sandy_coastal_plain_restinga_of_southeastern_Brazil,oa,OA (websearch:researchgate/med),OA — browser/repository download (no institutional access needed),D591_Rural-Scan_NBS/2_Technical_&_Data/library/2_ForestRestoration/survival_nr_ecological_restoration_2021.pdf,pending,Namita-J,2026-08-05,Wiley paywall. Direct survival/mortality T3 metric. Namita-J to acquire. | free PDF via researchgate [med]: https://www.researchgate.net/publication/355177761_Survival_seedlings_growth_and_natural_regeneration_in_areas_under_ecological_restoration_in_a_sandy_coastal_plain_restinga_of_southeastern_Brazil,true
shono_anr_degraded_tropical_2007,forest_restoration,assisted_regeneration,T4,Shono et al. (2007). Application of Assisted Natural Regeneration to Restore Degraded Tropical Forestlands. Restoration Ecology.,10.1111/j.1526-100x.2007.00274.x,http://formad-environnement.org/RNA_Restoration-Ecology_Shono-et-al2007.pdf,oa,OA (websearch:project-site/high),OA — browser/repository download (no institutional access needed),D591_Rural-Scan_NBS/2_Technical_&_Data/library/2_ForestRestoration/shono_anr_degraded_tropical_2007.pdf,pending,Namita-J,2026-08-05,HIGH priority — seminal ANR practice + site-viability conditions. Namita-J via institutional access -> SharePoint library/forest_restoration/. | free PDF via project-site [high]: http://formad-environnement.org/RNA_Restoration-Ecology_Shono-et-al2007.pdf,true
chazdon_natregen_tool_flr_2016,forest_restoration,assisted_regeneration,T4,Chazdon et al. (2016). Natural regeneration as a tool for large‐scale forest restoration in the tropics: prospects and challenges. Biotropica.,10.1111/btp.12381,https://cgspace.cgiar.org/items/be93ad69-4a1b-4ef3-9749-b35ae25ed448,oa,OA (websearch:agency/CGSpace/med),OA — browser/repository download (no institutional access needed),D591_Rural-Scan_NBS/2_Technical_&_Data/library/2_ForestRestoration/chazdon_natregen_tool_flr_2016.pdf,pending,Namita-J,2026-08-05,HIGH priority seminal anchor (694 cites). Namita-J. | free PDF via agency/CGSpace [med]: https://cgspace.cgiar.org/items/be93ad69-4a1b-4ef3-9749-b35ae25ed448,true
holl_stimulating_natregen_degraded_2013,forest_restoration,assisted_regeneration,T4,"Shoo et al. (2013). Stimulating Natural Regeneration of Tropical Forest on Degraded Land: Approaches, Outcomes, and Information Gaps. Restoration Ecology.",10.1111/rec.12048,https://doi.org/10.1111/rec.12048,paywalled,"paywalled (Wiley, closed OA)",Institutional access via CGIAR library,D591_Rural-Scan_NBS/2_Technical_&_Data/library/2_ForestRestoration/holl_stimulating_natregen_degraded_2013.pdf,pending,Namita-J,2026-08-05,MED priority — passive/active switch on degradation gradient. Namita-J. | web-searched 2026-08: no free copy (institutional); check ResearchGate manually.,true
barros_mcda_prioritize_restoration_amazon_2022,forest_restoration,assisted_regeneration,T4,Cavalcante et al. (2022). Multicriteria approach to prioritize forest restoration areas for biodiversity conservation in the eastern Amazon. Journal of Environmental Management.,10.1016/j.jenvman.2022.115590,https://papers.ssrn.com/sol3/papers.cfm?abstract_id=4094737,oa,OA (websearch:semanticscholar/med),OA — browser/repository download (no institutional access needed),D591_Rural-Scan_NBS/2_Technical_&_Data/library/2_ForestRestoration/barros_mcda_prioritize_restoration_amazon_2022.pdf,pending,Namita-J,2026-08-05,HIGH priority — LMIC MCDA prioritization. Namita-J. | free PDF via semanticscholar [med]: https://papers.ssrn.com/sol3/papers.cfm?abstract_id=4094737,true
rip_buffer_width_guidelines_review_2004,riparian_buffer,planted,T4,Lee et al. (2004). Quantitative review of riparian buffer width guidelines from Canada and the United States. Journal of Environmental Management.,10.1016/j.jenvman.2003.11.009,https://www.napawatersheds.org/img/managed/Document/2887/RiparianBufferReview.JEnvMgnt2004.pdf,oa,OA (websearch:agency-repo/high),OA — browser/repository download (no institutional access needed),D591_Rural-Scan_NBS/2_Technical_&_Data/library/4_RiparianBuffer/rip_buffer_width_guidelines_review_2004.pdf,pending,Namita-J,2026-08-06,"High-priority seminal T4 width-envelope source. Namita-J to acquire PDF -> SharePoint library/riparian_buffer/, set SRC.library_path. No PDF in git. | free PDF via agency-repo [high]: https://www.napawatersheds.org/img/managed/Document/2887/RiparianBufferReview.JEnvMgnt2004.pdf",true
multispecies_buffer_design_placement_1995,riparian_buffer,planted,T4,Schultz et al. (1995). Design and placement of a multi-species riparian buffer strip system. Agroforestry Systems.,10.1007/bf00704869,https://doi.org/10.1007/bf00704869,paywalled,"paywalled (Springer, closed OA)",Institutional access via CGIAR library,D591_Rural-Scan_NBS/2_Technical_&_Data/library/4_RiparianBuffer/multispecies_buffer_design_placement_1995.pdf,pending,Namita-J,2026-08-06,Core F1 planted design+placement source. Namita-J acquire -> SharePoint. | possible free copy (LOW conf-verify): https://projects.sare.org/information-product/design-and-placement-of-a-multispecies-riparian-buffer-strip-system/,true
grass_barrier_vfs_runoff_effectiveness_2004,riparian_buffer,planted,T4,"Blanco-Canqui et al. (2004). Grass Barrier and Vegetative Filter Strip Effectiveness in Reducing Runoff, Sediment, Nitrogen, and Phosphorus Loss. Soil Science Society of America Journal.",10.2136/sssaj2004.1670,https://www.ars.usda.gov/ARSUserFiles/50701000/cswq-0007-154368.pdf,oa,OA (websearch:agency/high),OA — browser/repository download (no institutional access needed),D591_Rural-Scan_NBS/2_Technical_&_Data/library/4_RiparianBuffer/grass_barrier_vfs_runoff_effectiveness_2004.pdf,pending,Namita-J,2026-08-06,Grass-buffer parameter + runoff-load relations. Namita-J acquire -> SharePoint. | free PDF via agency [high]: https://www.ars.usda.gov/ARSUserFiles/50701000/cswq-0007-154368.pdf,true
site_specific_vs_fixed_width_cost_2016,riparian_buffer,planted,T4,Tiwari et al. (2016). Cost of riparian buffer zones: A comparison of hydrologically adapted site‐specific riparian buffers with traditional fixed widths. Water Resources Research.,10.1002/2015wr018014,https://agupubs.onlinelibrary.wiley.com/doi/full/10.1002/2015WR018014,oa,OA (websearch:publisher-OA/med),OA — browser/repository download (no institutional access needed),D591_Rural-Scan_NBS/2_Technical_&_Data/library/4_RiparianBuffer/site_specific_vs_fixed_width_cost_2016.pdf,pending,Namita-J,2026-08-06,Variable-width/DTW siting logic. Namita-J acquire -> SharePoint. | free PDF via publisher-OA [med]: https://agupubs.onlinelibrary.wiley.com/doi/full/10.1002/2015WR018014,true
effective_width_sediment_anfis_swat_2020,riparian_buffer,planted,T4,Sirabahenda et al. (2020). Assessment of the effective width of riparian buffer strips to reduce suspended sediment in an agricultural landscape using ANFIS and SWAT models. CATENA.,10.1016/j.catena.2020.104762,https://doi.org/10.1016/j.catena.2020.104762,paywalled,"paywalled (Elsevier, closed OA)",Institutional access via CGIAR library,D591_Rural-Scan_NBS/2_Technical_&_Data/library/4_RiparianBuffer/effective_width_sediment_anfis_swat_2020.pdf,pending,Namita-J,2026-08-06,Effective-width in agricultural (system_constraint) landscape. Namita-J acquire -> SharePoint. | web-searched 2026-08: no free copy (institutional); check ResearchGate manually.,true
managing_buffer_strips_es_review_2020,riparian_buffer,planted,T3,"Cole et al. (2020). Managing riparian buffer strips to optimise ecosystem services: A review. Agriculture, Ecosystems &amp; Environment.",10.1016/j.agee.2020.106891,https://pure.sruc.ac.uk/en/publications/managing-riparian-buffer-strips-to-optimise-ecosystem-services-a-/,oa,OA (websearch:university-repo/med),OA — browser/repository download (no institutional access needed),D591_Rural-Scan_NBS/2_Technical_&_Data/library/4_RiparianBuffer/managing_buffer_strips_es_review_2020.pdf,pending,Namita-J,2026-08-06,Priority: anchor updated_lit synthesis spanning flood/erosion/sediment/thermal + width/veg-type levers. | free PDF via university-repo [med]: https://pure.sruc.ac.uk/en/publications/managing-riparian-buffer-strips-to-optimise-ecosystem-services-a-/,true
buffer_width_guidelines_review_2004,riparian_buffer,planted,T3,Lee et al. (2004). Quantitative review of riparian buffer width guidelines from Canada and the United States. Journal of Environmental Management.,10.1016/j.jenvman.2003.11.009,https://www.napawatersheds.org/img/managed/Document/2887/RiparianBufferReview.JEnvMgnt2004.pdf,oa,OA (websearch:agency/project-site/high),OA — browser/repository download (no institutional access needed),D591_Rural-Scan_NBS/2_Technical_&_Data/library/4_RiparianBuffer/buffer_width_guidelines_review_2004.pdf,pending,Namita-J,2026-08-06,Core width-limiter synthesis. | free PDF via agency/project-site [high]: https://www.napawatersheds.org/img/managed/Document/2887/RiparianBufferReview.JEnvMgnt2004.pdf,true
effective_width_suspended_sediment_2020,riparian_buffer,planted,T3,Sirabahenda et al. (2020). Assessment of the effective width of riparian buffer strips to reduce suspended sediment in an agricultural landscape using ANFIS and SWAT models. CATENA.,10.1016/j.catena.2020.104762,https://espace.inrs.ca/11210/1/P3831.pdf,oa,OA (websearch:university-repo/med),OA — browser/repository download (no institutional access needed),D591_Rural-Scan_NBS/2_Technical_&_Data/library/4_RiparianBuffer/effective_width_suspended_sediment_2020.pdf,pending,Namita-J,2026-08-06,Effective-width x suspended-sediment; strong T3 sediment + siting param. | free PDF via university-repo [med]: https://espace.inrs.ca/11210/1/P3831.pdf,true
buffer_width_microclimate_logging_2019,riparian_buffer,planted,T3,Oldén et al. (2019). The effect of buffer strip width and selective logging on riparian forest microclimate. Forest Ecology and Management.,10.1016/j.foreco.2019.117623,https://jyx.jyu.fi/jyx/Record/jyx_123456789_66021,oa,OA (websearch:university-repo/med),OA — browser/repository download (no institutional access needed),D591_Rural-Scan_NBS/2_Technical_&_Data/library/4_RiparianBuffer/buffer_width_microclimate_logging_2019.pdf,pending,Namita-J,2026-08-06,Thermal/microclimate buffering evidence (T3 shade/temperature). | free PDF via university-repo [med]: https://jyx.jyu.fi/jyx/Record/jyx_123456789_66021,true
nutrient_sediment_retention_length_vegtype_2024,riparian_buffer,planted,T3,"kumwimba et al. (2024). Nutrient and sediment retention by riparian vegetated buffer strips: Impacts of buffer length, vegetation type, and season. Agriculture, Ecosystems &amp; Environment.",10.1016/j.agee.2024.109050,https://doi.org/10.1016/j.agee.2024.109050,paywalled,paywalled (Elsevier),Institutional access via CGIAR library,D591_Rural-Scan_NBS/2_Technical_&_Data/library/4_RiparianBuffer/nutrient_sediment_retention_length_vegtype_2024.pdf,pending,Namita-J,2026-08-06,Recent quantification of length x veg-type x sediment retention. | web-searched 2026-08: no free copy (institutional); check ResearchGate manually.,true
rvb_wq_restoration_lowrance_1993,riparian_buffer,planted,T3,OSBORNE et al. (1993). Riparian vegetated buffer strips in water‐quality restoration and stream management. Freshwater Biology.,10.1111/j.1365-2427.1993.tb00761.x,https://scispace.com/pdf/riparian-vegetated-buffer-strips-in-water-quality-59fuwn9mky.pdf,oa,OA (websearch:semanticscholar/med),OA — browser/repository download (no institutional access needed),D591_Rural-Scan_NBS/2_Technical_&_Data/library/4_RiparianBuffer/rvb_wq_restoration_lowrance_1993.pdf,pending,Namita-J,2026-08-06,Seminal; acquire if seminality weight warranted despite nutrient bias. | free PDF via semanticscholar [med]: https://scispace.com/pdf/riparian-vegetated-buffer-strips-in-water-quality-59fuwn9mky.pdf,true
multispecies_buffers_sediment_rainfall_2000,riparian_buffer,planted,T3,Lee et al. (2000). Multispecies Riparian Buffers Trap Sediment and Nutrients during Rainfall Simulations. Journal of Environmental Quality.,10.2134/jeq2000.00472425002900040025x,https://doi.org/10.2134/jeq2000.00472425002900040025x,paywalled,paywalled (Wiley/ASA),Institutional access via CGIAR library,D591_Rural-Scan_NBS/2_Technical_&_Data/library/4_RiparianBuffer/multispecies_buffers_sediment_rainfall_2000.pdf,pending,Namita-J,2026-08-06,Direct sediment-trapping performance metric. | web-searched 2026-08: no free copy (institutional); check ResearchGate manually.,true
sediment_nutrient_removal_multispecies_2003,riparian_buffer,planted,T3,Lee et al. (2003). Sediment and nutrient removal in an established multi-species riparian buffer. Journal of Soil and Water Conservation.,10.1080/00224561.2003.12457491,https://doi.org/10.1080/00224561.2003.12457491,paywalled,paywalled (JSWC),Institutional access via CGIAR library,D591_Rural-Scan_NBS/2_Technical_&_Data/library/4_RiparianBuffer/sediment_nutrient_removal_multispecies_2003.pdf,pending,Namita-J,2026-08-06,Established-buffer sediment removal. | possible free copy (LOW conf-verify): https://www.researchgate.net/publication/247466880_Sediment_and_Nutrient_Removal_in_an_Established_Multi-Species_Riparian_Buffer,true
mayer_2007_n_removal_meta,riparian_buffer,planted,T6,Mayer et al. (2007). Meta‐Analysis of Nitrogen Removal in Riparian Buffers. Journal of Environmental Quality.,10.2134/jeq2006.0462,http://www.ask-force.org/web/Bt/Mayer-Meta-Analysis-Riparian-Buffers-2007.pdf,oa,OA (websearch:publisher-OA/high),OA — browser/repository download (no institutional access needed),D591_Rural-Scan_NBS/2_Technical_&_Data/library/4_RiparianBuffer/mayer_2007_n_removal_meta.pdf,pending,Namita-J,2026-08-06,Highest-priority acquire: seminal quantitative N-removal vs width/vegetation synthesis. Namita-J -> SharePoint library/riparian_buffer/. Not in git. | free PDF via publisher-OA [high]: http://www.ask-force.org/web/Bt/Mayer-Meta-Analysis-Riparian-Buffers-2007.pdf,true
dosskey_grass_shrub_2007,riparian_buffer,planted,T6,"Mankin et al. (2007). Grass‐Shrub Riparian Buffer Removal of Sediment, Phosphorus, and Nitrogen From Simulated Runoff<sup>1</sup>. JAWRA Journal of the American Water Resources Association.",10.1111/j.1752-1688.2007.00090.x,https://www.academia.edu/114207101/Grass_Shrub_Riparian_Buffer_Removal_of_Sediment_Phosphorus_and_Nitrogen_From_Simulated_Runoff,oa,OA (websearch:academia/med),OA — browser/repository download (no institutional access needed),D591_Rural-Scan_NBS/2_Technical_&_Data/library/4_RiparianBuffer/dosskey_grass_shrub_2007.pdf,pending,Namita-J,2026-08-06,Grass-vs-woody trapping efficiencies (sediment/P/N). Namita-J acquire -> SharePoint. Not in git. | free PDF via academia [med]: https://www.academia.edu/114207101/Grass_Shrub_Riparian_Buffer_Removal_of_Sediment_Phosphorus_and_Nitrogen_From_Simulated_Runoff,true
fortier_poplar_buffer_carbon_2010,riparian_buffer,planted,T6,"Fortier et al. (2010). Nutrient accumulation and carbon sequestration in 6-year-old hybrid poplars in multiclonal agricultural riparian buffer strips. Agriculture, Ecosystems &amp; Environment.",10.1016/j.agee.2010.02.013,https://doi.org/10.1016/j.agee.2010.02.013,paywalled,paywalled (closed OA),Institutional access via CGIAR library,D591_Rural-Scan_NBS/2_Technical_&_Data/library/4_RiparianBuffer/fortier_poplar_buffer_carbon_2010.pdf,pending,Namita-J,2026-08-06,Carbon-sequestration T6 outcome for planted woody buffers (under-covered elsewhere). Namita-J acquire -> SharePoint. Not in git. | web-searched 2026-08: no free copy (institutional); check ResearchGate manually.,true
spatial_mcda_riparian_priorities_2013,riparian_buffer,natural_restored,T4,Zhao et al. (2013). A spatial multi-criteria planning scheme for evaluating riparian buffer restoration priorities. Ecological Engineering.,10.1016/j.ecoleng.2013.01.037,https://doi.org/10.1016/j.ecoleng.2013.01.037,paywalled,Elsevier paywall - no OA copy located,Institutional access via CGIAR library,D591_Rural-Scan_NBS/2_Technical_&_Data/library/4_RiparianBuffer/spatial_mcda_riparian_priorities_2013.pdf,pending,Namita-J,2026-08-06,Highest-priority acquire: core T4 GIS-MCDA siting reference. Namita-J -> library/riparian_buffer/. Never commit PDF to git. | web-searched 2026-08: no free copy (institutional); check ResearchGate manually.,true
critical_source_areas_buffer_planning_2009,riparian_buffer,natural_restored,T4,Qiu (2009). Assessing Critical Source Areas in Watersheds for Conservation Buffer Planning and Riparian Restoration. Environmental Management.,10.1007/s00267-009-9380-y,https://doi.org/10.1007/s00267-009-9380-y,paywalled,Springer paywall,Institutional access via CGIAR library,D591_Rural-Scan_NBS/2_Technical_&_Data/library/4_RiparianBuffer/critical_source_areas_buffer_planning_2009.pdf,pending,Namita-J,2026-08-06,T4 critical-source-area siting. Namita-J acquire. | web-searched 2026-08: no free copy (institutional); check ResearchGate manually.,true
latam_riparian_forest_buffers_2019,riparian_buffer,natural_restored,T4,Meli et al. (2019). Riparian-forest buffers: Bridging the gap between top-down and bottom-up restoration approaches in Latin America. Land Use Policy.,10.1016/j.landusepol.2019.104085,https://doi.org//10.1016/j.landusepol.2019.104085,oa,OA (Unpaywall:publisher),OA — browser/repository download (no institutional access needed),D591_Rural-Scan_NBS/2_Technical_&_Data/library/4_RiparianBuffer/latam_riparian_forest_buffers_2019.pdf,pending,Namita-J,2026-08-06,LMIC value; acquire if capacity. | OA via Unpaywall (publisher),true
global_review_riparian_veg_restoration_2015,riparian_buffer,natural_restored,T4,"González et al. (2015). Restoration of riparian vegetation: A global review of implementation and evaluation approaches in the international, peer-reviewed literature. Journal of Environmental Management.",10.1016/j.jenvman.2015.04.033,https://doi.org/10.1016/j.jenvman.2015.04.033,paywalled,Elsevier paywall,Institutional access via CGIAR library,D591_Rural-Scan_NBS/2_Technical_&_Data/library/4_RiparianBuffer/global_review_riparian_veg_restoration_2015.pdf,pending,Namita-J,2026-08-06,F2 restoration review; acquire. | web-searched 2026-08: no free copy (institutional); check ResearchGate manually.,true
neotropical_riparian_biodiversity_thresholds_2020,riparian_buffer,natural_restored,T4,Dala‐Corte et al. (2020). Thresholds of freshwater biodiversity in response to riparian vegetation loss in the Neotropical region. Journal of Applied Ecology.,10.1111/1365-2664.13657,https://onlinelibrary.wiley.com/doi/pdfdirect/10.1111/1365-2664.13657,oa,OA (Unpaywall:publisher),OA — browser/repository download (no institutional access needed),D591_Rural-Scan_NBS/2_Technical_&_Data/library/4_RiparianBuffer/neotropical_riparian_biodiversity_thresholds_2020.pdf,pending,Namita-J,2026-08-06,LMIC riparian-condition thresholds; acquire. | OA via Unpaywall (publisher),true
brazil_landuse_loworder_streams_2018,riparian_buffer,natural_restored,T4,Mello et al. (2018). Effects of land use and land cover on water quality of low-order streams in Southeastern Brazil: Watershed versus riparian zone. CATENA.,10.1016/j.catena.2018.04.027,https://doi.org/10.1016/j.catena.2018.04.027,paywalled,Elsevier paywall,Institutional access via CGIAR library,D591_Rural-Scan_NBS/2_Technical_&_Data/library/4_RiparianBuffer/brazil_landuse_loworder_streams_2018.pdf,pending,Namita-J,2026-08-06,LMIC adjacent-land-use (system_constraint); acquire. | web-searched 2026-08: no free copy (institutional); check ResearchGate manually.,true
managing_riparian_buffer_strips_es_review_2020,riparian_buffer,natural_restored,T4,"Cole et al. (2020). Managing riparian buffer strips to optimise ecosystem services: A review. Agriculture, Ecosystems &amp; Environment.",10.1016/j.agee.2020.106891,https://doi.org/10.1016/j.agee.2020.106891,paywalled,Elsevier paywall,Institutional access via CGIAR library,D591_Rural-Scan_NBS/2_Technical_&_Data/library/4_RiparianBuffer/managing_riparian_buffer_strips_es_review_2020.pdf,pending,Namita-J,2026-08-06,Buffer siting/width->ES review; acquire if capacity. | web-searched 2026-08: no free copy (institutional); check ResearchGate manually.,true
osborne_kovacic_1993_buffer_wq_restoration,riparian_buffer,natural_restored,T6,OSBORNE et al. (1993). Riparian vegetated buffer strips in water‐quality restoration and stream management. Freshwater Biology.,10.1111/j.1365-2427.1993.tb00761.x,https://doi.org/10.1111/j.1365-2427.1993.tb00761.x,paywalled,"paywalled (Wiley, closed OA status in OpenAlex)",Institutional access via CGIAR library,D591_Rural-Scan_NBS/2_Technical_&_Data/library/4_RiparianBuffer/osborne_kovacic_1993_buffer_wq_restoration.pdf,pending,Namita-J,2026-08-06,Seminal restored-buffer WQ synthesis. Namita-J to acquire PDF -> SharePoint library/riparian_buffer/; not to be committed to git. | web-searched 2026-08: no free copy (institutional); check ResearchGate manually.,true
mayer_2007_meta_n_removal_buffers,riparian_buffer,natural_restored,T6,Mayer et al. (2007). Meta‐Analysis of Nitrogen Removal in Riparian Buffers. Journal of Environmental Quality.,10.2134/jeq2006.0462,http://www.ask-force.org/web/Bt/Mayer-Meta-Analysis-Riparian-Buffers-2007.pdf,oa,OA (websearch:project-site/agency/high),OA — browser/repository download (no institutional access needed),D591_Rural-Scan_NBS/2_Technical_&_Data/library/4_RiparianBuffer/mayer_2007_meta_n_removal_buffers.pdf,pending,Namita-J,2026-08-06,Highest-value N-removal-efficiency meta-analysis (verify DOI on acquisition). Namita-J -> SharePoint library. | free PDF via project-site/agency [high]: http://www.ask-force.org/web/Bt/Mayer-Meta-Analysis-Riparian-Buffers-2007.pdf,true
newbold_2000_buffer_restoration_connecticut_wq,riparian_buffer,natural_restored,T6,"Newbold, J.D. et al. (2000). Water Quality Changes from Riparian Buffer Restoration in Connecticut. Journal of Environmental Quality 29(4).",,https://api.openalex.org/works?filter=title.search:Water%20Quality%20Changes%20from%20Riparian%20Buffer%20Restoration%20in%20Connecticut,paywalled,paywalled; DOI not captured in search (resolve via OpenAlex work record),Institutional access via CGIAR library,D591_Rural-Scan_NBS/2_Technical_&_Data/library/4_RiparianBuffer/newbold_2000_buffer_restoration_connecticut_wq.pdf,pending,Namita-J,2026-08-06,Directly restored-buffer T6. Namita-J: resolve DOI + acquire PDF -> library. | web-searched 2026-08: no free copy (institutional); check ResearchGate manually.,
reforestation_ecosystem_services_costa_rica_2022,riparian_buffer,natural_restored,T6,"(2022). Modeling multiple ecosystem services and beneficiaries of riparian reforestation in Costa Rica. Ecosystem Services, S2212041622000663.",,https://www.sciencedirect.com/science/article/pii/S2212041622000663,paywalled,likely paywalled (Elsevier); confirm OA,Institutional access via CGIAR library,D591_Rural-Scan_NBS/2_Technical_&_Data/library/4_RiparianBuffer/reforestation_ecosystem_services_costa_rica_2022.pdf,pending,Namita-J,2026-08-06,Priority LMIC/tropical anchor. Namita-J: check OA/institutional access; DOI via ScienceDirect record. | possible free copy (LOW conf-verify): https://www.sciencedirect.com/science/article/pii/S2212041622000663,
restoration_age_nutrient_retention_2014,riparian_buffer,natural_restored,T3,McMillan et al. (2014). Influence of Restoration Age and Riparian Vegetation on Reach‐Scale Nutrient Retention in Restored Urban Streams. JAWRA Journal of the American Water Resources Association.,10.1111/jawr.12205,https://doi.org/10.1111/jawr.12205,paywalled,paywalled (Wiley); no OA copy located,Institutional access via CGIAR library,D591_Rural-Scan_NBS/2_Technical_&_Data/library/4_RiparianBuffer/restoration_age_nutrient_retention_2014.pdf,pending,Namita-J,2026-08-06,"Namita-J to acquire PDF -> SharePoint library/riparian_buffer/. F2 restoration-age/regeneration trajectory x nutrient-retention T3 — high value, no free copy. | web-searched 2026-08: no free copy (institutional); check ResearchGate manually.",true
osborne_kovacic_buffer_wq_restoration_1993,riparian_buffer,natural_restored,T3,OSBORNE et al. (1993). Riparian vegetated buffer strips in water‐quality restoration and stream management. Freshwater Biology.,10.1111/j.1365-2427.1993.tb00761.x,https://scispace.com/pdf/riparian-vegetated-buffer-strips-in-water-quality-59fuwn9mky.pdf,oa,OA (websearch:semanticscholar/med),OA — browser/repository download (no institutional access needed),D591_Rural-Scan_NBS/2_Technical_&_Data/library/4_RiparianBuffer/osborne_kovacic_buffer_wq_restoration_1993.pdf,pending,Namita-J,2026-08-06,Namita-J to acquire. Seminal (950 cites) foundational T3 buffer-restoration reference; queue for corpus even if only for is_seminal grounding. | free PDF via semanticscholar [med]: https://scispace.com/pdf/riparian-vegetated-buffer-strips-in-water-quality-59fuwn9mky.pdf,true
page_nl_paludiculture_crop_suitability_model,wetland_management,peatland,T4,Modeling crop suitability for rewetting landscapes in the Netherlands across present and future climate scenarios. Agricultural Water Management (2026).,,https://www.researchgate.net/publication/400905969_Modeling_crop_suitability_for_rewetting_landscapes_in_the_Netherlands_across_present_and_future_climate_scenarios,oa,OA (websearch:researchgate/med),OA — browser/repository download (no institutional access needed),D591_Rural-Scan_NBS/2_Technical_&_Data/library/5_WetlandManagement/page_nl_paludiculture_crop_suitability_model.pdf,pending,Namita-J,2026-08-06,"Highest-value T4 suitability-modelling exemplar for F3 (water balance + soil texture + pH + water table). Namita-J to acquire via institutional access; upload PDF to SharePoint library/wetland_management/, set SRC.library_path. Not to be committed to git. | free PDF via researchgate [med]: https://www.researchgate.net/publication/400905969_Modeling_crop_suitability_for_rewetting_landscapes_in_the_Netherlands_across_present_and_future_climate_scenarios | DOI FAILED verification (doi_unresolved); original DOI blanked — acquire by TITLE.",false
jauhiainen_tropical_peat_hydro_restoration_2008,wetland_management,peatland,T3,Jauhiainen et al. (2008). CARBON DIOXIDE AND METHANE FLUXES IN DRAINED TROPICAL PEAT BEFORE AND AFTER HYDROLOGICAL RESTORATION. Ecology.,10.1890/07-2038.1,https://doi.org/10.1890/07-2038.1,paywalled,"paywalled (closed access, ESA journal)",Institutional access via CGIAR library,D591_Rural-Scan_NBS/2_Technical_&_Data/library/5_WetlandManagement/jauhiainen_tropical_peat_hydro_restoration_2008.pdf,pending,Namita-J,2026-08-06,Screened-in for tropical rewetting/water-table mechanism. Route to Namita-J for library upload; never commit PDF to git. | web-searched 2026-08: no free copy (institutional); check ResearchGate manually.,true
dohong_tropical_restoration_techniques_review_2018,wetland_management,peatland,T3,Dohong et al. (2018). A Review of Techniques for Effective Tropical Peatland Restoration. Wetlands.,10.1007/s13157-018-1017-6,https://doi.org/10.1007/s13157-018-1017-6,paywalled,"paywalled (Springer, closed)",Institutional access via CGIAR library,D591_Rural-Scan_NBS/2_Technical_&_Data/library/5_WetlandManagement/dohong_tropical_restoration_techniques_review_2018.pdf,pending,Namita-J,2026-08-06,High-value tropical technique review (rewetting/canal-blocking). Namita-J acquire -> SharePoint library/<wetland_management>. | web-searched 2026-08: no free copy (institutional); check ResearchGate manually.,true
harrison_seasia_peat_strategies_2021,wetland_management,peatland,T3,Mishra et al. (2021). Degradation of Southeast Asian tropical peatlands and integrated strategies for their better management and restoration. Journal of Applied Ecology.,10.1111/1365-2664.13905,https://doi.org/10.1111/1365-2664.13905,paywalled,"paywalled (Wiley, closed)",Institutional access via CGIAR library,D591_Rural-Scan_NBS/2_Technical_&_Data/library/5_WetlandManagement/harrison_seasia_peat_strategies_2021.pdf,pending,Namita-J,2026-08-06,Integrated SE-Asia restoration strategies incl. water-table + fire. Namita-J acquire. | web-searched 2026-08: no free copy (institutional); check ResearchGate manually.,true
tan_paludiculture_tropical_review_2020,wetland_management,peatland,T3,Tan et al. (2021). Paludiculture as a sustainable land use alternative for tropical peatlands: A review. Science of The Total Environment.,10.1016/j.scitotenv.2020.142111,https://doi.org/10.1016/j.scitotenv.2020.142111,paywalled,"paywalled (Elsevier, closed)",Institutional access via CGIAR library,D591_Rural-Scan_NBS/2_Technical_&_Data/library/5_WetlandManagement/tan_paludiculture_tropical_review_2020.pdf,pending,Namita-J,2026-08-06,Tropical paludiculture siting/species review. Namita-J acquire. | web-searched 2026-08: no free copy (institutional); check ResearchGate manually.,true
peatland_restoration_ecosystem_services_2016,wetland_management,peatland,T6,(2016). Peatland Restoration and Ecosystem Services. .,10.1017/cbo9781139177788,https://doi.org/10.1017/cbo9781139177788,paywalled,"paywalled (book, closed access)",Institutional access via CGIAR library,D591_Rural-Scan_NBS/2_Technical_&_Data/library/5_WetlandManagement/peatland_restoration_ecosystem_services_2016.pdf,pending,Namita-J,2026-08-06,T6 ecosystem-services framework across carbon/water/biodiversity. Namita-J: check CUP institutional access or chapter-level OA. | web-searched 2026-08: no free copy (institutional); check ResearchGate manually.,true
tropical_peatland_restoration_techniques_review_2018,wetland_management,peatland,T6,Dohong et al. (2018). A Review of Techniques for Effective Tropical Peatland Restoration. Wetlands.,10.1007/s13157-018-1017-6,https://doi.org/10.1007/s13157-018-1017-6,paywalled,"paywalled (Springer, closed)",Institutional access via CGIAR library,D591_Rural-Scan_NBS/2_Technical_&_Data/library/5_WetlandManagement/tropical_peatland_restoration_techniques_review_2018.pdf,pending,Namita-J,2026-08-06,TROPICAL restoration techniques + cost context. Check Springer access; possible green copy via ResearchGate. | web-searched 2026-08: no free copy (institutional); check ResearchGate manually.,true
paludiculture_tropical_peatland_landuse_2020,wetland_management,peatland,T6,Tan et al. (2021). Paludiculture as a sustainable land use alternative for tropical peatlands: A review. Science of The Total Environment.,10.1016/j.scitotenv.2020.142111,https://doi.org/10.1016/j.scitotenv.2020.142111,paywalled,"paywalled (Elsevier, closed)",Institutional access via CGIAR library,D591_Rural-Scan_NBS/2_Technical_&_Data/library/5_WetlandManagement/paludiculture_tropical_peatland_landuse_2020.pdf,pending,Namita-J,2026-08-06,Core F3 paludiculture-tropical review (T6 production + carbon). Check Elsevier/institutional access. | web-searched 2026-08: no free copy (institutional); check ResearchGate manually.,true
cheng_2020_us_nitrate_removal_wetland_restoration,wetland_management,restoration_rewetting,T6,"Cheng, F.Y. et al. (2020) Maximizing US nitrate removal through wetland protection and restoration. Nature 588.",,https://www.tularebasinwatershedpartnership.org/files/2d39176a3/maximizing_us_nitrate_removal_through_wetland_protection_and_restoration_-_cheng_et_al._2020__1_.pdf,oa,OA (websearch:project-site/med),OA — browser/repository download (no institutional access needed),D591_Rural-Scan_NBS/2_Technical_&_Data/library/5_WetlandManagement/cheng_2020_us_nitrate_removal_wetland_restoration.pdf,pending,Namita-J,2026-08-06,High-value T6 water-quality (N removal) + siting-prioritisation. DOI to confirm at fetch. Assign Namita-J. | free PDF via project-site [med]: https://www.tularebasinwatershedpartnership.org/files/2d39176a3/maximizing_us_nitrate_removal_through_wetland_protection_and_restoration_-_cheng_et_al._2020__1_.pdf,
erwin_2009_wetland_restoration_climate_change,wetland_management,restoration_rewetting,T6,"Erwin, K.L. (2009) Wetlands and global climate change: the role of wetland restoration in a changing world. Wetlands Ecology and Management 17.",,https://www.environment.com/wp-content/uploads/2009/01/fulltext.pdf,oa,OA (websearch:publisher-OA/high),OA — browser/repository download (no institutional access needed),D591_Rural-Scan_NBS/2_Technical_&_Data/library/5_WetlandManagement/erwin_2009_wetland_restoration_climate_change.pdf,pending,Namita-J,2026-08-06,Seminal climate-role review; check for OA green copy. Assign Namita-J. | free PDF via publisher-OA [high]: https://www.environment.com/wp-content/uploads/2009/01/fulltext.pdf,
balancing_2022_floodplain_reconnection_wetland_restoration,wetland_management,restoration_rewetting,T6,Worley et al. (2023). Balancing multiple stakeholder objectives for floodplain reconnection and wetland restoration. Journal of Environmental Management.,10.1016/j.jenvman.2022.116648,https://doi.org/10.1016/j.jenvman.2022.116648,paywalled,Elsevier paywall,Institutional access via CGIAR library,D591_Rural-Scan_NBS/2_Technical_&_Data/library/5_WetlandManagement/balancing_2022_floodplain_reconnection_wetland_restoration.pdf,pending,Namita-J,2026-08-06,Floodplain-reconnection multi-objective trade-offs; check institutional access. Assign Namita-J. | web-searched 2026-08: no free copy (institutional); check ResearchGate manually.,true
upper_mississippi_flood_reduction_1995,wetland_management,restoration_rewetting,T3,"Hey, D.L. & Philippi, N.S. (1995). Flood Reduction through Wetland Restoration: The Upper Mississippi River Basin as a Case History. Restoration Ecology.",,https://openalex.org/W1990227083,paywalled,closed_access,Institutional access via CGIAR library,D591_Rural-Scan_NBS/2_Technical_&_Data/library/5_WetlandManagement/upper_mississippi_flood_reduction_1995.pdf,pending,Namita-J,2026-08-06,Seminal T3 flood-attenuation case. Find DOI + PDF; Namita-J to acquire to SharePoint library (never git). | web-searched 2026-08: no free copy (institutional); check ResearchGate manually.,
synoptic_prioritize_flood_attenuation_2000,wetland_management,restoration_rewetting,T3,A synoptic assessment for prioritizing wetland restoration efforts to optimize flood attenuation (2000).,,https://openalex.org/W2047916243,paywalled,closed_access,Institutional access via CGIAR library,D591_Rural-Scan_NBS/2_Technical_&_Data/library/5_WetlandManagement/synoptic_prioritize_flood_attenuation_2000.pdf,pending,Namita-J,2026-08-06,Siting+attenuation. Acquire PDF via Namita-J. | web-searched 2026-08: no free copy (institutional); check ResearchGate manually.,
spatial_targeting_floodplain_equity_2020,wetland_management,restoration_rewetting,T3,Spatial targeting of floodplain restoration to equitably mitigate flood risk (2020).,,https://www.jessegourevitch.com/s/Gourevitch-et-al-2020.pdf,oa,OA (websearch:author-site/high),OA — browser/repository download (no institutional access needed),D591_Rural-Scan_NBS/2_Technical_&_Data/library/5_WetlandManagement/spatial_targeting_floodplain_equity_2020.pdf,pending,Namita-J,2026-08-06,Flood-risk + equity siting. Acquire PDF. | free PDF via author-site [high]: https://www.jessegourevitch.com/s/Gourevitch-et-al-2020.pdf,
floodplain_restoration_flood_risk_lower_missouri_2015,wetland_management,restoration_rewetting,T3,"The Role of Floodplain Restoration in Mitigating Flood Risk, Lower Missouri River, USA (2015).",,https://openalex.org/W347982419,paywalled,closed_access,Institutional access via CGIAR library,D591_Rural-Scan_NBS/2_Technical_&_Data/library/5_WetlandManagement/floodplain_restoration_flood_risk_lower_missouri_2015.pdf,pending,Namita-J,2026-08-06,Quantified flood-risk reduction. Acquire PDF. | possible free copy (LOW conf-verify): https://www.usgs.gov/publications/role-floodplain-restoration-mitigating-flood-risk-lower-missouri-river-usa,
wetland_restoration_prioritizing_reduce_drought_2018,wetland_management,restoration_rewetting,T3,"Wetland restoration prioritizing, a tool to reduce negative effects of drought (2018).",,https://openalex.org/W2781712938,paywalled,closed_access,Institutional access via CGIAR library,D591_Rural-Scan_NBS/2_Technical_&_Data/library/5_WetlandManagement/wetland_restoration_prioritizing_reduce_drought_2018.pdf,pending,Namita-J,2026-08-06,Key DROUGHT-lens source (rare). Prioritise acquisition. | web-searched 2026-08: no free copy (institutional); check ResearchGate manually.,
comparing_mcda_prioritize_wetland_sites_2017,wetland_management,restoration_rewetting,T3,Comparing Two Multi-Criteria Methods for Prioritizing Wetland Restoration and Creation Sites (2017).,,https://openalex.org/W2580094717,paywalled,closed_access,Institutional access via CGIAR library,D591_Rural-Scan_NBS/2_Technical_&_Data/library/5_WetlandManagement/comparing_mcda_prioritize_wetland_sites_2017.pdf,pending,Namita-J,2026-08-06,MCDA method for our engine. Acquire PDF. | web-searched 2026-08: no free copy (institutional); check ResearchGate manually.,
floodplain_stage0_flood_attenuation_2022,wetland_management,restoration_rewetting,T3,Impact of floodplain and Stage 0 stream restoration on flood attenuation and floodplain expansion (2022).,,https://openalex.org/W4308469710,paywalled,hybrid_verify_oa,Institutional access via CGIAR library,D591_Rural-Scan_NBS/2_Technical_&_Data/library/5_WetlandManagement/floodplain_stage0_flood_attenuation_2022.pdf,pending,Namita-J,2026-08-06,"Hybrid OA - check for free full text first; if gated, Namita-J acquire. | possible free copy (LOW conf-verify): https://vtechworks.lib.vt.edu/items/55e13586-40ae-4b42-8f98-8deab0a99180",
ramsar_bn10_restoration_climate_resilience,wetland_management,restoration_rewetting,T3,Ramsar Convention (2023). Briefing Note 10: Wetland restoration for climate change resilience.,,https://www.ramsar.org/sites/default/files/2023-07/bn10_restoration_climate_change_s.pdf,paywalled,webfetch_403_bot_block,Institutional access via CGIAR library,D591_Rural-Scan_NBS/2_Technical_&_Data/library/5_WetlandManagement/ramsar_bn10_restoration_climate_resilience.pdf,pending,Namita-J,2026-08-06,"Publicly downloadable in a browser (403 only to automated fetch). Download EN+ES, cache snapshot; not paywalled. | web-searched 2026-08: no free copy (institutional); check ResearchGate manually.",
wetland_solutions_extreme_flood_drought_efficiency_2023,wetland_management,restoration_rewetting,T3,Wetland-based solutions against extreme flood and severe drought: efficiency evaluation of risk mitigation (2023). Climate Risk Management.,,https://www.sciencedirect.com/science/article/pii/S2212096323000311,paywalled,paywalled,Institutional access via CGIAR library,D591_Rural-Scan_NBS/2_Technical_&_Data/library/5_WetlandManagement/wetland_solutions_extreme_flood_drought_efficiency_2023.pdf,pending,Namita-J,2026-08-06,Reclassify to updated_lit on registration. Check OA mirror / green copy before Namita-J acquires. | web-searched 2026-08: no free copy (institutional); check ResearchGate manually.,
combined_hydro_landscape_2005,wetland_management,restoration_rewetting,T4,Newbold (2005). A combined hydrologic simulation and landscape design model to prioritize sites for wetlands restoration. Environmental Modeling &amp; Assessment.,10.1007/s10666-005-9002-x,https://doi.org/10.1007/s10666-005-9002-x,paywalled,paywalled_springer,Institutional access via CGIAR library,D591_Rural-Scan_NBS/2_Technical_&_Data/library/5_WetlandManagement/combined_hydro_landscape_2005.pdf,pending,Namita-J,2026-08-06,Screened-IN seminal siting model; needs PDF to SharePoint library/wetland_management/. Namita-J. | web-searched 2026-08: no free copy (institutional); check ResearchGate manually.,true
mcda_two_methods_wetland_2017,wetland_management,restoration_rewetting,T4,"Darwiche-Criado et al. (2017). Comparing Two Multi-Criteria Methods for Prioritizing Wetland Restoration and Creation Sites Based on Ecological, Biophysical and Socio-Economic Factors. Water Resources Management.",10.1007/s11269-017-1572-2,https://doi.org/10.1007/s11269-017-1572-2,paywalled,paywalled_springer,Institutional access via CGIAR library,D591_Rural-Scan_NBS/2_Technical_&_Data/library/5_WetlandManagement/mcda_two_methods_wetland_2017.pdf,pending,Namita-J,2026-08-06,MCDA weighting evidence for T4. Namita-J to acquire. | web-searched 2026-08: no free copy (institutional); check ResearchGate manually.,true
riparian_restoration_nutrient_hydro_2021,wetland_management,restoration_rewetting,T4,Wu et al. (2021). Hydroclimatic variability and riparian wetland restoration control the hydrology and nutrient fluxes in a lowland agricultural catchment. Journal of Hydrology.,10.1016/j.jhydrol.2021.126904,https://doi.org/10.1016/j.jhydrol.2021.126904,paywalled,paywalled_elsevier,Institutional access via CGIAR library,D591_Rural-Scan_NBS/2_Technical_&_Data/library/5_WetlandManagement/riparian_restoration_nutrient_hydro_2021.pdf,pending,Namita-J,2026-08-06,Screen for extractable T4 water-table/connectivity thresholds before commit. Namita-J. | web-searched 2026-08: no free copy (institutional); check ResearchGate manually.,true
watershed_restoration_targets_hydro_2022,wetland_management,restoration_rewetting,T4,Goyette et al. (2022). Setting Targets for Wetland Restoration to Mitigate Climate Change Effects on Watershed Hydrology. Environmental Management.,10.1007/s00267-022-01763-z,https://doi.org/10.1007/s00267-022-01763-z,paywalled,paywalled_springer,Institutional access via CGIAR library,D591_Rural-Scan_NBS/2_Technical_&_Data/library/5_WetlandManagement/watershed_restoration_targets_hydro_2022.pdf,pending,Namita-J,2026-08-06,Namita-J to acquire. | web-searched 2026-08: no free copy (institutional); check ResearchGate manually.,true
water_table_methane_wetland_2022,wetland_management,restoration_rewetting,T4,Yang et al. (2022). Impact of Water Table on Methane Emission Dynamics in Terrestrial Wetlands and Implications on Strategies for Wetland Management and Restoration. Wetlands.,10.1007/s13157-022-01634-7,https://doi.org/10.1007/s13157-022-01634-7,paywalled,paywalled_springer,Institutional access via CGIAR library,D591_Rural-Scan_NBS/2_Technical_&_Data/library/5_WetlandManagement/water_table_methane_wetland_2022.pdf,pending,Namita-J,2026-08-06,Water-table limiter (T4) + GHG (T6). Namita-J. | web-searched 2026-08: no free copy (institutional); check ResearchGate manually.,true
gis_riparian_siting_russell_1997,wetland_management,restoration_rewetting,T4,Russell et al. (1997). The Role of GIS in Selecting Sites for Riparian Restoration Based on Hyderology and Land Use. Restoration Ecology.,10.1111/j.1526-100X.1997.tb00205.x,https://onlinelibrary.wiley.com/doi/10.1111/j.1526-100X.1997.tb00205.x,paywalled,paywalled_wiley,Institutional access via CGIAR library,D591_Rural-Scan_NBS/2_Technical_&_Data/library/5_WetlandManagement/gis_riparian_siting_russell_1997.pdf,pending,Namita-J,2026-08-06,Near-seminal GIS siting (wetness/land-use). Namita-J; low priority if newer sources saturate. | web-searched 2026-08: no free copy (institutional); check ResearchGate manually.,true
oa_instream_wetland_creation_suitability_2025,wetland_management,creation,T4,Guamán Pintado et al. (2025). Finding suitable locations for in-stream wetland creation/restoration: comparing suitability analysis with machine learning approach&amp;#160;. .,10.5194/egusphere-egu25-17250,https://doi.org/10.5194/egusphere-egu25-17250,oa,OA (Unpaywall:None),OA — browser/repository download (no institutional access needed),D591_Rural-Scan_NBS/2_Technical_&_Data/library/5_WetlandManagement/oa_instream_wetland_creation_suitability_2025.pdf,pending,Namita-J,2026-08-06,Conference abstract only; monitor for the full peer-reviewed paper before extraction. Namita-J. | OA via Unpaywall (None),true
oa_semiarid_created_wetland_water_quality_2007,wetland_management,creation,T4,Creating wetlands for the improvement of water quality and landscape restoration in semi-arid zones degraded by agriculture (2007).,,https://openalex.org/W2092608873,paywalled,access_unverified,Institutional access via CGIAR library,D591_Rural-Scan_NBS/2_Technical_&_Data/library/5_WetlandManagement/oa_semiarid_created_wetland_water_quality_2007.pdf,pending,Namita-J,2026-08-06,OA status not confirmed; if paywalled route to SharePoint library on screen-in. Namita-J. | web-searched 2026-08: no free copy (institutional); check ResearchGate manually.,
creating_riverine_wetlands_nutrient_pulsing_2005,wetland_management,creation,T3,"Mitsch et al. (2005) Creating riverine wetlands: Ecological succession, nutrient retention, and pulsing effects. Ecological Engineering.",,https://openalex.org (title.search:'created wetland'),paywalled,paywalled (closed access); DOI not captured in discovery (OpenAlex budget exhausted before per-work fetch),Institutional access via CGIAR library,D591_Rural-Scan_NBS/2_Technical_&_Data/library/5_WetlandManagement/creating_riverine_wetlands_nutrient_pulsing_2005.pdf,pending,Namita-J,2026-08-06,Screened-in stock source (T3 nutrient retention + flood pulsing). Namita-J to acquire PDF -> SharePoint library/wetland_management/; set SRC.library_path. Confirm DOI on retrieval. | web-searched 2026-08: no free copy (institutional); check ResearchGate manually.,
tropical_peatland_restoration_reduces_fire_2026,wetland_management,creation,T3,Salmayenti et al. (2026). Tropical Peatland Restoration Reduces Fire Occurrence. Geophysical Research Letters.,10.1029/2025GL121564,https://doi.org/10.1029/2025gl121564,oa,OA (Unpaywall:publisher),OA — browser/repository download (no institutional access needed),D591_Rural-Scan_NBS/2_Technical_&_Data/library/5_WetlandManagement/tropical_peatland_restoration_reduces_fire_2026.pdf,pending,Namita-J,2026-08-06,High-relevance F3 peat-fire T3 counterfactual. Namita-J to acquire -> SharePoint (PDF NOT in git). Check for AGU OA/accepted-manuscript version first. | OA via Unpaywall (publisher),true
ahlen_wetland_position_storage_flood_2022,wetland_management,creation,T3,Åhlén et al. (2022). Wetland position in the landscape: Impact on water storage and flood buffering. Ecohydrology.,10.1002/eco.2458,https://doi.org/10.1002/eco.2458,oa,OA (Unpaywall:publisher),OA — browser/repository download (no institutional access needed),D591_Rural-Scan_NBS/2_Technical_&_Data/library/5_WetlandManagement/ahlen_wetland_position_storage_flood_2022.pdf,pending,Namita-J,2026-08-06,"High-relevance T3 flood/water-storage + siting. Verify OA; if free, ingest directly (no queue). If paywalled, Namita-J acquire -> SharePoint. | OA via Unpaywall (publisher)",true
paludiculture_tropical_review_2020,wetland_management,creation,T6,Tan et al. (2021). Paludiculture as a sustainable land use alternative for tropical peatlands: A review. Science of The Total Environment.,10.1016/j.scitotenv.2020.142111,https://doi.org/10.1016/j.scitotenv.2020.142111,paywalled,"paywalled (Elsevier, closed OA status)",Institutional access via CGIAR library,D591_Rural-Scan_NBS/2_Technical_&_Data/library/5_WetlandManagement/paludiculture_tropical_review_2020.pdf,pending,Namita-J,2026-08-06,"High value: tropical-peat LMIC review for T6 carbon+cost. Namita-J to source via institutional access or request; upload PDF to SharePoint library/wetland_management/, set SRC.library_path. Never commit PDF to git. | web-searched 2026-08: no free copy (institutional); check ResearchGate manually.",true
wl_creation_ag_biodiv_2009,wetland_management,creation,T6,Thiere et al. (2009). Wetland creation in agricultural landscapes: Biodiversity benefits on local and regional scales. Biological Conservation.,10.1016/j.biocon.2009.01.006,https://www.lunduniversity.lu.se/lup/publication/e026202a-32ab-4eef-a38b-db58dcf4c1d4,oa,OA (websearch:university-repo/med),OA — browser/repository download (no institutional access needed),D591_Rural-Scan_NBS/2_Technical_&_Data/library/5_WetlandManagement/wl_creation_ag_biodiv_2009.pdf,pending,Namita-J,2026-08-06,Core F2 creation-on-farmland biodiversity T6 source (205 cites). Namita-J institutional access; SharePoint + SRC.library_path. | free PDF via university-repo [med]: https://www.lunduniversity.lu.se/lup/publication/e026202a-32ab-4eef-a38b-db58dcf4c1d4,true
